Activity ID,Activity Date,Activity Name,Activity Type,Activity Description,Elapsed Time,Distance,Max Heart Rate,Relative Effort,Commute,Activity Private Note,Activity Gear,Filename,Athlete Weight,Bike Weight,Elapsed Time,Moving Time,Distance,Max Speed,Average Speed,Elevation Gain,Elevation Loss,Elevation Low,Elevation High,Max Grade,Average Grade,Average Positive Grade,Average Negative Grade,Max Cadence,Average Cadence,Max Heart Rate,Average Heart Rate,Max Watts,Average Watts,Calories,Max Temperature,Average Temperature,Relative Effort,Total Work,Number of Runs,Uphill Time,Downhill Time,Other Time,Perceived Exertion,Type,Start Time,Weighted Average Power,Power Count,Prefer Perceived Exertion,Perceived Relative Effort,Commute,Total Weight Lifted,From Upload,Grade Adjusted Distance,Weather Observation Time,Weather Condition,Weather Temperature,Apparent Temperature,Dewpoint,Humidity,Weather Pressure,Wind Speed,Wind Gust,Wind Bearing,Precipitation Intensity,Sunrise Time,Sunset Time,Moon Phase,Bike,Gear,Precipitation Probability,Precipitation Type,Cloud Cover,Weather Visibility,UV Index,Weather Ozone,Jump Count,Total Grit,Average Flow,Flagged,Average Elapsed Speed,Dirt Distance,Newly Explored Distance,Newly Explored Dirt Distance,Activity Count,Total Steps,Carbon Saved,Pool Length,Training Load,Intensity,Average Grade Adjusted Pace,Timer Time,Total Cycles,Recovery,With Pet,Competition,Long Run,For a Cause,With Kid,Downhill Distance,Total Sets,Total Reps,Media
18313286805,"Apr 29, 2026, 11:45:42 PM",Evening run,Run,"",1826,4.98,199.0,110,false,,Nike Streakfly,activities/19416877364.fit.gz,,,1826.0,1685.0,4982.8,5.56,2.957,50.0,53.0,125.0,151.2,18.5,0.0,,,97.0,90.0,199.0,178.0,,275.0,327.0,,,110.0,460185.0,,,,,,,,266.0,1827.0,,,0.0,,1.0,5100.7,,,,,,,,,,,,,,,,25076153.0,,,,,,,,,,,2.729,0.0,,,,5022.0,0.0,,168.0,182.0,3.027,,,0.0,0.0,,,,0.0,,,,""
18299902424,"Apr 28, 2026, 11:38:28 PM",Evening weight lift,Weight Training,"",3262,0,128.0,9,false,,,activities/19403386918.fit.gz,,,3262.0,3262.0,0.0,0.0,0.0,0.0,0.0,101.8,112.6,0.0,0.0,,,88.0,55.0,128.0,103.0,,,212.0,,,9.0,,,,,,,,,,,,,0.0,,1.0,,,,,,,,,,,,,,,,,,,,,,,,,,,,0.0,0.0,,,,,0.0,,,,,,232.0,0.0,0.0,,,,0.0,,,,media/0102B344-6FA1-47EB-A082-B73F76A38790.jpg
18285733374,"Apr 27, 2026, 11:39:02 PM",Evening run,Run,"",2020,6.07,198.0,144,false,,Nike Streakfly,activities/19389125528.fit.gz,,,2020.0,1940.0,6072.1,3.8,3.13,69.0,70.0,119.6,149.0,46.2,0.0,,,91.0,88.0,198.0,186.0,,300.0,407.0,,,144.0,580095.0,,,,,,,,297.0,2021.0,,,0.0,,1.0,6269.9,,,,,,,,,,,,,,,,25076153.0,,,,,,,,,,,3.006,0.0,,,,5704.0,0.0,,231.0,203.0,3.232,,,0.0,0.0,,,,0.0,,,,""
18191195324,"Apr 20, 2026, 11:35:20 PM",Evening run,Run,"",2113,5.74,196.0,132,false,,Nike Streakfly,activities/19293786529.fit.gz,,,2113.0,1927.0,5748.6,4.8,2.983,49.0,54.0,134.4,154.8,29.8,0.0,,,92.0,88.0,196.0,179.0,,282.0,384.0,,,132.0,539789.0,,,,,,,,272.0,2114.0,,,0.0,,1.0,5855.4,,,,,,,,,,,,,,,,25076153.0,,,,,,,,,,,2.721,0.0,,,,5650.0,0.0,,203.0,186.0,3.039,,,0.0,0.0,,,,0.0,,,,""
18139762789,"Apr 17, 2026, 1:12:27 AM",Evening core,Workout,"",1942,0,127.0,6,false,,,activities/19241831956.fit.gz,,,1942.0,1942.0,0.0,0.0,0.0,0.0,0.0,123.2,139.0,0.0,0.0,,,71.0,61.0,127.0,108.0,,,150.0,,,6.0,,,,,,,,,,,,,0.0,,1.0,,,,,,,,,,,,,,,,,,,,,,,,,,,,0.0,0.0,,,,,0.0,,,,,,116.0,0.0,0.0,,,,0.0,,,,media/196D92EB-BCFA-4165-B55D-95E77B581911.jpg
18139516234,"Apr 17, 2026, 12:07:13 AM",Evening weight lift,Weight Training,"",3628,0,154.0,13,false,,,activities/19241583560.fit.gz,,,3628.0,3628.0,0.0,0.0,0.0,0.0,0.0,116.4,159.8,0.0,0.0,,,93.0,59.0,154.0,111.0,,,270.0,,,13.0,,,,,,,,,,,,,0.0,,1.0,,,,,,,,,,,,,,,,,,,,,,,,,,,,0.0,0.0,,,,,0.0,,,,,,250.0,0.0,0.0,,,,0.0,,,,media/9C2F6D6A-25ED-4E24-8504-B2B6C4A9CD4E.jpg
18126095072,"Apr 16, 2026, 12:11:04 AM",Evening run,Run,🎵 tn 🎵,2456,6.71,185.0,143,false,,Nike Streakfly,activities/19228060867.fit.gz,,,2456.0,2437.0,6712.8,3.78,2.755,39.0,40.0,124.2,151.8,9.1,0.0,,,94.0,89.0,185.0,171.0,,257.0,463.0,,,143.0,626996.0,,,,,,,,256.0,2457.0,,,0.0,,1.0,6798.6,,,,,,,,,,,,,,,,25076153.0,,,,,,,,,,,2.733,0.0,,,,7248.0,0.0,,209.0,175.0,2.79,,,0.0,0.0,,,,0.0,,,,""
18125743003,"Apr 15, 2026, 11:55:19 PM",Evening walk,Walk,"",920,0.94,120.0,2,false,,,activities/19227707530.fit.gz,,,920.0,920.0,948.3,1.471,1.031,3.0,1.0,125.0,130.0,8.0,0.4,,,60.0,55.0,120.0,104.0,,,55.0,,,2.0,,,,,,,,,,,,,0.0,,1.0,,,,,,,,,,,,,,,,,,,,,,,,,,,,1.031,0.0,,,,1656.0,0.0,,,,,,,0.0,0.0,,,,0.0,,,,""
18112902962,"Apr 15, 2026, 1:04:14 AM",Evening core,Workout,"",1773,0,132.0,6,false,,,activities/19214769505.fit.gz,,,1773.0,1773.0,0.0,0.0,0.0,0.0,0.0,308.0,309.4,0.0,0.0,,,,,132.0,112.0,,,160.0,,,6.0,,,,,,,,,,,,,0.0,,1.0,,,,,,,,,,,,,,,,,,,,,,,,,,,,0.0,0.0,,,,,0.0,,,,,,56.0,0.0,0.0,,,,0.0,,,,media/38A4944A-EC55-47D1-92C8-F4FF9CDD9C7E.jpg
18112648382,"Apr 15, 2026, 12:07:19 AM",Evening weight lift,Weight Training,"",3158,0,141.0,13,false,,,activities/19214513553.fit.gz,,,3158.0,3158.0,0.0,0.0,0.0,0.0,0.0,305.6,310.8,0.0,0.0,,,62.0,53.0,141.0,119.0,,,302.0,,,13.0,,,,,,,,,,,,,0.0,,1.0,,,,,,,,,,,,,,,,,,,,,,,,,,,,0.0,0.0,,,,,0.0,,,,,,320.0,0.0,0.0,,,,0.0,,,,media/0055C809-1F38-47F9-A119-BFADC336395D.jpg
18098062754,"Apr 13, 2026, 11:17:01 PM",Evening run,Run,First run back. And it shows.,1862,5.04,189.0,96,false,,Nike Streakfly,activities/19199845186.fit.gz,,,1862.0,1770.0,5046.8,4.48,2.851,50.0,65.0,136.4,175.4,14.0,0.0,,,92.0,88.0,189.0,169.0,,271.0,341.0,,,96.0,477925.0,,,,,,,,267.0,1864.0,,,0.0,,1.0,5139.6,,,,,,,,,,,,,,,,25076153.0,,,,,,,,,,,2.71,0.0,,,,5166.0,0.0,,173.0,183.0,2.904,,,0.0,0.0,,,,0.0,,,,""
18097687235,"Apr 13, 2026, 11:01:26 PM",Evening walk,Walk,"",894,1.23,122.0,3,false,,,activities/19199469072.fit.gz,,,894.0,894.0,1237.9,1.827,1.385,19.0,19.0,137.0,150.4,15.8,-0.1,,,62.0,59.0,122.0,112.0,,,76.0,,,3.0,,,,,,,,,,,,,0.0,,1.0,,,,,,,,,,,,,,,,,,,,,,,,,,,,1.385,0.0,,,,1768.0,0.0,,,,,,,0.0,0.0,,,,0.0,,,,""
17993711977,"Apr 6, 2026, 12:44:24 AM",Evening core,Workout,"",2004,0,149.0,10,false,,,activities/19094286969.fit.gz,,,2004.0,2004.0,0.0,0.0,0.0,0.0,0.0,165.2,169.6,0.0,0.0,,,64.0,51.0,149.0,124.0,,,234.0,,,10.0,,,,,,,,,,,,,0.0,,1.0,,,,,,,,,,,,,,,,,,,,,,,,,,,,0.0,0.0,,,,,0.0,,,,,,178.0,0.0,0.0,,,,0.0,,,,media/8301658F-5BFF-4009-ACD6-4EBFA7900A1F.jpg
17993529306,"Apr 5, 2026, 11:44:01 PM",Evening weight lift,Weight Training,"",3420,0,159.0,28,false,,,activities/19094102823.fit.gz,,,3420.0,3420.0,0.0,0.0,0.0,0.0,0.0,170.2,176.6,0.0,0.0,,,125.0,60.0,159.0,129.0,,,416.0,,,28.0,,,,,,,,,,,,,0.0,,1.0,,,,,,,,,,,,,,,,,,,,,,,,,,,,0.0,0.0,,,,,0.0,,,,,,784.0,0.0,0.0,,,,0.0,,,,media/165B1090-C7A0-45ED-8FCF-C2E3DD4CDFBE.jpg
17864629530,"Mar 26, 2026, 11:53:44 AM",Morning core,Workout,"",1636,1.15,133.0,1,false,,,activities/18964175759.fit.gz,,,1636.0,458.0,1153.5,13.991,2.519,0.0,0.0,176.8,178.8,16.0,0.0,,,51.0,0.0,133.0,115.0,,,151.0,,,1.0,,,,,,,,,,,,,0.0,,1.0,,,,,,,,,,,,,,,,,,,,,,,,,,,,0.705,0.0,,,,,0.0,,,,,,100.0,0.0,0.0,,,,0.0,,,,media/7C0D8F8F-2385-40E6-BC04-3F028ADEE3BE.jpg
17864246759,"Mar 26, 2026, 10:50:41 AM",Morning weight lift,Weight Training,"",3491,0,148.0,13,false,,,activities/18963791131.fit.gz,,,3491.0,3491.0,0.0,0.0,0.0,0.0,0.0,286.8,291.2,0.0,0.0,,,65.0,51.0,148.0,111.0,,,312.0,,,13.0,,,,,,,,,,,,,0.0,,1.0,,,,,,,,,,,,,,,,,,,,,,,,,,,,0.0,0.0,,,,,0.0,,,,,,366.0,0.0,0.0,,,,0.0,,,,media/AB532B13-F7B5-43A9-AC6C-4B758D57ABE4.jpg
17826814417,"Mar 23, 2026, 11:46:21 AM",Morning core,Workout,"",1724,0,124.0,5,false,,,activities/18926228190.fit.gz,,,1724.0,1724.0,0.0,0.0,0.0,0.0,0.0,255.0,260.0,0.0,0.0,,,88.0,51.0,124.0,104.0,,,138.0,,,5.0,,,,,,,,,,,,,0.0,,1.0,,,,,,,,,,,,,,,,,,,,,,,,,,,,0.0,0.0,,,,,0.0,,,,,,120.0,0.0,0.0,,,,0.0,,,,media/206C3D1D-9384-4E70-9D6E-CC2D84A4C1CB.jpg
17826420710,"Mar 23, 2026, 10:51:30 AM",Morning weight lift,Weight Training,"",2975,0,127.0,7,false,,,activities/18925833140.fit.gz,,,2975.0,2975.0,0.0,0.0,0.0,0.0,0.0,260.0,271.2,0.0,0.0,,,68.0,47.0,127.0,99.0,,,202.0,,,7.0,,,,,,,,,,,,,0.0,,1.0,,,,,,,,,,,,,,,,,,,,,,,,,,,,0.0,0.0,,,,,0.0,,,,,,252.0,0.0,0.0,,,,0.0,,,,media/3DE6F295-C0A7-4A17-9227-29CB27023A34.jpg
17790271471,"Mar 20, 2026, 11:47:06 AM",Morning core,Workout,"",1855,0,135.0,6,false,,,activities/18889299100.fit.gz,,,1855.0,1855.0,0.0,0.0,0.0,0.0,0.0,291.0,293.8,0.0,0.0,,,74.0,58.0,135.0,112.0,,,179.0,,,6.0,,,,,,,,,,,,,0.0,,1.0,,,,,,,,,,,,,,,,,,,,,,,,,,,,0.0,0.0,,,,,0.0,,,,,,66.0,0.0,0.0,,,,0.0,,,,media/5DCEAACA-4EF1-4517-B122-18BA3A9870D4.jpg
17789869331,"Mar 20, 2026, 10:51:06 AM",Morning weight lift,Weight Training,"",3113,0,134.0,9,false,,,activities/18888894673.fit.gz,,,3113.0,3113.0,0.0,0.0,0.0,0.0,0.0,289.6,294.4,0.0,0.0,,,88.0,67.0,134.0,106.0,,,242.0,,,9.0,,,,,,,,,,,,,0.0,,1.0,,,,,,,,,,,,,,,,,,,,,,,,,,,,0.0,0.0,,,,,0.0,,,,,,222.0,0.0,0.0,,,,0.0,,,,media/10C1A923-D124-4D9D-B94C-DA79A77FD817.jpg
17765912280,"Mar 18, 2026, 11:56:00 AM",Morning core,Workout,"",1870,0,131.0,5,false,,,activities/18864809868.fit.gz,,,1870.0,1870.0,0.0,0.0,0.0,0.0,0.0,286.0,291.4,0.0,0.0,,,61.0,48.0,131.0,107.0,,,155.0,,,5.0,,,,,,,,,,,,,0.0,,1.0,,,,,,,,,,,,,,,,,,,,,,,,,,,,0.0,0.0,,,,,0.0,,,,,,78.0,0.0,0.0,,,,0.0,,,,media/F4FF7C0B-942D-495E-BC4B-87C95D015010.jpg
17765466788,"Mar 18, 2026, 10:45:50 AM",Morning weight lift,Weight Training,"",3869,0,153.0,14,false,,,activities/18864363223.fit.gz,,,3869.0,3869.0,0.0,0.0,0.0,0.0,0.0,288.2,293.2,0.0,0.0,,,75.0,61.0,153.0,104.0,,,302.0,,,14.0,,,,,,,,,,,,,0.0,,1.0,,,,,,,,,,,,,,,,,,,,,,,,,,,,0.0,0.0,,,,,0.0,,,,,,392.0,0.0,0.0,,,,0.0,,,,media/87102C30-23BF-455F-A284-3F417992C5B4.jpg
17741561997,"Mar 16, 2026, 12:05:46 PM",Morning core,Workout,"",1802,0,129.0,5,false,,,activities/18840405935.fit.gz,,,1802.0,1802.0,0.0,0.0,0.0,0.0,0.0,270.8,276.4,0.0,0.0,,,75.0,58.0,129.0,108.0,,,152.0,,,5.0,,,,,,,,,,,,,0.0,,1.0,,,,,,,,,,,,,,,,,,,,,,,,,,,,0.0,0.0,,,,,0.0,,,,,,158.0,0.0,0.0,,,,0.0,,,,media/21361EAC-5AF3-4ABC-A13B-00EBF749414B.jpg
17741178505,"Mar 16, 2026, 11:02:41 AM",Morning weight lift,Weight Training,"",3391,0,145.0,11,false,,,activities/18840019847.fit.gz,,,3391.0,3391.0,0.0,0.0,0.0,0.0,0.0,269.0,278.6,0.0,0.0,,,69.0,59.0,145.0,108.0,,,274.0,,,11.0,,,,,,,,,,,,,0.0,,1.0,,,,,,,,,,,,,,,,,,,,,,,,,,,,0.0,0.0,,,,,0.0,,,,,,366.0,0.0,0.0,,,,0.0,,,,media/3FE6B964-8DA2-4A1B-9A1F-BC98B3D22FD2.jpg
17607340874,"Mar 4, 2026, 11:04:45 PM",Afternoon core,Workout,"",2008,0.92,149.0,7,false,,,activities/18705219738.fit.gz,,,2008.0,1587.0,926.1,2.457,0.584,3.0,4.0,217.2,219.8,14.0,0.0,,,64.0,44.0,149.0,122.0,,,231.0,,,7.0,,,,,,,,,,,,,0.0,,1.0,,,,,,,,,,,,,,,,,,,,,,,,,,,,0.461,0.0,,,,,0.0,,,,,,90.0,0.0,0.0,,,,0.0,,,,""
17606988885,"Mar 4, 2026, 10:11:11 PM",Afternoon weight lift,Weight Training,"",2930,0.12,151.0,0,false,,,activities/18704866942.fit.gz,,,2930.0,192.0,121.8,1.6,0.634,0.0,0.0,216.6,219.6,9.4,0.8,,,79.0,47.0,151.0,118.0,,,304.0,,,0.0,,,,,,,,,,,,,0.0,,1.0,,,,,,,,,,,,,,,,,,,,,,,,,,,,0.042,0.0,,,,,0.0,,,,,,576.0,0.0,0.0,,,,0.0,,,,""
17499948533,"Feb 23, 2026, 11:01:33 PM",Afternoon core,Workout,"",1839,0.71,150.0,6,false,,,activities/18597316340.fit.gz,,,1839.0,1187.0,715.7,1.99,0.603,4.0,2.0,217.4,221.0,14.3,0.4,,,66.0,55.0,150.0,123.0,,,213.0,,,6.0,,,,,,,,,,,,,0.0,,1.0,,,,,,,,,,,,,,,,,,,,,,,,,,,,0.389,0.0,,,,,0.0,,,,,,138.0,0.0,0.0,,,,0.0,,,,""
17499679195,"Feb 23, 2026, 10:18:08 PM",Afternoon weight lift,Weight Training,🎵 sunflower 🎵,2532,0,147.0,6,false,,,activities/18597047821.fit.gz,,,2532.0,2532.0,0.0,0.0,0.0,0.0,0.0,349.2,353.8,0.0,0.0,,,77.0,55.0,147.0,99.0,,,182.0,,,6.0,,,,,,,,,,,,,0.0,,1.0,,,,,,,,,,,,,,,,,,,,,,,,,,,,0.0,0.0,,,,,0.0,,,,,,482.0,0.0,0.0,,,,0.0,,,,""
17466102614,"Feb 20, 2026, 10:58:55 PM",Afternoon core,Workout,"",1930,0.71,150.0,6,false,,,activities/18563279784.fit.gz,,,1930.0,1239.0,716.0,2.08,0.578,5.0,6.0,217.2,220.2,20.6,-0.2,,,62.0,44.0,150.0,119.0,,,212.0,,,6.0,,,,,,,,,,,,,0.0,,1.0,,,,,,,,,,,,,,,,,,,,,,,,,,,,0.371,0.0,,,,,0.0,,,,,,300.0,0.0,0.0,,,,0.0,,,,""
17465816825,"Feb 20, 2026, 10:13:54 PM",Afternoon weight lift,Weight Training,"🎵 crooked smile 🎵
- j cole",2494,0.02,153.0,0,false,,,activities/18562994772.fit.gz,,,2494.0,20.0,20.1,1.5,1.005,0.0,0.0,214.2,220.2,3.8,23.9,,,66.0,0.0,153.0,125.0,,,256.0,,,0.0,,,,,,,,,,,,,0.0,,1.0,,,,,,,,,,,,,,,,,,,,,,,,,,,,0.008,0.0,,,,,0.0,,,,,,450.0,0.0,0.0,,,,0.0,,,,""
17444923761,"Feb 18, 2026, 10:59:35 PM",Afternoon core,Workout,"🎵 life sentence 🎵
- j cole",1859,0.74,161.0,13,false,,,activities/18542031612.fit.gz,,,1859.0,1268.0,743.7,1.78,0.587,5.0,5.0,215.8,218.8,16.3,0.0,,,75.0,45.0,161.0,132.0,,,234.0,,,13.0,,,,,,,,,,,,,0.0,,1.0,,,,,,,,,,,,,,,,,,,,,,,,,,,,0.4,0.0,,,,,0.0,,,,,,302.0,0.0,0.0,,,,0.0,,,,""
17444640765,"Feb 18, 2026, 10:12:16 PM",Afternoon weight lift,Weight Training,"",2680,0.07,150.0,0,false,,,activities/18541749283.fit.gz,,,2680.0,72.0,78.5,3.017,1.09,0.0,1.0,212.0,218.6,5.6,4.8,,,71.0,60.0,150.0,112.0,,,204.0,,,0.0,,,,,,,,,,,,,0.0,,1.0,,,,,,,,,,,,,,,,,,,,,,,,,,,,0.029,0.0,,,,,0.0,,,,,,428.0,0.0,0.0,,,,0.0,,,,""
17421972853,"Feb 16, 2026, 11:11:58 PM",Afternoon core,Workout,"",2309,0.90,156.0,14,false,,,activities/18519007435.fit.gz,,,2309.0,1492.0,903.0,3.4,0.605,6.0,4.0,218.4,221.2,11.0,0.2,,,79.0,44.0,156.0,132.0,,,282.0,,,14.0,,,,,,,,,,,,,0.0,,1.0,,,,,,,,,,,,,,,,,,,,,,,,,,,,0.391,0.0,,,,,0.0,,,,,,104.0,0.0,0.0,,,,0.0,,,,""
17421619512,"Feb 16, 2026, 10:24:05 PM",Afternoon weight lift,Weight Training,"",2671,0.12,140.0,0,false,,,activities/18518653738.fit.gz,,,2671.0,273.0,121.8,1.1,0.446,1.0,0.0,218.0,221.2,25.0,2.1,,,65.0,0.0,140.0,103.0,,,214.0,,,0.0,,,,,,,,,,,,,0.0,,1.0,,,,,,,,,,,,,,,,,,,,,,,,,,,,0.046,0.0,,,,,0.0,,,,,,636.0,0.0,0.0,,,,0.0,,,,""
17274670653,"Feb 3, 2026, 5:38:49 PM",Midday weight lift,Weight Training,"",2495,0.08,145.0,0,false,,,activities/18370757637.fit.gz,,,2495.0,172.0,83.6,1.13,0.486,1.0,0.0,212.8,221.2,9.6,8.9,,,73.0,0.0,145.0,114.0,,,206.0,,,0.0,,,,,,,,,,,,,0.0,,1.0,,,,,,,,,,,,,,,,,,,,,,,,,,,,0.034,0.0,,,,,0.0,,,,,,200.0,0.0,0.0,,,,0.0,,,,""
17152428606,"Jan 23, 2026, 5:51:02 PM",Midday weight lift,Weight Training,"",2242,0.05,139.0,0,false,,,activities/18247518232.fit.gz,,,2242.0,131.0,56.9,1.038,0.434,1.0,0.0,214.8,222.0,10.9,8.8,,,98.0,65.0,139.0,118.0,,,209.0,,,0.0,,,,,,,,,,,,,0.0,,1.0,,,,,,,,,,,,,,,,,,,,,,,,,,,,0.025,0.0,,,,,0.0,,,,,,654.0,0.0,0.0,,,,,,,,""
17141659344,"Jan 22, 2026, 5:34:37 PM",Midday core,Weight Training,"",3269,1.84,156.0,8,false,,,activities/18236688807.fit.gz,,,3269.0,2378.0,1842.0,6.65,0.775,14.0,7.0,219.2,228.2,38.9,0.4,,,71.0,51.0,156.0,112.0,,,265.0,,,8.0,,,,,,,,,,,,,0.0,,1.0,,,,,,,,,,,,,,,,,,,,,,,,,,,,0.563,0.0,,,,,0.0,,,,,,362.0,0.0,0.0,,,,,,,,""
17130275328,"Jan 21, 2026, 5:37:16 PM",Midday weight lift,Weight Training,"",2754,0.44,145.0,2,false,,,activities/18225213393.fit.gz,,,2754.0,871.0,442.7,1.84,0.508,4.0,1.0,216.8,223.2,21.4,0.6,,,93.0,58.0,145.0,111.0,,,196.0,,,2.0,,,,,,,,,,,,,0.0,,1.0,,,,,,,,,,,,,,,,,,,,,,,,,,,,0.161,0.0,,,,,0.0,,,,,,446.0,0.0,0.0,,,,,,,,""
17106624327,"Jan 19, 2026, 5:58:25 PM",Midday weight lift,Weight Training,"",2464,0.18,137.0,0,false,,,activities/18201413468.fit.gz,,,2464.0,306.0,184.2,1.78,0.602,1.0,1.0,215.4,220.6,8.3,2.1,,,75.0,47.0,137.0,96.0,,,186.0,,,0.0,,,,,,,,,,,,,0.0,,1.0,,,,,,,,,,,,,,,,,,,,,,,,,,,,0.075,0.0,,,,,0.0,,,,,,626.0,0.0,0.0,,,,,,,,""
17072272249,"Jan 16, 2026, 5:35:26 PM",Midday weight lift,Weight Training,"",2366,0.11,143.0,0,false,,,activities/18166670804.fit.gz,,,2366.0,275.0,116.4,1.478,0.423,1.0,0.0,210.4,221.2,18.6,7.4,,,75.0,0.0,143.0,105.0,,,191.0,,,0.0,,,,,,,,,,,,,0.0,,1.0,,,,,,,,,,,,,,,,,,,,,,,,,,,,0.049,0.0,,,,,0.0,,,,,,308.0,0.0,0.0,,,,,,,,""
17061040798,"Jan 15, 2026, 5:34:58 PM",Midday bike,Ride,"",2106,0,160.0,40,false,,,activities/18155345773.fit.gz,,9.0,2106.0,2106.0,0.0,0.0,0.0,0.0,0.0,0.0,0.0,0.0,0.0,,,,,160.0,141.0,,,316.0,,,40.0,,,,,,,,,,,,,0.0,,1.0,,,,,,,,,,,,,,,,,,,,,,,,,,,,0.0,0.0,,,,,0.0,,,,,,,0.0,0.0,,,,,,,,""
17049806373,"Jan 14, 2026, 5:40:04 PM",Midday weight lift,Weight Training,"",2697,0.10,142.0,0,false,,,activities/18144021803.fit.gz,,,2697.0,232.0,104.7,3.18,0.451,0.0,0.0,214.4,220.0,9.7,3.6,,,71.0,0.0,142.0,100.0,,,188.0,,,0.0,,,,,,,,,,,,,0.0,,1.0,,,,,,,,,,,,,,,,,,,,,,,,,,,,0.039,0.0,,,,,0.0,,,,,,344.0,0.0,0.0,,,,,,,,""
17037425003,"Jan 13, 2026, 5:41:17 PM",Midday bike,Ride,"",2128,0,162.0,36,false,,,activities/18131572992.fit.gz,,9.0,2128.0,2128.0,0.0,0.0,0.0,0.0,0.0,0.0,0.0,0.0,0.0,,,,,162.0,138.0,,,304.0,,,36.0,,,,,,,,,,,,,0.0,,1.0,,,,,,,,,,,,,,,,,,,,,,,,,,,,0.0,0.0,,,,,0.0,,,,,,,0.0,0.0,,,,,,,,""
17025357639,"Jan 12, 2026, 5:39:29 PM",Midday weight lift,Weight Training,"",2316,0.09,147.0,0,false,,,activities/18119415283.fit.gz,,,2316.0,209.0,96.1,1.56,0.46,1.0,0.0,210.4,220.4,31.6,9.6,,,71.0,42.0,147.0,118.0,,,202.0,,,0.0,,,,,,,,,,,,,0.0,,1.0,,,,,,,,,,,,,,,,,,,,,,,,,,,,0.041,0.0,,,,,0.0,,,,,,654.0,0.0,0.0,,,,,,,,""
17001883868,"Jan 10, 2026, 2:33:25 PM",Morning hyrox (with nash hybrid club),Workout,"""In your anger do not sin: Do not let the sun go down while you are still angry, and do not give the devil a foothold.""
-- Ephesians 4:26–27",3016,0,199.0,62,false,,,activities/18095672304.fit.gz,,,3016.0,3016.0,0.0,0.0,0.0,0.0,0.0,0.0,0.0,0.0,0.0,,,,,199.0,143.0,,,395.0,,,62.0,,,,,,,,,,,,,0.0,,1.0,,,,,,,,,,,,,,,,,,,,,,,,,,,,0.0,0.0,,,,,0.0,,,,,,90.0,0.0,0.0,,,,,,,,""
16992215791,"Jan 9, 2026, 5:38:58 PM",Midday weight lift,Weight Training,"",2377,0.12,152.0,1,false,,,activities/18085854679.fit.gz,,,2377.0,274.0,120.9,0.86,0.441,0.0,0.0,214.0,220.4,50.0,3.6,,,120.0,51.0,152.0,123.0,,,256.0,,,1.0,,,,,,,,,,,,,0.0,,1.0,,,,,,,,,,,,,,,,,,,,,,,,,,,,0.051,0.0,,,,,0.0,,,,,,408.0,0.0,0.0,,,,,,,,""
16970700103,"Jan 7, 2026, 5:37:21 PM",Midday weight lift,Weight Training,"",2727,0.33,142.0,1,false,,,activities/18064209435.fit.gz,,,2727.0,482.0,335.9,2.063,0.697,2.0,0.0,216.4,222.6,12.0,1.7,,,79.0,79.0,142.0,108.0,,,219.0,,,1.0,,,,,,,,,,,,,0.0,,1.0,,,,,,,,,,,,,,,,,,,,,,,,,,,,0.123,0.0,,,,,0.0,,,,,,240.0,0.0,0.0,,,,,,,,""
16959323625,"Jan 6, 2026, 5:47:01 PM",Midday elliptical,Elliptical,"",2086,0,159.0,16,false,,,activities/18052718364.fit.gz,,,2086.0,2086.0,0.0,0.0,0.0,0.0,0.0,0.0,0.0,0.0,0.0,,,78.0,68.0,159.0,131.0,,,252.0,,,16.0,,,,,,,,,,,,,0.0,,1.0,,,,,,,,,,,,,,,,,,,,,,,,,,,,0.0,0.0,,,,950.0,0.0,,,,,,950.0,0.0,0.0,,,,,,,,""
16947830954,"Jan 5, 2026, 5:44:59 PM",Midday weight lift,Weight Training,"",3152,0.17,135.0,1,false,,,activities/18041117588.fit.gz,,,3152.0,298.0,178.6,1.867,0.599,0.0,1.0,205.8,221.4,34.5,3.7,,,75.0,19.0,135.0,111.0,,,258.0,,,1.0,,,,,,,,,,,,,0.0,,1.0,,,,,,,,,,,,,,,,,,,,,,,,,,,,0.057,0.0,,,,,0.0,,,,,,512.0,0.0,0.0,,,,,,,,""
16924764533,"Jan 3, 2026, 2:40:02 PM",Morning hyrox (with nash hybrid club),Workout,"“Let us not become weary in doing good, for at the proper time we will reap a harvest if we do not give up.”
--‭‭ Galatians‬ ‭6‬:‭9‬",2947,0,197.0,105,false,,,activities/18017774501.fit.gz,,,2947.0,2947.0,0.0,0.0,0.0,0.0,0.0,0.0,0.0,0.0,0.0,,,,,197.0,156.0,,,466.0,,,105.0,,,,,,,,,,,,,0.0,,1.0,,,,,,,,,,,,,,,,,,,,,,,,,,,,0.0,0.0,,,,,0.0,,,,,,18.0,0.0,0.0,,,,,,,,""
16907138920,"Jan 1, 2026, 9:16:33 PM",Afternoon run,Run,"New year, new miles",3530,10.07,192.0,229,false,,Nike Vomero 18,activities/17999944957.fit.gz,,,3530.0,3341.0,10074.7,4.44,3.015,94.0,108.0,130.8,175.4,14.4,0.0,,,94.0,89.0,192.0,178.0,,267.0,670.0,,,229.0,893691.0,,,,,,,,265.0,3531.0,,,0.0,,1.0,10247.6,,,,,,,,,,,,,,,,25022536.0,,,,,,,,,,,2.854,0.0,,,,9926.0,0.0,,324.0,182.0,3.067,,,0.0,0.0,,,,,,,,""
16878956132,"Dec 29, 2025, 11:12:47 PM",Afternoon hyrox,Workout,"",2327,0,171.0,26,false,,,activities/17971273537.fit.gz,,,2327.0,2327.0,0.0,0.0,0.0,0.0,0.0,0.0,0.0,0.0,0.0,,,,,171.0,134.0,,,310.0,,,26.0,,,,,,,,,,,,,0.0,,1.0,,,,,,,,,,,,,,,,,,,,,,,,,,,,0.0,0.0,,,,,0.0,,,,,,16.0,0.0,,,,,,,,,""
16867372912,"Dec 28, 2025, 5:27:09 PM",Midday walk,Walk,Bliss enjoying the breezy walk,2508,2.49,105.0,4,false,,,activities/17959523887.fit.gz,,,2508.0,2269.0,2498.6,1.9,1.101,48.0,42.0,134.2,154.0,37.5,0.2,,,115.0,60.0,105.0,85.0,,,153.0,,,4.0,,,,,,,,,,,,,0.0,,1.0,,,,,,,,,,,,,,,,,,,,,,,,,,,,0.996,0.0,,,,3712.0,0.0,,,,,,,0.0,,,,,,,,,media/D798474D-8272-4627-B7CF-63F26A709432.jpg|media/67D0F2A5-4B0D-4554-8ACA-8133626CA670.jpg
16856359299,"Dec 27, 2025, 2:56:21 PM",Morning run,Run,Long distance run with [strava://athletes/148213760/13]Caroline Farr !!!,6520,17.80,189.0,327,false,,Nike Streakfly,activities/17948287010.fit.gz,,,6520.0,6513.0,17799.2,4.14,2.733,37.0,28.0,121.2,133.8,16.2,0.1,,,94.0,89.0,189.0,167.0,,240.0,1171.0,,,327.0,1560529.0,,,,,,,,239.0,6521.0,,,0.0,,1.0,17951.4,,,,,,,,,,,,,,,,25076153.0,,,,,,,,,,,2.73,0.0,,,,19402.0,0.0,,486.0,164.0,2.756,,,0.0,,,,,,,,,media/4ABA159A-669F-420E-8CB2-BCDAEAC94175.jpg|media/295695A3-F7A1-4B16-8AFC-E15DD15E6A7F.mp4
16849219044,"Dec 26, 2025, 10:37:18 PM",Afternoon weight lift,Weight Training,"",2783,0,148.0,9,false,,,activities/17941016444.fit.gz,,,2783.0,2783.0,0.0,0.0,0.0,0.0,0.0,244.4,247.2,0.0,0.0,,,75.0,46.0,148.0,112.0,,,245.0,,,9.0,,,,,,,,,,,,,0.0,,1.0,,,,,,,,,,,,,,,,,,,,,,,,,,,,0.0,0.0,,,,,0.0,,,,,,698.0,0.0,,,,,,,,,""
16839949916,"Dec 25, 2025, 9:17:32 PM",Christmas Day run,Run,"Thats a wrap for 2025!
Up next 1k+ miles for 2026!",3791,11.60,190.0,232,false,,Nike Streakfly,activities/17931575499.fit.gz,,,3791.0,3686.0,11603.2,5.34,3.148,123.0,114.0,138.2,181.4,18.0,0.1,,,97.0,91.0,190.0,174.0,,281.0,755.0,,,232.0,1030075.0,,,,,,,,278.0,3792.0,,,0.0,,1.0,11842.5,,,,,,,,,,,,,,,,25076153.0,,,,,,,,,,,3.061,102.5,,,,11100.0,0.0,,381.0,190.0,3.213,,,0.0,,,,,,,,,""
16831890837,"Dec 24, 2025, 5:41:28 PM",Midday weight lift,Weight Training,"",3539,0,143.0,11,false,,,activities/17923333908.fit.gz,,,3539.0,3539.0,0.0,0.0,0.0,0.0,0.0,272.8,282.0,0.0,0.0,,,111.0,61.0,143.0,107.0,,,289.0,,,11.0,,,,,,,,,,,,,0.0,,1.0,,,,,,,,,,,,,,,,,,,,,,,,,,,,0.0,0.0,,,,,0.0,,,,,,814.0,0.0,,,,,,,,,""
16822491062,"Dec 23, 2025, 5:40:56 PM",Midday weight lift,Weight Training,"",2299,0,141.0,8,false,,,activities/17913810441.fit.gz,,,2299.0,2299.0,0.0,0.0,0.0,0.0,0.0,284.8,290.2,0.0,0.0,,,79.0,52.0,141.0,112.0,,,206.0,,,8.0,,,,,,,,,,,,,0.0,,1.0,,,,,,,,,,,,,,,,,,,,,,,,,,,,0.0,0.0,,,,,0.0,,,,,,706.0,0.0,,,,,,,,,""
16813166451,"Dec 22, 2025, 5:37:53 PM",Midday hyrox,Workout,"",1969,0,178.0,42,false,,,activities/17904384213.fit.gz,,,1969.0,1969.0,0.0,0.0,0.0,0.0,0.0,0.0,0.0,0.0,0.0,,,,,178.0,145.0,,,323.0,,,42.0,,,,,,,,,,,,,0.0,,1.0,,,,,,,,,,,,,,,,,,,,,,,,,,,,0.0,0.0,,,,,0.0,,,,,,288.0,0.0,,,,,,,,,""
16794590500,"Dec 20, 2025, 2:25:04 PM",Morning hyrox (with nash hybrid club),Workout,"“Jesus replied, “What is impossible with man is possible with God.””
‭‭-- Luke‬ ‭18‬:‭27‬",4823,0,196.0,89,false,,,activities/17885563802.fit.gz,,,4823.0,4823.0,0.0,0.0,0.0,0.0,0.0,0.0,0.0,0.0,0.0,,,,,196.0,139.0,,,592.0,,,89.0,,,,,,,,,,,,,0.0,,1.0,,,,,,,,,,,,,,,,,,,,,,,,,,,,0.0,0.0,,,,,0.0,,,,,,236.0,0.0,0.0,,,,,,,,media/91683B04-E8DE-47DE-8AC6-C1AF6C127E2C.jpg
16786854528,"Dec 19, 2025, 5:49:06 PM",Midday weight lift,Weight Training,"",2239,0,147.0,9,false,,,activities/17877657650.fit.gz,,,2239.0,2239.0,0.0,0.0,0.0,0.0,0.0,273.4,277.2,0.0,0.0,,,115.0,60.0,147.0,120.0,,,241.0,,,9.0,,,,,,,,,,,,,0.0,,1.0,,,,,,,,,,,,,,,,,,,,,,,,,,,,0.0,0.0,,,,,0.0,,,,,,712.0,0.0,,,,,,,,,""
16778260032,"Dec 18, 2025, 5:12:42 PM",Midday hyrox,Workout,"",2211,0,180.0,71,false,,,activities/17868980938.fit.gz,,,2211.0,2211.0,0.0,0.0,0.0,0.0,0.0,0.0,0.0,0.0,0.0,,,,,180.0,153.0,,,395.0,,,71.0,,,,,,,,,,,,,0.0,,1.0,,,,,,,,,,,,,,,,,,,,,,,,,,,,0.0,0.0,,,,,0.0,,,,,,46.0,0.0,,,,,,,,,""
16769722260,"Dec 17, 2025, 5:41:13 PM",Midday weight lift,Weight Training,"",2617,0.05,152.0,0,false,,,activities/17860329279.fit.gz,,,2617.0,113.0,51.2,1.017,0.453,0.0,2.0,215.8,219.4,9.5,3.1,,,75.0,0.0,152.0,113.0,,,258.0,,,0.0,,,,,,,,,,,,,0.0,,1.0,,,,,,,,,,,,,,,,,,,,,,,,,,,,0.02,0.0,,,,,0.0,,,,,,338.0,0.0,,,,,,,,,""
16760215335,"Dec 16, 2025, 5:40:22 PM",Midday hyrox,Workout,"",2214,0,190.0,106,false,,,activities/17850742163.fit.gz,,,2214.0,2214.0,0.0,0.0,0.0,0.0,0.0,0.0,0.0,0.0,0.0,,,,,190.0,165.0,,,433.0,,,106.0,,,,,,,,,,,,,0.0,,1.0,,,,,,,,,,,,,,,,,,,,,,,,,,,,0.0,0.0,,,,,0.0,,,,,,16.0,0.0,,,,,,,,,""
16751358080,"Dec 15, 2025, 5:41:07 PM",Midday weight lift,Weight Training,"",2292,0.06,148.0,0,false,,,activities/17841820293.fit.gz,,,2292.0,77.0,67.9,2.38,0.882,0.0,0.0,211.6,220.6,20.0,13.3,,,120.0,0.0,148.0,110.0,,,219.0,,,0.0,,,,,,,,,,,,,0.0,,1.0,,,,,,,,,,,,,,,,,,,,,,,,,,,,0.03,0.0,,,,,0.0,,,,,,382.0,0.0,,,,,,,,,""
16726379185,"Dec 12, 2025, 11:48:52 PM",Afternoon weight lift,Weight Training,"",2465,0,148.0,11,false,,,activities/17816462411.fit.gz,,,2465.0,2465.0,0.0,0.0,0.0,0.0,0.0,223.2,229.0,0.0,0.0,,,62.0,47.0,148.0,119.0,,,253.0,,,11.0,,,,,,,,,,,,,0.0,,1.0,,,,,,,,,,,,,,,,,,,,,,,,,,,,0.0,0.0,,,,,0.0,,,,,,590.0,0.0,,,,,,,,,""
16717016377,"Dec 11, 2025, 9:16:33 PM",Afternoon hyrox,Workout,"",2274,0,189.0,87,false,,,activities/17806981243.fit.gz,,,2274.0,2274.0,0.0,0.0,0.0,0.0,0.0,0.0,0.0,0.0,0.0,,,,,189.0,158.0,,,413.0,,,87.0,,,,,,,,,,,,,0.0,,1.0,,,,,,,,,,,,,,,,,,,,,,,,,,,,0.0,0.0,,,,,0.0,,,,,,16.0,0.0,,,,,,,,,""
16708517915,"Dec 10, 2025, 10:50:37 PM",Afternoon weight lift,Weight Training,"",3016,0,154.0,15,false,,,activities/17798376235.fit.gz,,,3016.0,3016.0,0.0,0.0,0.0,0.0,0.0,206.4,217.0,0.0,0.0,,,80.0,53.0,154.0,119.0,,,314.0,,,15.0,,,,,,,,,,,,,0.0,,1.0,,,,,,,,,,,,,,,,,,,,,,,,,,,,0.0,0.0,,,,,0.0,,,,,,474.0,0.0,,,,,,,,,""
16696147197,"Dec 9, 2025, 5:41:10 PM",Midday hyrox,Workout,"",2208,0,185.0,47,false,,,activities/17785890742.fit.gz,,,2208.0,2208.0,0.0,0.0,0.0,0.0,0.0,0.0,0.0,0.0,0.0,,,,,185.0,144.0,,,355.0,,,47.0,,,,,,,,,,,,,0.0,,1.0,,,,,,,,,,,,,,,,,,,,,,,,,,,,0.0,0.0,,,,,0.0,,,,,,14.0,0.0,,,,,,,,,""
16687243608,"Dec 8, 2025, 6:31:18 PM",Midday weight lift,Workout,"",2780,0,155.0,13,false,,,activities/17776873150.fit.gz,,,2780.0,2780.0,0.0,0.0,0.0,0.0,0.0,232.0,235.0,0.0,0.0,,,75.0,54.0,155.0,117.0,,,281.0,,,13.0,,,,,,,,,,,,,0.0,,1.0,,,,,,,,,,,,,,,,,,,,,,,,,,,,0.0,0.0,,,,,0.0,,,,,,910.0,0.0,,,,,,,,,""
16650436399,"Dec 4, 2025, 6:09:40 PM",Midday hyrox,Workout,"",2266,0,176.0,59,false,,,activities/17739432094.fit.gz,,,2266.0,2266.0,0.0,0.0,0.0,0.0,0.0,0.0,0.0,0.0,0.0,,,,,176.0,149.0,,,376.0,,,59.0,,,,,,,,,,,,,0.0,,1.0,,,,,,,,,,,,,,,,,,,,,,,,,,,,0.0,0.0,,,,,0.0,,,,,,36.0,0.0,,,,,,,,,""
16647961459,"Dec 4, 2025, 12:24:23 PM",Morning weight lift,Weight Training,"",3924,0,141.0,13,false,,,activities/17736926120.fit.gz,,,3924.0,3924.0,0.0,0.0,0.0,0.0,0.0,218.8,227.2,0.0,0.0,,,88.0,58.0,141.0,112.0,,,326.0,,,13.0,,,,,,,,,,,,,0.0,,1.0,,,,,,,,,,,,,,,,,,,,,,,,,,,,0.0,0.0,,,,,0.0,,,,,,1172.0,0.0,,,,,,,,,""
16640953120,"Dec 3, 2025, 5:49:03 PM",Midday hyrox,Workout,"",2040,0,181.0,73,false,,,activities/17729820554.fit.gz,,,2040.0,2040.0,0.0,0.0,0.0,0.0,0.0,0.0,0.0,0.0,0.0,,,,,181.0,156.0,,,370.0,,,73.0,,,,,,,,,,,,,0.0,,1.0,,,,,,,,,,,,,,,,,,,,,,,,,,,,0.0,0.0,,,,,0.0,,,,,,14.0,0.0,,,,,,,,,""
16638223759,"Dec 3, 2025, 12:11:40 PM",Morning weight lift,Weight Training,"",2803,0,144.0,11,false,,,activities/17727067223.fit.gz,,,2803.0,2803.0,0.0,0.0,0.0,0.0,0.0,229.4,236.0,0.0,0.0,,,107.0,54.0,144.0,120.0,,,291.0,,,11.0,,,,,,,,,,,,,0.0,,1.0,,,,,,,,,,,,,,,,,,,,,,,,,,,,0.0,0.0,,,,,0.0,,,,,,536.0,0.0,,,,,,,,,""
16630989160,"Dec 2, 2025, 5:50:26 PM",Midday hyrox,Workout,"",2153,0,187.0,84,false,,,activities/17719720367.fit.gz,,,2153.0,2153.0,0.0,0.0,0.0,0.0,0.0,0.0,0.0,0.0,0.0,,,,,187.0,158.0,,,389.0,,,84.0,,,,,,,,,,,,,0.0,,1.0,,,,,,,,,,,,,,,,,,,,,,,,,,,,0.0,0.0,,,,,0.0,,,,,,76.0,0.0,,,,,,,,,""
16628301756,"Dec 2, 2025, 12:15:43 PM",Morning weight lift,Weight Training,"",3465,0,155.0,18,false,,,activities/17717009669.fit.gz,,,3465.0,3465.0,0.0,0.0,0.0,0.0,0.0,227.2,236.6,0.0,0.0,,,62.0,54.0,155.0,117.0,,,332.0,,,18.0,,,,,,,,,,,,,0.0,,1.0,,,,,,,,,,,,,,,,,,,,,,,,,,,,0.0,0.0,,,,,0.0,,,,,,934.0,0.0,,,,,,,,,""
16624376230,"Dec 2, 2025, 1:34:10 AM",Evening bike,Ride,"",1716,0,157.0,19,false,,,activities/17713000135.fit.gz,,9.0,1716.0,1716.0,0.0,0.0,0.0,0.0,0.0,0.0,0.0,0.0,0.0,,,,,157.0,133.0,,,236.0,,,19.0,,,,,,,,,,,,,0.0,,1.0,,,,,,,,,,,,,,,,,,,,,,,,,,,,0.0,0.0,,,,,0.0,,,,,,,0.0,,,,,,,,,""
16624224426,"Dec 2, 2025, 12:44:31 AM",Evening weight lift,Weight Training,"",1885,0,146.0,10,false,,,activities/17712847325.fit.gz,,,1885.0,1885.0,0.0,0.0,0.0,0.0,0.0,196.6,205.4,0.0,0.0,,,77.0,66.0,146.0,123.0,,,224.0,,,10.0,,,,,,,,,,,,,0.0,,1.0,,,,,,,,,,,,,,,,,,,,,,,,,,,,0.0,0.0,,,,,0.0,,,,,,540.0,0.0,,,,,,,,,""
16621071602,"Dec 1, 2025, 5:50:42 PM",Midday hyrox,Workout,"",2743,0.64,168.0,19,false,,,activities/17709671591.fit.gz,,,2743.0,1267.0,641.4,5.083,0.506,9.0,0.0,219.4,229.0,18.2,1.4,,,78.0,45.0,168.0,140.0,,,394.0,,,19.0,,,,,,,,,,,,,0.0,,1.0,,,,,,,,,,,,,,,,,,,,,,,,,,,,0.234,0.0,,,,,0.0,,,,,,1742.0,0.0,,,,,,,,,""
16601873242,"Nov 29, 2025, 2:10:50 PM",Morning hyrox,Workout,"",3000,0,,,false,,,,,,3000.0,3000.0,0.0,,0.0,,,,,,0.0,,,,,,,,,,,,,,,,,,,,,,,,,0.0,,0.0,,,,,,,,,,,,,,,,,,,,,,,,,,,,0.0,0.0,,,,,0.0,,,,,,,0.0,,,,,,,,,""
16571690503,"Nov 26, 2025, 12:06:18 PM",Morning weight lift,Weight Training,"",2502,0,148.0,8,false,,,activities/17659377099.fit.gz,,,2502.0,2502.0,0.0,0.0,0.0,0.0,0.0,0.0,0.0,0.0,0.0,,,,,148.0,110.0,,,218.0,,,8.0,,,,,,,,,,,,,0.0,,1.0,,,,,,,,,,,,,,,,,,,,,,,,,,,,0.0,0.0,,,,,0.0,,,,,,142.0,0.0,,,,,,,,,""
16561583952,"Nov 25, 2025, 12:02:23 PM",Morning weight lift,Weight Training,"",2755,0,174.0,11,false,,,activities/17649124663.fit.gz,,,2755.0,2755.0,0.0,0.0,0.0,0.0,0.0,0.0,0.0,0.0,0.0,,,,,174.0,115.0,,,254.0,,,11.0,,,,,,,,,,,,,0.0,,1.0,,,,,,,,,,,,,,,,,,,,,,,,,,,,0.0,0.0,,,,,0.0,,,,,,198.0,0.0,,,,,,,,,""
16551809071,"Nov 24, 2025, 11:57:32 AM",Morning weight lift,Weight Training,"",2297,0,156.0,9,false,,,activities/17639194483.fit.gz,,,2297.0,2297.0,0.0,0.0,0.0,0.0,0.0,0.0,0.0,0.0,0.0,,,,,156.0,115.0,,,224.0,,,9.0,,,,,,,,,,,,,0.0,,1.0,,,,,,,,,,,,,,,,,,,,,,,,,,,,0.0,0.0,,,,,0.0,,,,,,160.0,0.0,,,,,,,,,""
16535196589,"Nov 22, 2025, 2:10:12 PM",Morning hyrox,Workout,"",2700,0,,,false,,,,,,2700.0,2700.0,0.0,,0.0,,,,,,0.0,,,,,,,,,,,,,,,,,,,,,,,,,0.0,,0.0,,,,,,,,,,,,,,,,,,,,,,,,,,,,0.0,0.0,,,,,0.0,,,,,,,0.0,,,,,,,,,media/AE266471-7401-4F2C-B96D-CA46780E9B79.mp4|media/CAB4FB5A-D589-4436-8E92-A7479967F40C.mp4
16523829211,"Nov 21, 2025, 12:10:27 PM",Morning weight lift,Weight Training,"",3331,0,153.0,13,false,,,activities/17610820242.fit.gz,,,3331.0,3331.0,0.0,0.0,0.0,0.0,0.0,0.0,0.0,0.0,0.0,,,,,153.0,111.0,,,281.0,,,13.0,,,,,,,,,,,,,0.0,,1.0,,,,,,,,,,,,,,,,,,,,,,,,,,,,0.0,0.0,,,,,0.0,,,,,,208.0,0.0,,,,,,,,,""
16514904445,"Nov 20, 2025, 1:03:00 PM",Morning weight lift,Weight Training,"",2683,0,138.0,6,false,,,activities/17601795095.fit.gz,,,2683.0,2683.0,0.0,0.0,0.0,0.0,0.0,0.0,0.0,0.0,0.0,,,,,138.0,92.0,,,156.0,,,6.0,,,,,,,,,,,,,0.0,,1.0,,,,,,,,,,,,,,,,,,,,,,,,,,,,0.0,0.0,,,,,0.0,,,,,,250.0,0.0,,,,,,,,,""
16504500646,"Nov 19, 2025, 12:06:33 PM",Morning weight lift,Weight Training,"",2450,0,148.0,6,false,,,activities/17591304083.fit.gz,,,2450.0,2450.0,0.0,0.0,0.0,0.0,0.0,0.0,0.0,0.0,0.0,,,,,148.0,102.0,,,178.0,,,6.0,,,,,,,,,,,,,0.0,,1.0,,,,,,,,,,,,,,,,,,,,,,,,,,,,0.0,0.0,,,,,0.0,,,,,,130.0,0.0,,,,,,,,,""
16500629472,"Nov 19, 2025, 12:43:47 AM",Evening swim,Swim,"",1067,375,142.0,13,false,,,activities/17587374684.fit.gz,,,1067.0,557.0,375.0,2.1,0.673,0.0,0.0,0.0,0.0,0.0,0.0,,,,,142.0,125.0,,,153.0,,,13.0,,,,,,,,,,,,,0.0,,1.0,,,,,,,,,,,,,,,,,,,,,,,,,,,,0.351,0.0,,,,,0.0,25.0,,,,,,0.0,,,,,,,,,""
16500413632,"Nov 19, 2025, 12:06:09 AM",Evening core,Weight Training,"",1422,0.02,119.0,0,false,,,activities/17587158588.fit.gz,,,1422.0,14.0,19.6,1.989,1.4,0.0,0.0,176.6,180.6,0.0,-20.4,,,73.0,0.0,119.0,116.0,,,100.0,,,0.0,,,,,,,,,,,,,0.0,,1.0,,,,,,,,,,,,,,,,,,,,,,,,,,,,0.014,0.0,,,,,0.0,,,,,,498.0,0.0,,,,,,,,,""
16494169589,"Nov 18, 2025, 12:00:40 PM",Morning weight lift,Weight Training,"",2475,0,138.0,7,false,,,activities/17580902020.fit.gz,,,2475.0,2475.0,0.0,0.0,0.0,0.0,0.0,0.0,0.0,0.0,0.0,,,,,138.0,103.0,,,185.0,,,7.0,,,,,,,,,,,,,0.0,,1.0,,,,,,,,,,,,,,,,,,,,,,,,,,,,0.0,0.0,,,,,0.0,,,,,,246.0,0.0,,,,,,,,,""
16490481738,"Nov 18, 2025, 12:58:41 AM",Evening bike,Ride,"",2630,0,143.0,21,false,,,activities/17577171727.fit.gz,,9.0,2630.0,2630.0,0.0,0.0,0.0,0.0,0.0,0.0,0.0,0.0,0.0,,,,,143.0,130.0,,,310.0,,,21.0,,,,,,,,,,,,,0.0,,1.0,,,,,,,,,,,,,,,,,,,,,,,,,,,,0.0,0.0,,,,,0.0,,,,,,,0.0,,,,,,,,,""
16490215136,"Nov 18, 2025, 12:23:01 AM",Evening core,Weight Training,"",1800,0,157.0,11,false,,,activities/17576901751.fit.gz,,,1800.0,1800.0,0.0,0.0,0.0,0.0,0.0,0.0,0.0,0.0,0.0,,,,,157.0,119.0,,,201.0,,,11.0,,,,,,,,,,,,,0.0,,1.0,,,,,,,,,,,,,,,,,,,,,,,,,,,,0.0,0.0,,,,,0.0,,,,,,236.0,0.0,,,,,,,,,""
16484124461,"Nov 17, 2025, 11:59:27 AM",Morning weight lift,Weight Training,"",2337,0,136.0,6,false,,,activities/17570802310.fit.gz,,,2337.0,2337.0,0.0,0.0,0.0,0.0,0.0,0.0,0.0,0.0,0.0,,,,,136.0,100.0,,,166.0,,,6.0,,,,,,,,,,,,,0.0,,1.0,,,,,,,,,,,,,,,,,,,,,,,,,,,,0.0,0.0,,,,,0.0,,,,,,140.0,0.0,,,,,,,,,""
16467631149,"Nov 15, 2025, 2:10:22 PM",Morning hyrox,Workout,"",2700,0,,,false,,,,,,2700.0,2700.0,0.0,,0.0,,,,,,0.0,,,,,,,,,,,,,,,,,,,,,,,,,0.0,,0.0,,,,,,,,,,,,,,,,,,,,,,,,,,,,0.0,0.0,,,,,0.0,,,,,,,0.0,,,,,,,,,media/6A663A5C-F11E-4D7B-8994-978DBD47058D.jpg
16460292647,"Nov 15, 2025, 12:36:00 AM",Triathlon training (incline walk),Walk,"",1380,1.77,,,false,,Nike Vomero 18,,,,1380.0,1380.0,1770.3,,1.283,,,,,,0.0,,,,,,,,,156.0,,,,,,,,,,,,,,,,0.0,,0.0,,,,,,,,,,,,,,,,,25022536.0,,,,,,,,,,,1.283,0.0,,,,,0.0,,,,,,,0.0,,,,,,,,,""
16460112758,"Nov 15, 2025, 12:03:22 AM",Triathlon training (bike),Ride,"",1794,0,162.0,21,false,,,activities/17546502036.fit.gz,,9.0,1794.0,1794.0,0.0,0.0,0.0,0.0,0.0,0.0,0.0,0.0,0.0,,,,,162.0,134.0,,,246.0,,,21.0,,,,,,,,,,,,,0.0,,1.0,,,,,,,,,,,,,,,,,,,,,,,,,,,,0.0,0.0,,,,,0.0,,,,,,,0.0,,,,,,,,,""
16459905281,"Nov 14, 2025, 11:40:50 PM",Triathlon training (swim),Swim,"",1027,175,183.0,18,false,,,activities/17546292403.fit.gz,,,1027.0,557.0,175.0,0.66,0.314,0.0,0.0,0.0,0.0,0.0,0.0,,,,,183.0,131.0,,,154.0,,,18.0,,,,,,,,,,,,,0.0,,1.0,,,,,,,,,,,,,,,,,,,,,,,,,,,,0.17,0.0,,,,,0.0,25.0,,,,,,0.0,,,,,,,,,""
16455144079,"Nov 14, 2025, 12:18:40 PM",Morning weight lift,Weight Training,"",2744,0,148.0,10,false,,,activities/17541505764.fit.gz,,,2744.0,2744.0,0.0,0.0,0.0,0.0,0.0,0.0,0.0,0.0,0.0,,,,,148.0,111.0,,,246.0,,,10.0,,,,,,,,,,,,,0.0,,1.0,,,,,,,,,,,,,,,,,,,,,,,,,,,,0.0,0.0,,,,,0.0,,,,,,202.0,0.0,,,,,,,,,""
16445243662,"Nov 13, 2025, 12:02:03 PM",Morning weight lift,Weight Training,"",2439,0,146.0,8,false,,,activities/17531538914.fit.gz,,,2439.0,2439.0,0.0,0.0,0.0,0.0,0.0,0.0,0.0,0.0,0.0,,,,,146.0,109.0,,,207.0,,,8.0,,,,,,,,,,,,,0.0,,1.0,,,,,,,,,,,,,,,,,,,,,,,,,,,,0.0,0.0,,,,,0.0,,,,,,244.0,0.0,,,,,,,,,""
16441439430,"Nov 13, 2025, 1:08:29 AM",Evening swim,Swim,Too many people 🥲,216,25,131.0,1,false,,,activities/17527703226.fit.gz,,,216.0,13.0,25.0,1.94,1.923,0.0,0.0,0.0,0.0,0.0,0.0,,,,,131.0,119.0,,,28.0,,,1.0,,,,,,,,,,,,,0.0,,1.0,,,,,,,,,,,,,,,,,,,,,,,,,,,,0.116,0.0,,,,,0.0,25.0,,,,,,0.0,,,,,,,,,""
16441263875,"Nov 13, 2025, 12:20:04 AM",Evening core,Weight Training,"",1762,0,128.0,4,false,,,activities/17527527006.fit.gz,,,1762.0,1762.0,0.0,0.0,0.0,0.0,0.0,0.0,0.0,0.0,0.0,,,,,128.0,102.0,,,134.0,,,4.0,,,,,,,,,,,,,0.0,,1.0,,,,,,,,,,,,,,,,,,,,,,,,,,,,0.0,0.0,,,,,0.0,,,,,,422.0,0.0,,,,,,,,,""
16435014823,"Nov 12, 2025, 12:18:47 PM",Morning weight lift,Weight Training,"",2357,0,121.0,5,false,,,activities/17521259912.fit.gz,,,2357.0,2357.0,0.0,0.0,0.0,0.0,0.0,0.0,0.0,0.0,0.0,,,,,121.0,95.0,,,149.0,,,5.0,,,,,,,,,,,,,0.0,,1.0,,,,,,,,,,,,,,,,,,,,,,,,,,,,0.0,0.0,,,,,0.0,,,,,,124.0,0.0,,,,,,,,,""
16423975973,"Nov 11, 2025, 12:00:31 PM",Morning weight lift,Weight Training,"",2543,0,135.0,7,false,,,activities/17510150376.fit.gz,,,2543.0,2543.0,0.0,0.0,0.0,0.0,0.0,0.0,0.0,0.0,0.0,,,,,135.0,101.0,,,184.0,,,7.0,,,,,,,,,,,,,0.0,,1.0,,,,,,,,,,,,,,,,,,,,,,,,,,,,0.0,0.0,,,,,0.0,,,,,,208.0,0.0,,,,,,,,,""
16418849153,"Nov 10, 2025, 10:33:29 PM",Evening bike,Ride,"",1076,0,159.0,8,false,,,activities/17504975059.fit.gz,,9.0,1076.0,1076.0,0.0,0.0,0.0,0.0,0.0,0.0,0.0,0.0,0.0,,,,,159.0,127.0,,,142.0,,,8.0,,,,,,,,,,,,,0.0,,1.0,,,,,,,,,,,,,,,,,,,,,,,,,,,,0.0,0.0,,,,,0.0,,,,,,,0.0,,,,,,,,,""
16418844951,"Nov 10, 2025, 10:03:43 PM",Evening core,Workout,"",1634,0,140.0,5,false,,,activities/17504970875.fit.gz,,,1634.0,1634.0,0.0,0.0,0.0,0.0,0.0,0.0,0.0,0.0,0.0,,,,,140.0,108.0,,,147.0,,,5.0,,,,,,,,,,,,,0.0,,1.0,,,,,,,,,,,,,,,,,,,,,,,,,,,,0.0,0.0,,,,,0.0,,,,,,360.0,0.0,,,,,,,,,""
16413530786,"Nov 10, 2025, 12:09:25 PM",Morning weight lift,Weight Training,"",2250,0,144.0,7,false,,,activities/17499650016.fit.gz,,,2250.0,2250.0,0.0,0.0,0.0,0.0,0.0,0.0,0.0,0.0,0.0,,,,,144.0,105.0,,,178.0,,,7.0,,,,,,,,,,,,,0.0,,1.0,,,,,,,,,,,,,,,,,,,,,,,,,,,,0.0,0.0,,,,,0.0,,,,,,140.0,0.0,,,,,,,,,""
16394497474,"Nov 8, 2025, 2:21:17 PM",Triathlon training (walk),Walk,"Cant run, still rehabbing the knee 😅",1489,1.65,142.0,6,false,,,activities/17480399825.fit.gz,,,1489.0,1489.0,1653.5,1.41,1.11,2.0,1.0,145.2,147.6,18.2,0.1,,,59.0,50.0,142.0,123.0,,,158.0,,,6.0,,,,,,,,,,,,,0.0,,1.0,,,,,,,,,,,,,,,,,,,,,,,,,,,,1.11,0.0,,,,2400.0,0.0,,,,,,,0.0,,,,,,,,,""
16394148520,"Nov 8, 2025, 1:48:39 PM",Triathlon training (bike),Ride,"",1603,0,173.0,27,false,,,activities/17480047263.fit.gz,,9.0,1603.0,1603.0,0.0,0.0,0.0,0.0,0.0,0.0,0.0,0.0,0.0,,,,,173.0,139.0,,,250.0,,,27.0,,,,,,,,,,,,,0.0,,1.0,,,,,,,,,,,,,,,,,,,,,,,,,,,,0.0,0.0,,,,,0.0,,,,,,,0.0,,,,,,,,,""
16393903683,"Nov 8, 2025, 1:29:35 PM",Triathlon training (swim),Swim,"",946,200,160.0,7,false,,,activities/17479798811.fit.gz,,,946.0,217.0,200.0,2.5,0.922,0.0,0.0,0.0,0.0,0.0,0.0,,,,,160.0,116.0,,,112.0,,,7.0,,,,,,,,,,,,,0.0,,1.0,,,,,,,,,,,,,,,,,,,,,,,,,,,,0.211,0.0,,,,,0.0,25.0,,,,,,0.0,,,,,,,,,""
16383433982,"Nov 7, 2025, 12:06:43 PM",Morning weight lift,Weight Training,"",2847,0,157.0,7,false,,,activities/17469229534.fit.gz,,,2847.0,2847.0,0.0,0.0,0.0,0.0,0.0,0.0,0.0,0.0,0.0,,,,,157.0,99.0,,,196.0,,,7.0,,,,,,,,,,,,,0.0,,1.0,,,,,,,,,,,,,,,,,,,,,,,,,,,,0.0,0.0,,,,,0.0,,,,,,244.0,0.0,,,,,,,,,""
16373255986,"Nov 6, 2025, 12:00:35 PM",Morning weight lift,Weight Training,"",2320,0,139.0,7,false,,,activities/17458981506.fit.gz,,,2320.0,2320.0,0.0,0.0,0.0,0.0,0.0,0.0,0.0,0.0,0.0,,,,,139.0,106.0,,,186.0,,,7.0,,,,,,,,,,,,,0.0,,1.0,,,,,,,,,,,,,,,,,,,,,,,,,,,,0.0,0.0,,,,,0.0,,,,,,278.0,0.0,,,,,,,,,""
16369462425,"Nov 6, 2025, 12:55:15 AM",Evening bike,Ride,🎵 walk talk 🎵,1544,0,132.0,5,false,,,activities/17455154143.fit.gz,,9.0,1544.0,1544.0,0.0,0.0,0.0,0.0,0.0,0.0,0.0,0.0,0.0,,,,,132.0,116.0,,,159.0,,,5.0,,,,,,,,,,,,,0.0,,1.0,,,,,,,,,,,,,,,,,,,,,,,,,,,,0.0,0.0,,,,,0.0,,,,,,,0.0,,,,,,,,,""
16369310375,"Nov 6, 2025, 12:28:34 AM",Evening core,Weight Training,"",1506,0,137.0,5,false,,,activities/17455002174.fit.gz,,,1506.0,1506.0,0.0,0.0,0.0,0.0,0.0,0.0,0.0,0.0,0.0,,,,,137.0,109.0,,,134.0,,,5.0,,,,,,,,,,,,,0.0,,1.0,,,,,,,,,,,,,,,,,,,,,,,,,,,,0.0,0.0,,,,,0.0,,,,,,278.0,0.0,,,,,,,,,""
16362680052,"Nov 5, 2025, 12:01:19 PM",Morning weight lift,Weight Training,"",2320,0,131.0,5,false,,,activities/17448348291.fit.gz,,,2320.0,2320.0,0.0,0.0,0.0,0.0,0.0,0.0,0.0,0.0,0.0,,,,,131.0,95.0,,,146.0,,,5.0,,,,,,,,,,,,,0.0,,1.0,,,,,,,,,,,,,,,,,,,,,,,,,,,,0.0,0.0,,,,,0.0,,,,,,126.0,0.0,,,,,,,,,""
16358863813,"Nov 5, 2025, 12:54:24 AM",Evening swim,Swim,"",885,0,128.0,2,false,,,activities/17444488211.fit.gz,,,885.0,863.0,0.0,0.0,0.0,0.0,0.0,0.0,0.0,0.0,0.0,,,,,128.0,98.0,,,69.0,,,2.0,,,,,,,,,,,,,0.0,,1.0,,,,,,,,,,,,,,,,,,,,,,,,,,,,0.0,0.0,,,,,0.0,25.0,,,,,,0.0,,,,,,,,,""
16358863850,"Nov 5, 2025, 12:17:41 AM",Evening yoga,Workout,"",1508,0,95.0,2,false,,,activities/17444488288.fit.gz,,,1508.0,1508.0,0.0,0.0,0.0,0.0,0.0,0.0,0.0,0.0,0.0,,,,,95.0,74.0,,,43.0,,,2.0,,,,,,,,,,,,,0.0,,1.0,,,,,,,,,,,,,,,,,,,,,,,,,,,,0.0,0.0,,,,,0.0,,,,,,0.0,0.0,,,,,,,,,""
16351457918,"Nov 4, 2025, 11:50:26 AM",Morning weight lift,Weight Training,"",2657,0,147.0,6,false,,,activities/17437060457.fit.gz,,,2657.0,2657.0,0.0,0.0,0.0,0.0,0.0,0.0,0.0,0.0,0.0,,,,,147.0,94.0,,,165.0,,,6.0,,,,,,,,,,,,,0.0,,1.0,,,,,,,,,,,,,,,,,,,,,,,,,,,,0.0,0.0,,,,,0.0,,,,,,206.0,0.0,,,,,,,,,""
16347556519,"Nov 4, 2025, 12:55:49 AM",Evening bike,Ride,"",2159,0,127.0,7,false,,,activities/17433124347.fit.gz,,9.0,2159.0,2159.0,0.0,0.0,0.0,0.0,0.0,0.0,0.0,0.0,0.0,,,,,127.0,110.0,,,183.0,,,7.0,,,,,,,,,,,,,0.0,,1.0,,,,,,,,,,,,,,,,,,,,,,,,,,,,0.0,0.0,,,,,0.0,,,,,,,0.0,,,,,,,,,""
16347325548,"Nov 4, 2025, 12:33:35 AM",Evening core,Weight Training,"",1214,0,126.0,3,false,,,activities/17432892501.fit.gz,,,1214.0,1214.0,0.0,0.0,0.0,0.0,0.0,0.0,0.0,0.0,0.0,,,,,126.0,108.0,,,108.0,,,3.0,,,,,,,,,,,,,0.0,,1.0,,,,,,,,,,,,,,,,,,,,,,,,,,,,0.0,0.0,,,,,0.0,,,,,,318.0,0.0,,,,,,,,,""
16340967085,"Nov 3, 2025, 12:05:57 PM",Morning weight lift,Weight Training,"",2690,0,124.0,6,false,,,activities/17426516411.fit.gz,,,2690.0,2690.0,0.0,0.0,0.0,0.0,0.0,0.0,0.0,0.0,0.0,,,,,124.0,91.0,,,152.0,,,6.0,,,,,,,,,,,,,0.0,,1.0,,,,,,,,,,,,,,,,,,,,,,,,,,,,0.0,0.0,,,,,0.0,,,,,,156.0,0.0,,,,,,,,,""
16301267065,"Oct 30, 2025, 10:56:57 AM",Morning bike,Ride,"",2678,0,105.0,4,false,,,activities/17386130690.fit.gz,,9.0,2678.0,2678.0,0.0,0.0,0.0,0.0,0.0,0.0,0.0,0.0,0.0,,,,,105.0,82.0,,,114.0,,,4.0,,,,,,,,,,,,,0.0,,1.0,,,,,,,,,,,,,,,,,,,,,,,,,,,,0.0,0.0,,,,,0.0,,,,,,,0.0,,,,,,,,,""
16291427769,"Oct 29, 2025, 10:57:17 AM",Morning bike,Ride,"",2355,0,105.0,4,false,,,activities/17376209284.fit.gz,,9.0,2355.0,2355.0,0.0,0.0,0.0,0.0,0.0,0.0,0.0,0.0,0.0,,,,,105.0,81.0,,,97.0,,,4.0,,,,,,,,,,,,,0.0,,1.0,,,,,,,,,,,,,,,,,,,,,,,,,,,,0.0,0.0,,,,,0.0,,,,,,,0.0,,,,,,,,,""
16280552767,"Oct 28, 2025, 10:59:34 AM",Morning bike,Ride,"",2700,6.43,,,false,,,,,9.0,2700.0,2700.0,6437.4,,2.384,,,,,,0.0,,,,,,,,,,,,,,,,,,,,,,,,,0.0,,0.0,,,,,,,,,,,,,,,,,,,,,,,,,,,,2.384,0.0,,,,,0.0,,,,,,,,,,,,,,,,""
16270734364,"Oct 27, 2025, 11:13:38 AM",Morning bike,Ride,"",2313,0,83.0,3,false,,,activities/17355361749.fit.gz,,9.0,2313.0,2313.0,0.0,0.0,0.0,0.0,0.0,0.0,0.0,0.0,0.0,,,,,83.0,73.0,,,69.0,,,3.0,,,,,,,,,,,,,0.0,,1.0,,,,,,,,,,,,,,,,,,,,,,,,,,,,0.0,0.0,,,,,0.0,,,,,,,0.0,,,,,,,,,""
16252003491,"Oct 25, 2025, 12:05:20 PM",Nashville october half,Run,"Never running a half after an ultra ever again 🤦🏻‍♂️

Let’s go WAY FAM!! Brandon Bonsiero Stu Regitz Russell Aetonu Matt Mallory Michael Daylor Bethany Chantharath Robert Ross 

Shoutout to Kimberly Muldowney for pacing and seeing Lacey Porter and Kristen",6679,21.42,195.0,478,false,,Nike Streakfly,activities/17336346416.fit.gz,,,6679.0,6654.0,21427.9,5.68,3.22,248.0,254.0,123.8,192.0,43.7,0.0,,,98.0,92.0,195.0,181.0,,286.0,1429.0,,,478.0,1901705.0,,,,,,,,293.0,6680.0,,,0.0,,1.0,22358.7,,,,,,,,,,,,,,,,25076153.0,,,,,,,,,,,3.208,0.0,,,,20448.0,0.0,,748.0,201.0,3.36,,,0.0,,,,,,,,,media/6803D185-E911-4A15-82DF-2D8365FE7192.jpg|media/BD8C66EC-FCE8-41FB-97A9-AC74BD18DACC.jpg|media/17D1409A-6468-486E-B1E7-803B49ED3262.jpg|media/64BC21BB-0BF7-40D2-92EC-4904FE74B341.jpg
16240786479,"Oct 24, 2025, 11:16:36 AM",Morning run,Run,"",1369,4.03,173.0,45,false,,Nike Streakfly,activities/17325029143.fit.gz,,,1369.0,1362.0,4037.4,4.82,2.964,41.0,39.0,140.0,169.2,12.7,0.1,,,101.0,95.0,173.0,153.0,,262.0,253.0,,,45.0,356358.0,,,,,,,,261.0,1370.0,,,0.0,,1.0,4123.9,,,,,,,,,,,,,,,,25076153.0,,,,,,,,,,,2.949,0.0,,,,4300.0,0.0,,121.0,179.0,3.028,,,0.0,,,,,,,,,""
16236917921,"Oct 23, 2025, 11:05:29 AM",Morning bike,Ride,"",2917,0,116.0,6,false,,,activities/17321128135.fit.gz,,9.0,2917.0,2917.0,0.0,0.0,0.0,0.0,0.0,0.0,0.0,0.0,0.0,,,,,116.0,90.0,,,163.0,,,6.0,,,,,,,,,,,,,0.0,,1.0,,,,,,,,,,,,,,,,,,,,,,,,,,,,0.0,0.0,,,,,0.0,,,,,,,0.0,,,,,,,,,""
16221291474,"Oct 22, 2025, 11:05:23 AM",Morning bike,Ride,"",1916,0,108.0,4,false,,,activities/17305422966.fit.gz,,9.0,1916.0,1916.0,0.0,0.0,0.0,0.0,0.0,0.0,0.0,0.0,0.0,,,,,108.0,93.0,,,117.0,,,4.0,,,,,,,,,,,,,0.0,,1.0,,,,,,,,,,,,,,,,,,,,,,,,,,,,0.0,0.0,,,,,0.0,,,,,,,0.0,,,,,,,,,""
16210090593,"Oct 21, 2025, 11:02:54 AM",Morning bike,Ride,"",2111,0,95.0,3,false,,,activities/17294155838.fit.gz,,9.0,2111.0,2111.0,0.0,0.0,0.0,0.0,0.0,0.0,0.0,0.0,0.0,,,,,95.0,83.0,,,98.0,,,3.0,,,,,,,,,,,,,0.0,,1.0,,,,,,,,,,,,,,,,,,,,,,,,,,,,0.0,0.0,,,,,0.0,,,,,,,0.0,,,,,,,,,""
16200053258,"Oct 20, 2025, 11:36:13 AM",Morning bike,Ride,"",1456,0,88.0,2,false,,,activities/17284110552.fit.gz,,9.0,1456.0,1456.0,0.0,0.0,0.0,0.0,0.0,0.0,0.0,0.0,0.0,,,,,88.0,80.0,,,60.0,,,2.0,,,,,,,,,,,,,0.0,,1.0,,,,,,,,,,,,,,,,,,,,,,,,,,,,0.0,0.0,,,,,0.0,,,,,,,0.0,,,,,,,,,""
16184835840,"Oct 18, 2025, 12:47:28 PM",Tough mudder (8 hours infinity run),Run,"",31716,52.54,189.0,360,false,,Nike Pegasus Trail 4,activities/17268651951.fit.gz,,,31716.0,22473.0,52544.9,4.89,2.338,456.6,1954.0,181.7,221.6,33.3,0.0,,,122.0,83.0,189.0,129.0,,220.0,4062.0,,,360.0,5003411.0,,,,,,,,242.0,31717.0,,,0.0,,1.0,53425.8,,,,,,,,,,,,,,,,25090212.0,,,,,,,,,,,1.657,0.0,,,,61840.0,0.0,,2424.0,166.0,2.377,,,0.0,,,,,,,,,media/14A7492D-49EF-4F1E-8E23-EF247FBA8E9D.jpg
16168968208,"Oct 17, 2025, 11:09:43 AM",Morning run (with way run club),Run,"",1546,4.32,181.0,61,false,,Nike Streakfly,activities/17252623828.fit.gz,,,1546.0,1510.0,4326.8,3.9,2.865,40.0,44.0,128.8,153.2,29.6,-0.1,,,97.0,90.0,181.0,160.0,,255.0,284.0,,,61.0,381678.0,,,,,,,,260.0,1548.0,,,0.0,,1.0,4433.1,,,,,,,,,,,,,,,,25076153.0,,,,,,,,,,,2.799,0.0,,,,4476.0,0.0,,136.0,178.0,2.936,,,0.0,,,,,,,,,""
16158808535,"Oct 16, 2025, 11:05:35 AM",Morning weight lift,Weight Training,"",2757,0,143.0,7,false,,,activities/17242379054.fit.gz,,,2757.0,2757.0,0.0,0.0,0.0,0.0,0.0,0.0,0.0,0.0,0.0,,,,,143.0,99.0,,,190.0,,,7.0,,,,,,,,,,,,,0.0,,1.0,,,,,,,,,,,,,,,,,,,,,,,,,,,,0.0,0.0,,,,,0.0,,,,,,196.0,0.0,,,,,,,,,""
16147885841,"Oct 15, 2025, 11:05:40 AM",Morning weight lift,Weight Training,🎵 scared of the dark 🎵,2217,0,126.0,5,false,,,activities/17231359184.fit.gz,,,2217.0,2217.0,0.0,0.0,0.0,0.0,0.0,0.0,0.0,0.0,0.0,,,,,126.0,97.0,,,150.0,,,5.0,,,,,,,,,,,,,0.0,,1.0,,,,,,,,,,,,,,,,,,,,,,,,,,,,0.0,0.0,,,,,0.0,,,,,,146.0,0.0,,,,,,,,,""
16136794807,"Oct 14, 2025, 11:05:58 AM",Morning weight lift,Weight Training,🎵 thugz mansion 🎵,2841,0,141.0,7,false,,,activities/17220180549.fit.gz,,,2841.0,2841.0,0.0,0.0,0.0,0.0,0.0,0.0,0.0,0.0,0.0,,,,,141.0,100.0,,,198.0,,,7.0,,,,,,,,,,,,,0.0,,1.0,,,,,,,,,,,,,,,,,,,,,,,,,,,,0.0,0.0,,,,,0.0,,,,,,222.0,0.0,,,,,,,,,""
16132011999,"Oct 13, 2025, 10:18:57 PM",Afternoon run,Run,🎵 wacced out murals 🎵,1628,4.99,191.0,89,false,,Nike Streakfly,activities/17215337566.fit.gz,,,1628.0,1583.0,4992.6,4.84,3.154,60.0,63.0,134.4,169.4,19.5,0.0,,,95.0,91.0,191.0,170.0,,286.0,322.0,,,89.0,450236.0,,,,,,,,283.0,1629.0,,,0.0,,1.0,5148.7,,,,,,,,,,,,,,,,25076153.0,,,,,,,,,,,3.067,0.0,,,,4802.0,0.0,,170.0,194.0,3.252,,,0.0,,,,,,,,,""
16126054490,"Oct 13, 2025, 11:06:43 AM",Morning weight lift,Weight Training,🎵 only 🎵,2535,0,129.0,6,false,,,activities/17209345474.fit.gz,,,2535.0,2535.0,0.0,0.0,0.0,0.0,0.0,0.0,0.0,0.0,0.0,,,,,129.0,96.0,,,166.0,,,6.0,,,,,,,,,,,,,0.0,,1.0,,,,,,,,,,,,,,,,,,,,,,,,,,,,0.0,0.0,,,,,0.0,,,,,,138.0,0.0,,,,,,,,,""
16106647582,"Oct 11, 2025, 1:00:41 PM",Morning hyrox (with nash hybrid club),Workout,"",3600,0,,,false,,,,,,3600.0,3600.0,0.0,,0.0,,,,,,0.0,,,,,,,,,,,,,,,,,,,,,,,,,0.0,,0.0,,,,,,,,,,,,,,,,,,,,,,,,,,,,0.0,0.0,,,,,0.0,,,,,,,0.0,,,,,,,,,media/B02458C1-9F48-430B-8954-3A736A6CE7C3.jpg
16094538078,"Oct 10, 2025, 11:04:43 AM",Morning run (with way run club),Run,"",1386,4.37,189.0,81,false,,Nike Streakfly,activities/17177405415.fit.gz,,,1386.0,1386.0,4371.0,4.52,3.154,44.0,48.0,128.4,153.0,20.6,0.0,,,97.0,90.0,189.0,172.0,,279.0,286.0,,,81.0,386875.0,,,,,,,,288.0,1387.0,,,0.0,,1.0,4482.0,,,,,,,,,,,,,,,,25076153.0,,,,,,,,,,,3.154,0.0,,,,4178.0,0.0,,149.0,197.0,3.234,,,0.0,,,,,,,,,media/30F9FFE8-17C7-4E25-A4BF-BB5C11D304BE.jpg
16090473757,"Oct 9, 2025, 10:25:06 PM",Afternoon run,Run,🎵 from the inside 🎵,2216,7.12,194.0,135,false,,Nike Streakfly,activities/17173286053.fit.gz,,,2216.0,2058.0,7122.6,5.22,3.461,62.0,80.0,132.4,179.8,15.0,0.0,,,100.0,93.0,194.0,179.0,,304.0,458.0,,,135.0,623335.0,,,,,,,,299.0,2217.0,,,0.0,,1.0,7242.8,,,,,,,,,,,,,,,,25076153.0,,,,,,,,,,,3.214,0.0,,,,6388.0,0.0,,258.0,205.0,3.519,,,0.0,,,,,,,,,""
16084529349,"Oct 9, 2025, 11:08:53 AM",Morning weight lift,Weight Training,🎵 in my remains 🎵,2518,0,135.0,7,false,,,activities/17167302303.fit.gz,,,2518.0,2518.0,0.0,0.0,0.0,0.0,0.0,0.0,0.0,0.0,0.0,,,,,135.0,106.0,,,209.0,,,7.0,,,,,,,,,,,,,0.0,,1.0,,,,,,,,,,,,,,,,,,,,,,,,,,,,0.0,0.0,,,,,0.0,,,,,,242.0,0.0,,,,,,,,,""
16073894847,"Oct 8, 2025, 11:23:31 AM",Morning weight lift,Weight Training,🎵 heavenly poetry 5 🎵,3036,0,126.0,8,false,,,activities/17156574472.fit.gz,,,3036.0,3036.0,0.0,0.0,0.0,0.0,0.0,0.0,0.0,0.0,0.0,,,,,126.0,100.0,,,218.0,,,8.0,,,,,,,,,,,,,0.0,,1.0,,,,,,,,,,,,,,,,,,,,,,,,,,,,0.0,0.0,,,,,0.0,,,,,,108.0,0.0,,,,,,,,,""
16062055290,"Oct 7, 2025, 11:08:48 AM",Morning weight lift,Weight Training,🎵 all the stars 🎵,2593,0,128.0,7,false,,,activities/17144616562.fit.gz,,,2593.0,2593.0,0.0,0.0,0.0,0.0,0.0,0.0,0.0,0.0,0.0,,,,,128.0,104.0,,,206.0,,,7.0,,,,,,,,,,,,,0.0,,1.0,,,,,,,,,,,,,,,,,,,,,,,,,,,,0.0,0.0,,,,,0.0,,,,,,196.0,0.0,,,,,,,,,""
16057298703,"Oct 6, 2025, 10:54:20 PM",Afternoon run,Run,"",2028,6.30,193.0,111,false,,Nike Streakfly,activities/17139807297.fit.gz,,,2028.0,1787.0,6303.6,4.68,3.527,34.0,43.0,124.4,151.4,42.3,-0.1,,,94.0,88.0,193.0,176.0,,313.0,397.0,,,111.0,558025.0,,,,,,,,297.0,2029.0,,,0.0,,1.0,6386.5,,,,,,,,,,,,,,,,25076153.0,,,,,,,,,,,3.108,0.0,,,,5242.0,0.0,,232.0,203.0,3.574,,,0.0,,,,,,,,,""
16050935544,"Oct 6, 2025, 11:15:27 AM",Morning weight lift,Weight Training,Back from IR 🤕😅,2460,0,139.0,7,false,,,activities/17133407153.fit.gz,,,2460.0,2460.0,0.0,0.0,0.0,0.0,0.0,0.0,0.0,0.0,0.0,,,,,139.0,105.0,,,202.0,,,7.0,,,,,,,,,,,,,0.0,,1.0,,,,,,,,,,,,,,,,,,,,,,,,,,,,0.0,0.0,,,,,0.0,,,,,,144.0,0.0,,,,,,,,,""
15974422808,"Sep 29, 2025, 11:08:30 AM",Morning weight lift,Weight Training,🎵 busyhead 🎵,1726,0,133.0,3,false,,,activities/17055850468.fit.gz,,,1726.0,1726.0,0.0,0.0,0.0,0.0,0.0,0.0,0.0,0.0,0.0,,,,,133.0,92.0,,,110.0,,,3.0,,,,,,,,,,,,,0.0,,1.0,,,,,,,,,,,,,,,,,,,,,,,,,,,,0.0,0.0,,,,,0.0,,,,,,106.0,0.0,,,,,,,,,""
15931073630,"Sep 25, 2025, 11:07:05 AM",Morning weight lift,Weight Training,"",2316,0,138.0,6,false,,,activities/17011495444.fit.gz,,,2316.0,2316.0,0.0,0.0,0.0,0.0,0.0,0.0,0.0,0.0,0.0,,,,,138.0,103.0,,,182.0,,,6.0,,,,,,,,,,,,,0.0,,1.0,,,,,,,,,,,,,,,,,,,,,,,,,,,,0.0,0.0,,,,,0.0,,,,,,252.0,0.0,,,,,,,,,""
15920129527,"Sep 24, 2025, 11:05:51 AM",Morning weight lift,Weight Training,🎵 okay 🎵,2240,0,134.0,5,false,,,activities/17000296939.fit.gz,,,2240.0,2240.0,0.0,0.0,0.0,0.0,0.0,0.0,0.0,0.0,0.0,,,,,134.0,98.0,,,162.0,,,5.0,,,,,,,,,,,,,0.0,,1.0,,,,,,,,,,,,,,,,,,,,,,,,,,,,0.0,0.0,,,,,0.0,,,,,,136.0,0.0,,,,,,,,,""
15908655559,"Sep 23, 2025, 11:09:18 AM",Morning weight lift,Weight Training,🎵 have faith 🎵,2698,0,145.0,7,false,,,activities/16988538975.fit.gz,,,2698.0,2698.0,0.0,0.0,0.0,0.0,0.0,0.0,0.0,0.0,0.0,,,,,145.0,102.0,,,207.0,,,7.0,,,,,,,,,,,,,0.0,,1.0,,,,,,,,,,,,,,,,,,,,,,,,,,,,0.0,0.0,,,,,0.0,,,,,,222.0,0.0,,,,,,,,,""
15897378603,"Sep 22, 2025, 11:07:59 AM",Morning weight lift,Weight Training,"",1955,0,134.0,5,false,,,activities/16977003770.fit.gz,,,1955.0,1955.0,0.0,0.0,0.0,0.0,0.0,0.0,0.0,0.0,0.0,,,,,134.0,105.0,,,165.0,,,5.0,,,,,,,,,,,,,0.0,,1.0,,,,,,,,,,,,,,,,,,,,,,,,,,,,0.0,0.0,,,,,0.0,,,,,,134.0,0.0,,,,,,,,,""
15878675067,"Sep 20, 2025, 2:03:13 PM",September half,Run,"Poor prep work led to only running a third of my goal. Still a solid half.

Flybys [strava://athletes/48751818/20]Yianna Kyriacou Bell, [strava://athletes/34083637/9]Jack Bell, [strava://athletes/115454910/12]Jacob Shames",8317,21.42,184.0,392,false,,Nike Vomero 18,activities/16957716193.fit.gz,,,8317.0,7311.0,21421.8,3.66,2.93,38.0,35.0,125.2,133.4,7.3,0.0,,,94.0,88.0,184.0,168.0,,257.0,1435.0,,,392.0,1879711.0,,,,,,,,254.0,7740.0,,,0.0,,1.0,21565.9,,,,,,,,,,,,,,,,25022536.0,,,,,,,,,,,2.576,0.0,,,,21410.0,0.0,,650.0,174.0,2.95,,,0.0,,,,,,,,,""
15878488500,"Sep 20, 2025, 1:37:58 PM",Warmup walk,Walk,"",1483,1.84,113.0,3,false,,,activities/16957524078.fit.gz,,,1483.0,1483.0,1845.4,1.673,1.244,11.0,11.0,124.0,130.2,14.8,0.0,,,62.0,56.0,113.0,96.0,,,100.0,,,3.0,,,,,,,,,,,,,0.0,,1.0,,,,,,,,,,,,,,,,,,,,,,,,,,,,1.244,0.0,,,,2718.0,0.0,,,,,,,0.0,,,,,,,,,""
15863567332,"Sep 19, 2025, 10:38:26 AM",Morning run (with way run club),Run,"",1277,4.35,187.0,77,false,,Nike Streakfly,activities/16942200711.fit.gz,,,1277.0,1269.0,4356.3,4.78,3.433,39.0,45.0,129.0,153.2,19.4,-0.1,,,98.0,91.0,187.0,173.0,,304.0,276.0,,,77.0,385774.0,,,,,,,,310.0,1278.0,,,0.0,,1.0,4458.8,,,,,,,,,,,,,,,,25076153.0,,,,,,,,,,,3.411,0.0,,,,3880.0,0.0,,159.0,212.0,3.514,,,0.0,,,,,,,,,""
15852987293,"Sep 18, 2025, 11:23:39 AM",Morning weight lift,Weight Training,🎵 i hate that it’s true 🎵,1724,0,131.0,4,false,,,activities/16931365167.fit.gz,,,1724.0,1724.0,0.0,0.0,0.0,0.0,0.0,0.0,0.0,0.0,0.0,,,,,131.0,93.0,,,115.0,,,4.0,,,,,,,,,,,,,0.0,,1.0,,,,,,,,,,,,,,,,,,,,,,,,,,,,0.0,0.0,,,,,0.0,,,,,,234.0,0.0,,,,,,,,,""
15848705312,"Sep 17, 2025, 11:43:59 PM",Evening run (with jogalope),Run,"",1848,5.11,188.0,59,false,,Nike Streakfly,activities/16926944494.fit.gz,,,1848.0,1683.0,5114.0,5.96,3.039,40.0,41.0,172.8,192.4,9.5,0.0,,,93.0,87.0,188.0,155.0,,271.0,327.0,,,59.0,456035.0,,,,,,,,266.0,1849.0,,,0.0,,1.0,5197.9,,,,,,,,,,,,,,,,25076153.0,,,,,,,,,,,2.767,0.0,,,,4894.0,0.0,,170.0,182.0,3.088,,,0.0,,,,,,,,,""
15841345377,"Sep 17, 2025, 11:02:07 AM",Morning weight lift,Weight Training,"",1990,0,133.0,5,false,,,activities/16919437342.fit.gz,,,1990.0,1990.0,0.0,0.0,0.0,0.0,0.0,0.0,0.0,0.0,0.0,,,,,133.0,100.0,,,157.0,,,5.0,,,,,,,,,,,,,0.0,,1.0,,,,,,,,,,,,,,,,,,,,,,,,,,,,0.0,0.0,,,,,0.0,,,,,,130.0,0.0,,,,,,,,,""
15829668061,"Sep 16, 2025, 11:08:41 AM",Morning weight lift,Weight Training,🎵 carlo’s song 🎵,2272,0,150.0,6,false,,,activities/16907458858.fit.gz,,,2272.0,2272.0,0.0,0.0,0.0,0.0,0.0,0.0,0.0,0.0,0.0,,,,,150.0,104.0,,,188.0,,,6.0,,,,,,,,,,,,,0.0,,1.0,,,,,,,,,,,,,,,,,,,,,,,,,,,,0.0,0.0,,,,,0.0,,,,,,222.0,0.0,,,,,,,,,""
15825410585,"Sep 15, 2025, 11:41:14 PM",Evening run (with nrc),Run,"",1274,4.17,188.0,46,false,,Nike Streakfly,activities/16903045991.fit.gz,,,1274.0,1195.0,4174.8,4.86,3.494,30.0,28.0,129.6,152.4,10.2,0.0,,,93.0,88.0,188.0,158.0,,313.0,245.0,,,46.0,374163.0,,,,,,,,306.0,1276.0,,,0.0,,1.0,4232.8,,,,,,,,,,,,,,,,25076153.0,,,,,,,,,,,3.277,0.0,,,,3492.0,0.0,,156.0,210.0,3.542,,,0.0,,,,,,,,,""
15825410560,"Sep 15, 2025, 10:56:46 PM",Afternoon walk,Walk,"",1738,2.07,123.0,5,false,,,activities/16903045979.fit.gz,,,1738.0,1709.0,2069.7,1.917,1.211,17.0,15.0,139.2,151.0,11.7,0.0,,,78.0,56.0,123.0,110.0,,,116.0,,,5.0,,,,,,,,,,,,,0.0,,1.0,,,,,,,,,,,,,,,,,,,,,,,,,,,,1.191,0.0,,,,3126.0,0.0,,,,,,,0.0,,,,,,,,,""
15818152198,"Sep 15, 2025, 11:14:23 AM",Morning weight lift,Weight Training,"",1256,0,128.0,3,false,,,activities/16895585495.fit.gz,,,1256.0,1256.0,0.0,0.0,0.0,0.0,0.0,0.0,0.0,0.0,0.0,,,,,128.0,95.0,,,88.0,,,3.0,,,,,,,,,,,,,0.0,,1.0,,,,,,,,,,,,,,,,,,,,,,,,,,,,0.0,0.0,,,,,0.0,,,,,,106.0,0.0,,,,,,,,,""
15797539391,"Sep 13, 2025, 1:24:04 PM",Wounded warrior 5K,Run,"",2220,5.02,151.0,18,false,,Nike Streakfly,activities/16873919425.fit.gz,,,2220.0,2156.0,5022.1,4.4,2.329,20.0,19.0,126.6,133.2,14.3,0.0,,,103.0,85.0,151.0,128.0,,195.0,326.0,,,18.0,418980.0,,,,,,,,212.0,2221.0,,,0.0,,1.0,5106.0,,,,,,,,,,,,,,,,25076153.0,,,,,,,,,,,2.262,0.0,,,,6020.0,0.0,,129.0,145.0,2.368,,,0.0,,,,,,,,,media/AA98F057-F7CC-4DE7-A8D8-CAC20C8CFC41.jpg|media/2C46E975-6B30-41F3-AB11-196C0A01BE4B.jpg
15784659158,"Sep 12, 2025, 10:34:55 AM",Morning run (with way run club),Run,"",1325,4.36,188.0,68,false,,Nike Streakfly,activities/16860320412.fit.gz,,,1325.0,1319.0,4365.5,4.52,3.31,44.0,48.0,130.0,154.8,30.0,-0.1,,,95.0,91.0,188.0,168.0,,294.0,279.0,,,68.0,389048.0,,,,,,,,299.0,1326.0,,,0.0,,1.0,4471.7,,,,,,,,,,,,,,,,25076153.0,,,,,,,,,,,3.295,0.0,,,,3986.0,0.0,,154.0,205.0,3.39,,,0.0,,,,,,,,,""
15781101339,"Sep 11, 2025, 11:44:20 PM",Evening run (with cooldown),Run,"",1724,4.91,177.0,46,false,,Nike Streakfly,activities/16856486349.fit.gz,,,1724.0,1663.0,4912.9,6.0,2.954,64.0,67.0,150.8,181.6,18.7,0.0,,,95.0,89.0,177.0,150.0,,267.0,310.0,,,46.0,441845.0,,,,,,,,264.0,1725.0,,,0.0,,1.0,5046.7,,,,,,,,,,,,,,,,25076153.0,,,,,,,,,,,2.85,0.0,,,,4902.0,0.0,,156.0,181.0,3.035,,,0.0,,,,,,,,,""
15774076028,"Sep 11, 2025, 11:05:21 AM",Morning weight lift,Weight Training,"",1961,0,115.0,4,false,,,activities/16849132278.fit.gz,,,1961.0,1961.0,0.0,0.0,0.0,0.0,0.0,0.0,0.0,0.0,0.0,,,,,115.0,94.0,,,126.0,,,4.0,,,,,,,,,,,,,0.0,,1.0,,,,,,,,,,,,,,,,,,,,,,,,,,,,0.0,0.0,,,,,0.0,,,,,,246.0,0.0,,,,,,,,,""
15770000460,"Sep 10, 2025, 11:44:58 PM",Evening run (with jogalope),Run,"",1715,5.18,191.0,87,false,,Nike Streakfly,activities/16844746515.fit.gz,,,1715.0,1486.0,5187.0,5.52,3.491,60.0,61.0,169.2,189.4,14.5,0.0,,,94.0,88.0,191.0,172.0,,320.0,325.0,,,87.0,475362.0,,,,,,,,304.0,1716.0,,,0.0,,1.0,5329.5,,,,,,,,,,,,,,,,25076153.0,,,,,,,,,,,3.024,0.0,,,,4336.0,0.0,,206.0,208.0,3.586,,,0.0,,,,,,,,,media/D9D25EDA-56EF-4623-8149-6BCEF3C7CEF9.jpg
15762793733,"Sep 10, 2025, 11:09:03 AM",Morning weight lift,Weight Training,🎵 10 feet down 🎵,2052,0,137.0,5,false,,,activities/16837219078.fit.gz,,,2052.0,2052.0,0.0,0.0,0.0,0.0,0.0,0.0,0.0,0.0,0.0,,,,,137.0,99.0,,,155.0,,,5.0,,,,,,,,,,,,,0.0,,1.0,,,,,,,,,,,,,,,,,,,,,,,,,,,,0.0,0.0,,,,,0.0,,,,,,162.0,0.0,,,,,,,,,""
15750665321,"Sep 9, 2025, 11:07:27 AM",Morning weight lift,Weight Training,🎵 dark sea 🎵,2199,0,116.0,4,false,,,activities/16824441841.fit.gz,,,2199.0,2199.0,0.0,0.0,0.0,0.0,0.0,0.0,0.0,0.0,0.0,,,,,116.0,86.0,,,118.0,,,4.0,,,,,,,,,,,,,0.0,,1.0,,,,,,,,,,,,,,,,,,,,,,,,,,,,0.0,0.0,,,,,0.0,,,,,,196.0,0.0,,,,,,,,,""
15738874556,"Sep 8, 2025, 11:07:46 AM",Morning weight lift,Weight Training,"",1934,0,117.0,4,false,,,activities/16811989034.fit.gz,,,1934.0,1934.0,0.0,0.0,0.0,0.0,0.0,0.0,0.0,0.0,0.0,,,,,117.0,91.0,,,119.0,,,4.0,,,,,,,,,,,,,0.0,,1.0,,,,,,,,,,,,,,,,,,,,,,,,,,,,0.0,0.0,,,,,0.0,,,,,,112.0,0.0,,,,,,,,,""
15704298028,"Sep 5, 2025, 10:39:02 AM",Morning run (with way run club),Run,"",1458,4.36,188.0,36,false,,Nike Streakfly,activities/16775282942.fit.gz,,,1458.0,1439.0,4361.1,4.62,3.031,38.0,44.0,129.8,154.4,41.4,-0.1,,,96.0,92.0,188.0,148.0,,269.0,273.0,,,36.0,388279.0,,,,,,,,277.0,1459.0,,,0.0,,1.0,4469.2,,,,,,,,,,,,,,,,25076153.0,,,,,,,,,,,2.991,0.0,,,,4418.0,0.0,,146.0,190.0,3.106,,,0.0,,,,,,,,,""
15693283100,"Sep 4, 2025, 10:54:17 AM",Morning weight lift,Weight Training,"",1868,0,122.0,4,false,,,activities/16763534160.fit.gz,,,1868.0,1868.0,0.0,0.0,0.0,0.0,0.0,0.0,0.0,0.0,0.0,,,,,122.0,97.0,,,132.0,,,4.0,,,,,,,,,,,,,0.0,,1.0,,,,,,,,,,,,,,,,,,,,,,,,,,,,0.0,0.0,,,,,0.0,,,,,,212.0,0.0,,,,,,,,,""
15681869998,"Sep 3, 2025, 11:18:11 AM",Morning weight lift,Weight Training,"",1966,0,125.0,4,false,,,activities/16751145244.fit.gz,,,1966.0,1966.0,0.0,0.0,0.0,0.0,0.0,0.0,0.0,0.0,0.0,,,,,125.0,92.0,,,123.0,,,4.0,,,,,,,,,,,,,0.0,,1.0,,,,,,,,,,,,,,,,,,,,,,,,,,,,0.0,0.0,,,,,0.0,,,,,,170.0,0.0,,,,,,,,,""
15640130604,"Aug 30, 2025, 11:37:00 AM",Tough mudder training (5.5 hours loop),Run,"",19800,38.46,,,false,,Nike Pegasus Trail 4,,,,19800.0,19800.0,38463.4,,1.943,,,,,,0.0,,,,,,,,,3108.0,,,,,,,,,,,,,,,,0.0,,0.0,,,,,,,,,,,,,,,,,25090212.0,,,,,,,,,,,1.943,0.0,,,,,0.0,,,,,,,0.0,,,,,,,,,""
15625311778,"Aug 29, 2025, 10:40:14 AM",Morning run (with way run club),Run,Putting in the miles and smiles with way runners!,1482,4.35,180.0,42,false,,Nike Streakfly,activities/16688636702.fit.gz,,,1482.0,1429.0,4357.5,6.8,3.049,48.0,53.0,129.6,158.0,33.1,-0.1,,,98.0,90.0,180.0,151.0,,262.0,272.0,,,42.0,374343.0,,,,,,,,262.0,1484.0,,,0.0,,1.0,4550.5,1756461568.0,1.0,14.2,13.6,12.0,0.87,1019.7,0.3,0.4,313.0,0.0,1756466176.0,1756513152.0,0.125,,25076152.0,0.0,1.0,0.01,22221.2,0.0,,,,,,2.94,0.0,,,,4282.0,0.0,,132.0,179.0,3.184,,,0.0,,,,,,,,,media/5533E0BF-4AD2-4D1A-A48E-C1F99606EA7F.jpg|media/C1EBE805-1FFF-402D-B220-C1B9041741D4.mp4
15614757185,"Aug 28, 2025, 10:50:40 AM",Morning weight lift,Weight Training,🎵 peso 🎵,1652,0,144.0,4,false,,,activities/16677322103.fit.gz,,,1652.0,1652.0,0.0,0.0,0.0,0.0,0.0,0.0,0.0,0.0,0.0,,,,,144.0,103.0,,,134.0,,,4.0,,,,,,,,,,,,,0.0,,1.0,,,,,,,,,,,,,,,,,,,,,,,,,,,,0.0,0.0,,,,,0.0,,,,,,252.0,0.0,,,,,,,,,""
15610979697,"Aug 27, 2025, 11:44:10 PM",Evening run (with jogalope),Run,"",2601,7.48,189.0,130,false,,Nike Streakfly,activities/16673211920.fit.gz,,,2601.0,2342.0,7485.3,6.46,3.196,72.0,70.0,171.4,201.0,13.0,0.0,,,98.0,88.0,189.0,169.0,,288.0,485.0,,,130.0,667511.0,,,,,,,,278.0,2602.0,,,0.0,,1.0,7615.3,1756335616.0,3.0,24.7,23.9,10.2,0.4,1021.2,2.0,3.6,36.0,0.0,1756293376.0,1756340480.0,0.125,,25076152.0,0.0,1.0,1.0,53617.8,1.0,,,,,,2.878,0.0,,,,6798.0,0.0,,261.0,190.0,3.252,,,0.0,,,,,,,,,""
15603433896,"Aug 27, 2025, 11:01:25 AM",Morning weight lift,Weight Training,🎵 og beeper 🎵,1843,0,132.0,4,false,,,activities/16665234824.fit.gz,,,1843.0,1843.0,0.0,0.0,0.0,0.0,0.0,0.0,0.0,0.0,0.0,,,,,132.0,94.0,,,125.0,,,4.0,,,,,,,,,,,,,0.0,,1.0,,,,,,,,,,,,,,,,,,,,,,,,,,,,0.0,0.0,,,,,0.0,,,,,,158.0,0.0,,,,,,,,,""
15591142839,"Aug 26, 2025, 10:52:49 AM",Morning weight lift,Weight Training,"",2038,0,151.0,6,false,,,activities/16652140474.fit.gz,,,2038.0,2038.0,0.0,0.0,0.0,0.0,0.0,0.0,0.0,0.0,0.0,,,,,151.0,105.0,,,173.0,,,6.0,,,,,,,,,,,,,0.0,,1.0,,,,,,,,,,,,,,,,,,,,,,,,,,,,0.0,0.0,,,,,0.0,,,,,,240.0,0.0,,,,,,,,,""
15586830649,"Aug 25, 2025, 11:38:27 PM",Evening run (with nrc),Run,"",2086,6.93,192.0,85,false,,Nike Streakfly,activities/16647460012.fit.gz,,,2086.0,1918.0,6934.2,4.82,3.615,53.0,58.0,123.2,151.6,13.1,-0.1,,,94.0,89.0,192.0,162.0,,318.0,398.0,,,85.0,611107.0,,,,,,,,314.0,2087.0,,,0.0,,1.0,7046.0,1756162816.0,3.0,24.8,23.2,11.4,0.43,1017.8,3.4,5.9,338.0,0.0,1756120448.0,1756167808.0,0.125,,25076152.0,0.0,1.0,1.0,52834.8,1.0,,,,,,3.324,0.0,,,,5686.0,0.0,,268.0,215.0,3.674,,,0.0,,,,,,,,,""
15586520523,"Aug 25, 2025, 11:12:41 PM",Evening walk,Walk,"",1274,1.46,97.0,2,false,,,activities/16647132371.fit.gz,,,1274.0,1200.0,1463.5,2.58,1.22,5.0,7.0,144.8,150.8,6.8,-0.2,,,60.0,56.0,97.0,91.0,,,83.0,,,2.0,,,,,,,,,,,,,0.0,,1.0,,1756162816.0,3.0,24.8,23.2,11.4,0.43,1017.8,3.4,5.9,338.0,0.0,1756120448.0,1756167808.0,0.125,,,0.0,1.0,1.0,52834.8,1.0,,,,,,1.149,0.0,,,,2200.0,0.0,,,,,,,0.0,,,,,,,,,""
15579476445,"Aug 25, 2025, 10:53:19 AM",Morning weight lift,Weight Training,🎵 palace 🎵,1969,0,139.0,5,false,,,activities/16639652411.fit.gz,,,1969.0,1969.0,0.0,0.0,0.0,0.0,0.0,0.0,0.0,0.0,0.0,,,,,139.0,100.0,,,152.0,,,5.0,,,,,,,,,,,,,0.0,,1.0,,,,,,,,,,,,,,,,,,,,,,,,,,,,0.0,0.0,,,,,0.0,,,,,,142.0,0.0,,,,,,,,,""
15561035337,"Aug 23, 2025, 12:37:00 PM",Tough mudder training (5 hours loop),Run,"",18002,36.05,,,false,,Nike Pegasus Trail 4,,,,18002.0,18002.0,36049.4,,2.003,,,,,,0.0,,,,,,,,,2913.0,,,,,,,,,,,,,,,,0.0,,0.0,,,,,,,,,,,,,,,,,25090212.0,,,,,,,,,,,2.003,0.0,,,,,0.0,,,,,,,,,,,,,,,,""
15545525232,"Aug 22, 2025, 10:41:37 AM",Morning run (with way run club),Run,"",1469,4.36,156.0,16,false,,Nike Streakfly,activities/16602213246.fit.gz,,,1469.0,1466.0,4361.2,7.24,2.975,46.0,42.0,130.4,155.4,36.2,0.0,,,104.0,89.0,156.0,136.0,,266.0,253.0,,,16.0,387033.0,,,,,,,,268.0,1470.0,,,0.0,,1.0,4536.5,1755856768.0,1.0,20.3,19.8,19.0,0.92,1014.4,2.4,5.7,22.0,0.0,1755861120.0,1755908864.0,0.875,,25076152.0,0.0,1.0,0.09,16389.1,0.0,,,,,,2.969,0.0,,,,4378.0,0.0,,137.0,184.0,3.094,,,0.0,,,,,,,,,""
15541803790,"Aug 21, 2025, 11:45:10 PM",Evening run (with cooldown),Run,Probably not gonna hit these negative splits ever again.,1949,5.80,195.0,56,false,,Nike Streakfly,activities/16597855302.fit.gz,,,1949.0,1711.0,5807.3,4.98,3.394,70.0,68.0,160.2,201.0,15.8,0.0,,,95.0,88.0,195.0,155.0,,305.0,353.0,,,56.0,519735.0,,,,,,,,289.0,1950.0,,,0.0,,1.0,5966.1,1755817216.0,2.0,28.4,28.8,19.0,0.57,1012.4,3.6,6.2,3.0,0.0,1755774592.0,1755822592.0,0.875,,25076152.0,0.0,1.0,0.4,32634.1,1.0,,,,,,2.98,0.0,,,,5006.0,0.0,,212.0,198.0,3.487,,,0.0,,,,,,,,,""
15535007675,"Aug 21, 2025, 11:27:50 AM",Morning weight lift,Weight Training,🎵 all get right 🎵,1521,0,124.0,3,false,,,activities/16590413574.fit.gz,,,1521.0,1521.0,0.0,0.0,0.0,0.0,0.0,0.0,0.0,0.0,0.0,,,,,124.0,97.0,,,124.0,,,3.0,,,,,,,,,,,,,0.0,,1.0,,,,,,,,,,,,,,,,,,,,,,,,,,,,0.0,0.0,,,,,0.0,,,,,,218.0,0.0,,,,,,,,,""
15530661837,"Aug 20, 2025, 11:41:48 PM",Evening run (with jogalope),Run,"",1488,4.83,149.0,19,false,,Nike Streakfly,activities/16585635848.fit.gz,,,1488.0,1485.0,4834.2,4.72,3.255,54.0,54.0,129.8,153.0,11.8,0.0,,,92.0,87.0,149.0,136.0,,293.0,271.0,,,19.0,436141.0,,,,,,,,294.0,1489.0,,,0.0,,1.0,4975.3,1755730816.0,2.0,29.4,30.3,21.9,0.64,1011.6,3.6,6.5,9.0,0.0,1755688192.0,1755736192.0,0.875,,25076152.0,0.53,5.0,0.41,33485.0,1.0,,,,,,3.249,0.0,,,,4338.0,0.0,,167.0,201.0,3.35,,,0.0,,,,,,,,,""
15523198789,"Aug 20, 2025, 10:53:10 AM",Morning weight lift,Weight Training,🎵 sharing locations 🎵,1626,0,122.0,4,false,,,activities/16577741681.fit.gz,,,1626.0,1626.0,0.0,0.0,0.0,0.0,0.0,0.0,0.0,0.0,0.0,,,,,122.0,97.0,,,125.0,,,4.0,,,,,,,,,,,,,0.0,,1.0,,,,,,,,,,,,,,,,,,,,,,,,,,,,0.0,0.0,,,,,0.0,,,,,,140.0,0.0,,,,,,,,,""
15511049180,"Aug 19, 2025, 10:49:27 AM",Morning weight lift,Weight Training,🎵 lying 🎵,1906,0,126.0,4,false,,,activities/16564826967.fit.gz,,,1906.0,1906.0,0.0,0.0,0.0,0.0,0.0,0.0,0.0,0.0,0.0,,,,,126.0,98.0,,,148.0,,,4.0,,,,,,,,,,,,,0.0,,1.0,,,,,,,,,,,,,,,,,,,,,,,,,,,,0.0,0.0,,,,,0.0,,,,,,202.0,0.0,,,,,,,,,""
15506269068,"Aug 18, 2025, 10:32:03 PM",Afternoon run,Run,🎵 still runnin 🎵,2045,6.15,181.0,95,false,,Nike Streakfly,activities/16559680142.fit.gz,,,2045.0,1994.0,6153.6,3.86,3.086,34.0,38.0,125.6,155.4,10.3,-0.1,,,93.0,88.0,181.0,164.0,,274.0,420.0,,,95.0,543171.0,,,,,,,,271.0,2046.0,,,0.0,,1.0,6223.2,1755554432.0,1.0,33.0,35.1,23.0,0.56,1014.8,3.6,5.8,48.0,0.0,1755515264.0,1755563648.0,0.875,,25076152.0,0.0,1.0,0.0,37331.6,2.0,,,,,,3.009,0.0,,,,5870.0,0.0,,196.0,186.0,3.121,,,0.0,,,,,,,,,""
15499391795,"Aug 18, 2025, 10:55:08 AM",Morning weight lift,Weight Training,"",1925,0,138.0,4,false,,,activities/16552443049.fit.gz,,,1925.0,1925.0,0.0,0.0,0.0,0.0,0.0,0.0,0.0,0.0,0.0,,,,,138.0,95.0,,,150.0,,,4.0,,,,,,,,,,,,,0.0,,1.0,,,,,,,,,,,,,,,,,,,,,,,,,,,,0.0,0.0,,,,,0.0,,,,,,150.0,,,,,,,,,,""
15478004623,"Aug 16, 2025, 12:01:15 PM",Titans 5k,Run,"",2252,5.21,153.0,22,false,,Nike Streakfly,activities/16529446264.fit.gz,,,2252.0,2245.0,5212.9,6.56,2.322,44.0,53.0,122.2,150.6,16.7,-0.2,,,94.0,81.0,153.0,134.0,,190.0,357.0,,,22.0,428062.0,,,,,,,,201.0,2253.0,,,0.0,,1.0,5327.9,1755345664.0,1.0,23.6,26.3,22.4,0.93,1019.5,1.1,2.4,207.0,0.0,1755342336.0,1755390976.0,0.75,,25076152.0,0.0,1.0,0.0,16082.9,0.0,,,,,,2.315,0.0,,,,5988.0,0.0,,118.0,138.0,2.373,,,,,,,,,,,,media/FEAF40E2-6191-4E4A-8241-A3D0D15733D1.jpg
15466097771,"Aug 15, 2025, 9:57:53 AM",Morning run (with way run club),Run,"",3598,8.13,152.0,41,false,,Nike Streakfly,activities/16516721148.fit.gz,,,3598.0,2613.0,8137.0,4.56,3.114,60.0,73.0,130.4,155.0,50.0,-0.1,,,94.0,90.0,152.0,139.0,,274.0,502.0,,,41.0,715445.0,,,,,,,,271.0,2816.0,,,0.0,,1.0,8286.2,1755248384.0,1.0,23.4,24.7,22.0,0.92,1017.5,0.2,0.5,43.0,0.0,1755255936.0,1755304576.0,0.625,,25076152.0,0.52,5.0,0.18,15812.2,0.0,,,,,,2.262,0.0,,,,7834.0,0.0,,270.0,186.0,3.171,,,,,,,,,,,,""
15462021166,"Aug 14, 2025, 11:46:00 PM",Evening run (with cooldown),Run,"",2152,6.45,152.0,35,false,,Nike Streakfly,activities/16512322253.fit.gz,,,2152.0,2095.0,6457.0,6.02,3.082,89.0,86.0,147.8,186.2,12.3,0.0,,,94.0,88.0,152.0,141.0,,278.0,355.0,,,35.0,579716.0,,,,,,,,276.0,2153.0,,,0.0,,1.0,6650.4,1755212416.0,1.0,28.7,31.1,23.2,0.72,1014.6,1.9,3.7,73.0,0.4,1755169536.0,1755218304.0,0.625,,25076152.0,0.4,5.0,0.31,22876.1,1.0,,,,,,3.0,0.0,,,,6128.0,0.0,,213.0,189.0,3.174,,,,,,,,,,,,""
15461114884,"Aug 14, 2025, 10:09:51 PM",Afternoon walk (with Bliss),Walk,"",680,0.66,110.0,1,false,,,activities/16511363407.fit.gz,,,680.0,643.0,666.5,1.663,1.037,11.0,12.0,168.4,181.4,15.4,0.0,,,73.0,55.0,110.0,90.0,,,44.0,,,1.0,,,,,,,,,,,,,0.0,,1.0,,1755208832.0,2.0,29.9,31.8,23.1,0.67,1014.2,0.9,1.5,82.0,0.3,1755169536.0,1755218304.0,0.625,,,0.4,5.0,0.62,25337.7,2.0,,,,,,0.98,0.0,,,,1078.0,0.0,,,,,,,,,,,,,,,,""
15455147586,"Aug 14, 2025, 10:57:47 AM",Morning weight lift,Weight Training,🎵 family ties 🎵,1576,0,116.0,3,false,,,activities/16505031109.fit.gz,,,1576.0,1576.0,0.0,0.0,0.0,0.0,0.0,0.0,0.0,0.0,0.0,,,,,116.0,91.0,,,101.0,,,3.0,,,,,,,,,,,,,0.0,,1.0,,,,,,,,,,,,,,,,,,,,,,,,,,,,0.0,0.0,,,,,0.0,,,,,,278.0,,,,,,,,,,""
15443880786,"Aug 13, 2025, 10:56:04 AM",Morning weight lift,Weight Training,"",2725,0,117.0,6,false,,,activities/16492992962.fit.gz,,,2725.0,2725.0,0.0,0.0,0.0,0.0,0.0,0.0,0.0,0.0,0.0,,,,,117.0,92.0,,,154.0,,,6.0,,,,,,,,,,,,,0.0,,1.0,,,,,,,,,,,,,,,,,,,,,,,,,,,,0.0,0.0,,,,,0.0,,,,,,,,,,,,,,,,""
15431923939,"Aug 12, 2025, 10:50:56 AM",Morning weight lift,Weight Training,🎵 small town boy 🎵,3018,0,122.0,6,false,,,activities/16480239285.fit.gz,,,3018.0,3018.0,0.0,0.0,0.0,0.0,0.0,0.0,0.0,0.0,0.0,,,,,122.0,90.0,,,175.0,,,6.0,,,,,,,,,,,,,0.0,,1.0,,,,,,,,,,,,,,,,,,,,,,,,,,,,0.0,0.0,,,,,0.0,,,,,,,,,,,,,,,,""
15427001043,"Aug 11, 2025, 11:38:42 PM",Evening run (with nrc),Run,"",2194,7.06,186.0,128,false,,Nike Streakfly,activities/16474935697.fit.gz,,,2194.0,2153.0,7066.9,5.0,3.282,57.2,62.4,123.0,152.4,15.5,-0.1,,,,,186.0,172.0,,210.0,456.0,,,128.0,,,,,,,,,210.0,2191.0,,,0.0,,1.0,7146.3,1754953216.0,1.0,31.2,33.0,21.6,0.57,1015.2,3.2,5.2,117.0,0.0,1754910208.0,1754959360.0,0.625,,25076152.0,0.53,5.0,0.05,36888.7,1.0,,,,,,3.221,0.0,,,,6524.0,0.0,,126.0,144.0,3.319,,,,,,,,,,,,""
15420019122,"Aug 11, 2025, 10:50:12 AM",Morning weight lift,Weight Training,🎵 die young 🎵,2940,0,125.0,6,false,,,activities/16467551693.fit.gz,,,2940.0,2940.0,0.0,0.0,0.0,0.0,0.0,0.0,0.0,0.0,0.0,,,,,125.0,93.0,,,168.0,,,6.0,,,,,,,,,,,,,0.0,,1.0,,,,,,,,,,,,,,,,,,,,,,,,,,,,0.0,0.0,,,,,0.0,,,,,,,,,,,,,,,,""
15415928132,"Aug 10, 2025, 10:31:02 PM",Afternoon run,Run,"",3162,8.73,176.0,115,false,,Nike Vomero 18,activities/16463093942.fit.gz,,,3162.0,2955.0,8733.5,5.8,2.956,123.4,124.6,128.2,176.8,34.4,0.0,,,,,176.0,159.0,,191.0,560.0,,,115.0,,,,,,,,,190.0,3162.0,,,0.0,,1.0,9130.3,1754863232.0,1.0,30.7,33.2,20.6,0.55,1017.1,2.2,4.1,132.0,0.0,1754823680.0,1754872960.0,0.625,,25022536.0,0.52,5.0,0.03,35696.4,2.0,,,,,,2.762,0.0,,,,9100.0,0.0,,148.0,130.0,3.09,,,,,,,,,,,,""
15401894578,"Aug 9, 2025, 12:55:00 PM",Tough mudder training (4.5 hours loop),Run,"",16200,31.38,,,false,,Nike Pegasus Trail 4,,,,16200.0,16200.0,31382.3,,1.937,,,,,,0.0,,,,,,,,,2536.0,,,,,,,,,,,,,,,,0.0,,0.0,,,,,,,,,,,,,,,,,25090212.0,,,,,,,,,,,1.937,0.0,,,,,0.0,,,,,,,,,,,,,,,,""
15387812446,"Aug 8, 2025, 12:29:30 PM",Morning run,Run,🎵 burning blue 🎵,2686,8.07,185.0,160,false,,Nike Streakfly,activities/16433050982.fit.gz,,,2686.0,2462.0,8069.1,8.52,3.277,102.0,102.4,135.6,174.4,10.3,0.0,,,,,185.0,175.0,,217.0,492.0,,,160.0,,,,,,,,,213.0,2688.0,,,0.0,,1.0,8442.2,1754654464.0,1.0,21.8,24.1,20.8,0.94,1019.5,1.7,4.0,157.0,0.0,1754650880.0,1754700288.0,0.375,,25076152.0,0.53,5.0,0.0,15898.5,0.0,,,,,,3.004,0.0,,,,8026.0,0.0,,159.0,146.0,3.429,,,,,,,,,,,,""
15386344203,"Aug 8, 2025, 10:40:36 AM",Morning run (with way run club),Run,"",917,3.30,191.0,64,false,,Nike Streakfly,activities/16431492209.fit.gz,,,917.0,913.0,3303.4,5.22,3.618,25.6,35.6,128.0,152.4,14.2,-0.3,,,,,191.0,179.0,,234.0,194.0,,,64.0,,,,,,,,,232.0,914.0,,,0.0,,1.0,3340.1,1754647168.0,1.0,21.3,21.7,20.6,0.96,1018.8,1.7,3.6,185.0,0.0,1754650752.0,1754700288.0,0.375,,25076152.0,0.45,5.0,0.09,17032.9,0.0,,,,,,3.602,0.0,,,,2952.0,0.0,,64.0,159.0,3.658,,,,,,,,,,,,""
15375396835,"Aug 7, 2025, 10:57:15 AM",Morning weight lift,Weight Training,🎵 mud 🎵,2081,0,135.0,4,false,,,activities/16419813333.fit.gz,,,2081.0,2081.0,0.0,0.0,0.0,0.0,0.0,0.0,0.0,0.0,0.0,,,,,135.0,90.0,,,134.0,,,4.0,,,,,,,,,,,,,0.0,,1.0,,,,,,,,,,,,,,,,,,,,,,,,,,,,0.0,0.0,,,,,0.0,,,,,,,,,,,,,,,,""
15371001973,"Aug 6, 2025, 11:05:38 PM",Evening run,Run,🎵 risk it all 🎵,3472,9.09,183.0,165,false,,Nike Vomero 18,activities/16415046641.fit.gz,,,3472.0,2853.0,9090.3,10.103,3.186,139.0,140.0,141.4,192.6,37.1,0.0,,,,,183.0,171.0,,211.0,537.0,,,165.0,,,,,,,,,197.0,3472.0,,,0.0,,1.0,9896.3,1754521216.0,3.0,28.5,29.3,20.8,0.63,1021.3,1.6,2.3,1.0,2.9,1754477952.0,1754527616.0,0.375,,25022536.0,0.53,5.0,0.7,23449.5,1.0,,,,,,2.618,102.3,,,,8630.0,0.0,,175.0,135.0,3.469,,,,,,,,,,,,""
15363545532,"Aug 6, 2025, 10:52:35 AM",Morning weight lift,Weight Training,🎵 change nothing 🎵,2703,0,121.0,5,false,,,activities/16407179557.fit.gz,,,2703.0,2703.0,0.0,0.0,0.0,0.0,0.0,0.0,0.0,0.0,0.0,,,,,121.0,86.0,,,158.0,,,5.0,,,,,,,,,,,,,0.0,,1.0,,,,,,,,,,,,,,,,,,,,,,,,,,,,0.0,0.0,,,,,0.0,,,,,,,,,,,,,,,,""
15359099294,"Aug 5, 2025, 11:52:41 PM",Evening run,Run,"",1617,4.96,191.0,58,false,,Nike Streakfly,activities/16402368145.fit.gz,,,1617.0,1614.0,4967.9,5.22,3.078,70.6,74.2,128.0,153.8,27.0,-0.1,,,,,191.0,158.0,,201.0,308.0,,,58.0,,,,,,,,,208.0,1618.0,,,0.0,,1.0,5101.6,1754434816.0,1.0,28.3,31.0,20.5,0.63,1020.0,1.6,2.8,119.0,0.0,1754391424.0,1754441344.0,0.375,,25076152.0,0.0,1.0,0.03,34269.0,1.0,,,,,,3.072,0.0,,,,4778.0,0.0,,90.0,142.0,3.161,,,,,,,,,,,,""
15351499409,"Aug 5, 2025, 11:06:02 AM",Morning weight lift,Weight Training,🎵 lonely star 🎵,2259,0,103.0,5,false,,,activities/16394362803.fit.gz,,,2259.0,2259.0,0.0,0.0,0.0,0.0,0.0,0.0,0.0,0.0,0.0,,,,,103.0,92.0,,,94.0,,,5.0,,,,,,,,,,,,,0.0,,1.0,,,,,,,,,,,,,,,,,,,,,,,,,,,,0.0,0.0,,,,,0.0,,,,,,,,,,,,,,,,""
15346959153,"Aug 4, 2025, 10:40:08 PM",Afternoon run (with nrc),Run,"",5282,10.57,197.0,175,false,,Nike Streakfly,activities/16389443395.fit.gz,,,5282.0,3166.0,10571.3,6.84,3.339,103.2,109.6,126.2,158.2,23.7,-0.1,,,,,197.0,170.0,,220.0,668.0,,,175.0,,,,,,,,,210.0,3741.0,,,0.0,,1.0,12022.8,1754344832.0,3.0,26.9,26.9,20.2,0.67,1017.0,2.4,3.7,145.0,0.0,1754305024.0,1754354944.0,0.375,,25076152.0,0.22,5.0,0.99,23314.0,2.0,,,,,,2.001,0.0,,,,11296.0,0.0,,215.0,144.0,3.797,,,,,,,,,,,,""
15339757709,"Aug 4, 2025, 10:52:09 AM",Morning weight lift,Weight Training,🎵 not by chance 🎵,2505,0,121.0,5,false,,,activities/16381813941.fit.gz,,,2505.0,2505.0,0.0,0.0,0.0,0.0,0.0,0.0,0.0,0.0,0.0,,,,,121.0,92.0,,,147.0,,,5.0,,,,,,,,,,,,,0.0,,1.0,,,,,,,,,,,,,,,,,,,,,,,,,,,,0.0,0.0,,,,,0.0,,,,,,,,,,,,,,,,""
15336054720,"Aug 3, 2025, 11:59:53 PM",Neighborhood walk (with Bliss),Walk,"",1120,0.98,117.0,2,false,,,activities/16377742618.fit.gz,,,1120.0,1015.0,979.3,1.94,0.965,53.8,45.6,158.8,183.4,49.4,0.8,,,,,117.0,103.0,,,57.0,,,2.0,,,,,,,,,,,,,0.0,,1.0,,1754262016.0,3.0,25.4,25.2,20.9,0.76,1014.8,3.0,5.2,111.0,0.1,1754218624.0,1754268672.0,0.375,,,0.61,5.0,1.0,18182.5,1.0,,,,,,0.874,0.0,,,,,0.0,,,,,,,,,,,,,,,,media/2F2FE8BC-C268-4189-9EFD-CE9E4973BE15.mp4
15335870309,"Aug 3, 2025, 10:06:23 PM",August 10k,Run,"Sunday shakeout for a new weekly mileage milestone, 40 miles

🎵 new perspective 🎵",3497,9.86,184.0,137,false,,Nike Streakfly,activities/16377534993.fit.gz,,,3497.0,3295.0,9866.8,4.66,2.994,148.0,139.4,132.4,174.6,26.0,0.1,,,,,184.0,161.0,,197.0,644.0,,,137.0,,,,,,,,,196.0,3492.0,,,0.0,,1.0,10291.1,1754258432.0,3.0,26.2,25.9,21.2,0.74,1015.2,3.2,5.2,95.0,0.2,1754218624.0,1754268672.0,0.375,,25076152.0,0.61,5.0,0.95,19209.2,2.0,,,,,,2.821,0.0,,,,10042.0,0.0,,174.0,134.0,3.123,,,,,,,,,,,,""
15335673009,"Aug 3, 2025, 9:54:09 PM",Afternoon walk,Walk,"",622,0.45,105.0,0,false,,,activities/16377316602.fit.gz,,,622.0,435.0,458.6,2.273,1.054,6.0,12.2,141.4,149.8,11.1,-1.4,,,,,105.0,91.0,,,25.0,,,0.0,,,,,,,,,,,,,0.0,,1.0,,1754254848.0,5.0,26.2,26.0,21.4,0.75,1015.3,3.0,5.0,112.0,0.1,1754218624.0,1754268672.0,0.375,,,0.77,5.0,1.0,17884.1,4.0,,,,,,0.737,0.0,,,,84.0,0.0,,,,,,,,,,,,,,,,""
15310164209,"Aug 1, 2025, 4:05:13 PM",Midday walk,Walk,"",1569,1.89,166.0,23,false,,,activities/16350008370.fit.gz,,,1569.0,1534.0,1890.8,3.775,1.233,26.0,3.6,127.6,150.0,9.1,1.2,,,,,166.0,141.0,,,84.0,,,23.0,,,,,,,,,,,,,0.0,,1.0,,1754064000.0,3.0,25.6,25.5,21.3,0.77,1020.6,2.8,4.5,14.0,0.0,1754045696.0,1754096000.0,0.25,,,0.27,5.0,1.0,20443.7,5.0,,,,,,1.205,0.0,,,,2682.0,0.0,,,,,,,,,,,,,,,,""
15310164206,"Aug 1, 2025, 1:36:44 PM",August half,Run,"",8865,21.21,182.0,473,false,,Nike Vomero 18,activities/16350008328.fit.gz,,,8865.0,7933.0,21218.7,7.786,2.675,228.4,252.4,122.8,174.2,21.4,-0.1,,,,,182.0,170.0,,177.0,1249.0,,,473.0,,,,,,,,,174.0,8809.0,,,0.0,,1.0,22417.4,1754053248.0,3.0,23.3,23.3,21.0,0.87,1019.9,3.0,5.2,7.0,0.0,1754045696.0,1754096000.0,0.25,,25022536.0,0.34,5.0,0.89,18006.8,1.0,,,,,,2.394,0.0,,,,24292.0,0.0,,347.0,119.0,2.826,,,,,,,,,,,,""
15310160856,"Aug 1, 2025, 1:24:38 PM",Morning walk,Walk,"",714,0.87,108.0,1,false,,,activities/16350004827.fit.gz,,,714.0,714.0,878.8,2.78,1.231,9.8,8.6,142.6,152.6,18.8,0.2,,,,,108.0,95.0,,,37.0,,,1.0,,,,,,,,,,,,,0.0,,1.0,,1754053248.0,3.0,23.3,23.3,21.0,0.87,1019.9,3.0,5.2,7.0,0.0,1754045696.0,1754096000.0,0.25,,,0.34,5.0,0.89,18006.8,1.0,,,,,,1.231,0.0,,,,1288.0,0.0,,,,,,,,,,,,,,,,""
15296445685,"Jul 31, 2025, 10:56:50 AM",Morning weight lift,Weight Training,🎵 let me go 🎵,1822,0,122.0,4,false,,,activities/16335365889.fit.gz,,,1822.0,1822.0,0.0,0.0,0.0,0.0,0.0,0.0,0.0,0.0,0.0,,,,,122.0,98.0,,,112.0,,,4.0,,,,,,,,,,,,,0.0,,1.0,,,,,,,,,,,,,,,,,,,,,,,,,,,,0.0,0.0,,,,,0.0,,,,,,,,,,,,,,,,""
15292723681,"Jul 30, 2025, 11:36:58 PM",Evening run,Run,"",3934,9.78,187.0,225,false,,Nike Streakfly,activities/16331345138.fit.gz,,,3934.0,3701.0,9787.8,5.04,2.645,129.4,133.0,127.4,173.8,14.7,0.0,,,,,187.0,172.0,,176.0,729.0,,,225.0,,,,,,,,,175.0,3935.0,,,0.0,,1.0,10174.2,1753916416.0,1.0,33.3,35.2,22.5,0.53,1012.8,3.2,5.2,26.0,0.0,1753872768.0,1753923200.0,0.125,,25076152.0,0.0,1.0,0.1,38561.2,1.0,,,,,,2.488,0.0,,,,11110.0,0.0,,157.0,120.0,2.749,,,,,,,,,,,,""
15292723287,"Jul 30, 2025, 11:23:12 PM",Evening walk,Walk,"",815,0.89,124.0,2,false,,,activities/16331344763.fit.gz,,,815.0,815.0,894.5,2.66,1.098,11.8,7.4,138.8,146.2,12.5,0.4,,,,,124.0,108.0,,,50.0,,,2.0,,,,,,,,,,,,,0.0,,1.0,,1753916416.0,1.0,33.3,35.2,22.5,0.53,1012.8,3.2,5.2,26.0,0.0,1753872768.0,1753923200.0,0.125,,,0.0,1.0,0.1,38561.2,1.0,,,,,,1.098,0.0,,,,1396.0,0.0,,,,,,,,,,,,,,,,""
15285033612,"Jul 30, 2025, 10:51:28 AM",Morning weight lift,Weight Training,🎵 push/pull 🎵,1829,0,124.0,4,false,,,activities/16323203448.fit.gz,,,1829.0,1829.0,0.0,0.0,0.0,0.0,0.0,0.0,0.0,0.0,0.0,,,,,124.0,96.0,,,106.0,,,4.0,,,,,,,,,,,,,0.0,,1.0,,,,,,,,,,,,,,,,,,,,,,,,,,,,0.0,0.0,,,,,0.0,,,,,,,,,,,,,,,,""
15281052150,"Jul 29, 2025, 11:03:29 PM",Evening run,Run,"",4984,9.47,185.0,155,false,,Nike Streakfly,activities/16318869001.fit.gz,,,4984.0,3407.0,9477.9,4.22,2.782,104.4,111.8,128.8,152.8,18.8,-0.1,,,,,185.0,163.0,,184.0,647.0,,,155.0,,,,,,,,,183.0,3599.0,,,0.0,,1.0,9820.3,1753830016.0,1.0,32.1,33.9,23.4,0.6,1015.5,3.8,6.3,17.0,0.0,1753786368.0,1753836928.0,0.125,,25076152.0,0.52,5.0,0.09,35151.1,1.0,,,,,,1.902,0.0,,,,10412.0,0.0,,156.0,125.0,2.882,,,,,,,,,,,,""
15273449294,"Jul 29, 2025, 10:54:44 AM",Morning weight lift,Weight Training,"",2672,0,113.0,6,false,,,activities/16310853467.fit.gz,,,2672.0,2672.0,0.0,0.0,0.0,0.0,0.0,0.0,0.0,0.0,0.0,,,,,113.0,93.0,,,162.0,,,6.0,,,,,,,,,,,,,0.0,,1.0,,,,,,,,,,,,,,,,,,,,,,,,,,,,0.0,0.0,,,,,0.0,,,,,,,,,,,,,,,,""
15269261551,"Jul 28, 2025, 11:44:04 PM",Evening run (with 12south runners),Run,🎵 take your time 🎵,3136,8.83,195.0,232,false,,Nike Streakfly,activities/16306332136.fit.gz,,,3136.0,3071.0,8831.0,4.16,2.876,106.2,106.2,167.2,195.2,18.2,0.0,,,,,195.0,186.0,,191.0,608.0,,,232.0,,,,,,,,,192.0,3137.0,,,0.0,,1.0,9010.6,1753743616.0,1.0,32.0,34.6,24.4,0.64,1016.8,2.4,4.4,26.0,1.2,1753699840.0,1753750528.0,0.125,,25076152.0,0.53,5.0,0.03,26811.0,1.0,,,,,,2.816,2.0,,,,8992.0,0.0,,151.0,132.0,2.934,,,,,,,,,,,,""
15268759074,"Jul 28, 2025, 10:53:30 PM",Afternoon run,Run,"",1892,5.48,193.0,108,false,,Nike Streakfly,activities/16305798170.fit.gz,,,1892.0,1877.0,5487.3,4.397,2.923,52.6,57.8,157.6,190.4,12.1,-0.1,,,,,193.0,171.0,,193.0,388.0,,,108.0,,,,,,,,,193.0,1892.0,,,0.0,,1.0,5588.4,1753740032.0,1.0,33.8,36.5,24.4,0.58,1016.8,1.8,2.8,4.0,0.1,1753699840.0,1753750528.0,0.125,,25076152.0,0.52,5.0,0.12,34316.0,3.0,,,,,,2.9,59.0,,,,5594.0,0.0,,91.0,132.0,2.977,,,,,,,,,,,,""
15263220179,"Jul 28, 2025, 10:51:33 AM",Morning weight lift,Weight Training,🎵 jump in 🎵,2640,0,133.0,6,false,,,activities/16299939120.fit.gz,,,2640.0,2640.0,0.0,0.0,0.0,0.0,0.0,0.0,0.0,0.0,0.0,,,,,133.0,93.0,,,165.0,,,6.0,,,,,,,,,,,,,0.0,,1.0,,,,,,,,,,,,,,,,,,,,,,,,,,,,0.0,0.0,,,,,0.0,,,,,,,,,,,,,,,,""
15248311908,"Jul 26, 2025, 1:00:00 PM",Tough mudder training (4 hours loop),Run,Apple watch died. I didnt. Thank the good Lord!,14640,30.09,,,false,,,,,,14640.0,14640.0,30094.8,,2.056,,,,,,0.0,,,,,,,,,2432.0,,,,,,,,,,,,,,,,0.0,,0.0,,,,,,,,,,,,,,,,,,,,,,,,,,,,2.056,0.0,,,,,0.0,,,,,,,,,,,,,,,,media/F02A6D4A-71B2-4AEC-A30D-14C0FDC76BE3.jpg
15230204752,"Jul 25, 2025, 10:39:10 AM",Morning run (way run club),Run,"",1608,4.24,175.0,55,false,,Nike Streakfly,activities/16264549062.fit.gz,,,1608.0,1604.0,4241.2,4.2,2.644,60.4,46.2,128.8,152.8,24.2,0.3,,,,,175.0,156.0,,178.0,275.0,,,55.0,,,,,,,,,179.0,1609.0,,,0.0,,1.0,4387.1,1753437568.0,1.0,24.6,25.6,22.5,0.88,1016.8,1.4,3.4,142.0,0.0,1753440512.0,1753491456.0,0.125,,25076152.0,0.52,5.0,0.15,17365.6,0.0,,,,,,2.638,0.0,,,,4784.0,0.0,,67.0,123.0,2.735,,,,,,,,,,,,""
15219953723,"Jul 24, 2025, 10:56:44 AM",Morning weight lift,Weight Training,🎵 try again 🎵,3008,0,131.0,7,false,,,activities/16253561556.fit.gz,,,3008.0,3008.0,0.0,0.0,0.0,0.0,0.0,0.0,0.0,0.0,0.0,,,,,131.0,93.0,,,185.0,,,7.0,,,,,,,,,,,,,0.0,,1.0,,,,,,,,,,,,,,,,,,,,,,,,,,,,0.0,0.0,,,,,0.0,,,,,,,,,,,,,,,,""
15215740998,"Jul 23, 2025, 11:45:38 PM",Evening run (with jogalope),Run,"",1764,5.04,193.0,99,false,,Nike Streakfly,activities/16248994085.fit.gz,,,1764.0,1739.0,5047.4,4.34,2.902,68.4,80.0,129.4,166.4,18.2,-0.2,,,,,193.0,171.0,,191.0,321.0,,,99.0,,,,,,,,,193.0,1762.0,,,0.0,,1.0,5158.6,1753311616.0,1.0,32.7,35.3,23.4,0.58,1015.9,2.5,3.9,147.0,0.0,1753267712.0,1753318784.0,0.875,,25076152.0,0.53,5.0,0.02,34241.6,1.0,,,,,,2.861,0.0,,,,5074.0,0.0,,85.0,132.0,2.966,,,,,,,,,,,,""
15208742228,"Jul 23, 2025, 10:52:53 AM",Morning weight lift,Weight Training,🎵 heartbeat 🎵,3620,0,134.0,7,false,,,activities/16241592261.fit.gz,,,3620.0,3620.0,0.0,0.0,0.0,0.0,0.0,0.0,0.0,0.0,0.0,,,,,134.0,90.0,,,216.0,,,7.0,,,,,,,,,,,,,0.0,,1.0,,,,,,,,,,,,,,,,,,,,,,,,,,,,0.0,0.0,,,,,0.0,,,,,,,,,,,,,,,,""
15204320156,"Jul 22, 2025, 11:47:57 PM",Evening run,Run,"",1512,4.41,179.0,76,false,,Nike Streakfly,activities/16236803259.fit.gz,,,1512.0,1509.0,4411.4,4.14,2.923,54.2,55.4,128.0,153.2,15.4,0.0,,,,,179.0,165.0,,194.0,280.0,,,76.0,,,,,,,,,196.0,1512.0,,,0.0,,1.0,4520.9,1753225216.0,3.0,31.5,32.5,24.4,0.66,1014.7,1.9,3.5,22.0,0.2,1753181184.0,1753232384.0,0.875,,25076152.0,0.52,5.0,1.0,30415.2,1.0,,,,,,2.918,0.0,,,,4456.0,0.0,,75.0,134.0,2.996,,,,,,,,,,,,""
15196989534,"Jul 22, 2025, 10:53:49 AM",Morning weight lift,Weight Training,🎵 heavenly poetry 6 🎵,3827,0,110.0,8,false,,,activities/16229043997.fit.gz,,,3827.0,3827.0,0.0,0.0,0.0,0.0,0.0,0.0,0.0,0.0,0.0,,,,,110.0,88.0,,,222.0,,,8.0,,,,,,,,,,,,,0.0,,1.0,,,,,,,,,,,,,,,,,,,,,,,,,,,,0.0,0.0,,,,,0.0,,,,,,,,,,,,,,,,""
15185774784,"Jul 21, 2025, 10:54:19 AM",Morning weight lift,Weight Training,"",3193,0,131.0,7,false,,,activities/16216827603.fit.gz,,,3193.0,3193.0,0.0,0.0,0.0,0.0,0.0,0.0,0.0,0.0,0.0,,,,,131.0,91.0,,,197.0,,,7.0,,,,,,,,,,,0.0,,0.0,,1.0,,,,,,,,,,,,,,,,,,,,,,,,,,,0.0,0.0,0.0,,,,,0.0,,,,,,,,,,,,,,,,""
15166985641,"Jul 19, 2025, 12:52:46 PM",Morning run,Run,"Flyby with the one and only Megan Scheumann #LocalLegend

And forgot to unpause my watch at mile 12 😅",7893,18.37,184.0,377,false,,Nike Vomero 18,activities/16196096973.fit.gz,,,7893.0,6750.0,18377.6,7.22,2.723,232.4,235.6,127.4,191.6,25.0,0.0,,,,,184.0,167.0,,180.0,1127.0,,,377.0,,,,,,,,,176.0,7639.0,0.0,,0.0,,1.0,20091.0,1752926464.0,3.0,24.3,25.2,23.3,0.94,1018.7,2.3,5.8,195.0,0.0,1752921856.0,1752973312.0,0.875,,25022536.0,0.78,5.0,1.0,14807.1,0.0,,,,,0.0,2.328,95.2,,,,21074.0,0.0,,309.0,121.0,2.976,,,,,,,,,,,,""
15165149678,"Jul 19, 2025, 12:36:01 PM",Morning walk,Walk,"",795,0.97,105.0,1,false,,,activities/16194108825.fit.gz,,,795.0,795.0,973.8,3.3,1.225,15.2,15.2,135.8,145.0,16.9,0.0,,,,,105.0,89.0,,,55.0,,,1.0,,,,,,,,,,,0.0,,0.0,,1.0,,1752926464.0,3.0,24.3,25.2,23.3,0.94,1018.7,2.3,5.8,195.0,0.0,1752921856.0,1752973312.0,0.875,,,0.78,5.0,1.0,14807.1,0.0,,,,,0.0,1.225,0.0,,,,,0.0,,,,,,,,,,,,,,,,""
15153688689,"Jul 18, 2025, 10:36:21 AM",Morning run (with way run club),Run,Bliss and Aria reunion 🐾🐶 Caroline Farr,1344,3.34,172.0,47,false,,Nike Streakfly,activities/16181511070.fit.gz,,,1344.0,1302.0,3348.1,4.06,2.572,39.8,39.2,128.6,146.4,18.0,0.0,,,,,172.0,158.0,,170.0,226.0,,,47.0,,,,,,,,,171.0,1343.0,0.0,,0.0,,1.0,3434.6,1752832768.0,3.0,25.1,27.1,23.9,0.93,1017.0,1.7,4.7,179.0,0.1,1752835456.0,1752886912.0,0.75,,25076152.0,0.63,5.0,0.95,16335.5,0.0,,,,,0.0,2.491,0.0,,,,3846.0,,,51.0,117.0,2.638,,,,,,,,,,,,media/86CCA583-39BB-45AE-B695-0EBD8A543B18.jpg|media/3C53D7D4-556E-41B7-BC8E-2BB62DE001DE.jpg
15149937811,"Jul 17, 2025, 11:44:09 PM",Evening run (with cooldown),Run,Smoked Adam Pastors and Basil Kahwash at run club tonight!,2070,6.12,184.0,107,false,,Nike Streakfly,activities/16177333380.fit.gz,,,2070.0,1974.0,6123.2,4.38,3.102,83.6,83.4,157.2,200.2,18.2,0.0,,,,,184.0,168.0,,202.0,387.0,,,107.0,,,,,,,,,200.0,2069.0,0.0,,0.0,,1.0,6300.4,1752793216.0,5.0,32.2,33.0,24.2,0.63,1014.0,3.2,5.0,194.0,0.0,1752749056.0,1752800640.0,0.625,,25076152.0,0.53,5.0,0.76,32056.9,1.0,,,,,0.0,2.958,0.0,,,,5796.0,,,107.0,137.0,3.192,,,,,,,,,,,,media/1D49B03E-909C-41E6-9106-7AB5B911F8A7.jpg
15143375026,"Jul 17, 2025, 10:51:40 AM",Morning weight lift,Weight Training,🎵 amen amen 🎵,3551,0,138.0,8,false,,,activities/16170208395.fit.gz,,,3551.0,3551.0,0.0,0.0,0.0,0.0,0.0,0.0,0.0,0.0,0.0,,,,,138.0,92.0,,,217.0,,,8.0,,,,,,,,,,,0.0,,0.0,,1.0,,,,,,,,,,,,,,,,,,,,,,,,,,,0.0,0.0,0.0,,,,,,,,,,,,,,,,,,,,,""
15139101368,"Jul 16, 2025, 11:46:33 PM",Evening run (with jogalope),Run,Promise i ran all 5k 😅. Watch accidentally stopped.,1215,3.76,,,false,,Nike Streakfly,activities/15139101368.gpx,,,1215.0,1215.0,3764.5,4.5,3.098,47.8,35.4,130.7,159.3,12.2,0.4,,,,,,,,,312.0,,,,,,,,,,,,,,0.0,,0.0,,1.0,3863.2,1752706816.0,3.0,30.6,31.1,23.5,0.66,1013.1,2.6,5.1,244.0,0.0,1752662528.0,1752714240.0,0.625,,25076152.0,0.72,5.0,0.97,28383.2,1.0,,,,,0.0,3.098,0.0,,,,3484.0,,,,,3.18,,,,,,,,,,,,""
15128323402,"Jul 15, 2025, 11:05:24 PM",Evening run,Run,"",7251,17.34,181.0,366,false,,Nike Vomero 18,activities/16153664193.fit.gz,,,7251.0,6831.0,17348.2,3.967,2.54,213.8,195.4,128.2,192.0,14.5,0.1,,,,,181.0,168.0,,174.0,1093.0,,,366.0,,,,,,,,,172.0,7252.0,0.0,,0.0,,1.0,17852.2,1752620416.0,2.0,31.6,33.2,22.6,0.59,1014.0,2.5,4.5,233.0,0.1,1752576128.0,1752627840.0,0.625,,25022536.0,0.52,5.0,0.42,39943.3,1.0,,,,,0.0,2.393,113.3,,,,19120.0,,,280.0,118.0,2.613,,,,,,,,,,,,""
15127924821,"Jul 15, 2025, 10:51:16 PM",Afternoon walk,Walk,"",678,0.87,111.0,1,false,,,activities/16153234222.fit.gz,,,678.0,678.0,869.1,2.227,1.282,22.6,12.4,136.2,150.4,45.7,1.2,,,,,111.0,91.0,,,50.0,,,1.0,,,,,,,,,,,0.0,,0.0,,1.0,,1752616832.0,1.0,31.9,34.5,23.2,0.6,1014.4,2.7,5.5,241.0,0.0,1752576128.0,1752627840.0,0.625,,,0.53,5.0,0.04,36797.9,3.0,,,,,0.0,1.282,0.0,,,,554.0,,,,,,,,,,,,,,,,,""
15120964048,"Jul 15, 2025, 10:49:35 AM",Morning weight lift,Weight Training,"",4521,0,116.0,10,false,,,activities/16145728015.fit.gz,,,4521.0,4521.0,0.0,0.0,0.0,0.0,0.0,0.0,0.0,0.0,0.0,,,,,116.0,91.0,,,268.0,,,10.0,,,,,,,,,,,0.0,,0.0,,1.0,,,,,,,,,,,,,,,,,,,,,,,,,,,0.0,0.0,0.0,,,,,,,,,,,,,,,,,,,,,""
15116429330,"Jul 14, 2025, 11:39:46 PM",Evening run (with nrc),Run,Flyby with Grace Bishop #blessed,2330,7.56,,,false,,Nike Streakfly,activities/15116429330.gpx,,,2330.0,2279.0,7565.0,5.0,3.319,39.0,42.2,123.1,148.9,5.9,0.0,,,,,,,,,614.0,,,,,,,,,,,,,,0.0,,0.0,,1.0,7599.7,1752534016.0,5.0,28.5,30.0,23.2,0.73,1016.1,1.0,2.3,296.0,0.3,1752489728.0,1752541440.0,0.625,,25076152.0,0.57,5.0,0.73,20634.0,1.0,,,,,0.0,3.247,0.0,,,,6758.0,,,,,3.335,,,,,,,,,,,,""
15116109606,"Jul 14, 2025, 11:03:53 PM",Evening walk,Walk,"",1795,2.25,124.0,4,false,,,activities/16140368633.fit.gz,,,1795.0,1795.0,2257.7,2.54,1.258,18.0,19.4,138.8,152.6,17.7,0.0,,,,,124.0,100.0,,,112.0,,,4.0,,,,,,,,,,,0.0,,0.0,,1.0,,1752534016.0,5.0,28.5,30.0,23.2,0.73,1016.1,1.0,2.3,296.0,0.3,1752489728.0,1752541440.0,0.625,,,0.57,5.0,0.73,20634.0,1.0,,,,,0.0,1.258,0.0,,,,2174.0,,,,,,,,,,,,,,,,,""
15109850823,"Jul 14, 2025, 10:59:08 AM",Morning weight lift,Weight Training,🎵 until the end of time 🎵,3780,0,145.0,10,false,,,activities/16133591521.fit.gz,,,3780.0,3780.0,0.0,0.0,0.0,0.0,0.0,0.0,0.0,0.0,0.0,,,,,145.0,101.0,,,258.0,,,10.0,,,,,,,,,,,0.0,,0.0,,1.0,,,,,,,,,,,,,,,,,,,,,,,,,,,0.0,0.0,0.0,,,,,,,,,,,,,,,,,,,,,""
15089704913,"Jul 12, 2025, 1:16:35 PM",Morning run,Run,Final 5k to celebrate Jake Still 31 days of 3 miles a day! Way to crush it bro!,1865,5.34,184.0,68,false,,Nike Streakfly,activities/16111384109.fit.gz,,,1865.0,1861.0,5344.0,4.64,2.872,89.4,89.0,141.0,179.4,15.1,0.0,,,,,184.0,158.0,,193.0,369.0,,,68.0,,,,,,,,,198.0,1865.0,0.0,,0.0,,1.0,5537.5,1752325248.0,1.0,25.4,27.3,21.3,0.78,1017.3,3.6,8.1,226.0,0.0,1752316800.0,1752368768.0,0.625,,25076152.0,0.52,5.0,0.02,20821.8,2.0,,,,,0.0,2.865,11.5,,,,5474.0,,,95.0,136.0,2.976,,,,,,,,,,,,media/BD4113F2-8AB0-4277-A6D6-C29491CCA963.jpg
15077761478,"Jul 11, 2025, 10:40:13 AM",Morning run (with way run club),Run,"",1758,4.94,176.0,61,false,,Nike Streakfly,activities/16098238845.fit.gz,,,1758.0,1755.0,4942.1,4.26,2.816,56.4,57.2,128.6,152.4,16.9,0.0,,,,,176.0,156.0,,186.0,319.0,,,61.0,,,,,,,,,190.0,1756.0,0.0,,0.0,,1.0,5044.3,1752227968.0,1.0,22.0,22.6,21.4,0.96,1015.4,1.7,3.3,222.0,0.0,1752230400.0,1752282368.0,0.5,,25076152.0,0.53,5.0,0.07,14583.0,0.0,,,,,0.0,2.811,0.0,,,,5140.0,,,82.0,130.0,2.874,,,,,,,,,,,,""
15074062219,"Jul 10, 2025, 11:45:24 PM",Evening run (with cooldown),Run,"",2023,6.61,,,false,,Nike Streakfly,activities/15074062219.gpx,,,2023.0,1930.0,6613.8,5.54,3.427,78.1,80.9,153.1,199.0,9.4,0.0,,,,,,,,,543.0,,,,,,,,,,,,,,0.0,,0.0,,1.0,6723.3,1752188416.0,1.0,29.2,32.0,22.5,0.67,1013.1,0.3,1.1,340.0,0.1,1752144000.0,1752195968.0,0.375,,25076152.0,0.55,5.0,0.15,30097.4,1.0,,,,,0.0,3.269,0.0,,,,5650.0,,,,,3.484,,,,,,,,,,,,media/795E1F27-8B5A-4593-829C-CBF7E6BDAAA5.jpg|media/92DB6417-E809-48EB-AD15-6362A776A29E.jpg
15067597810,"Jul 10, 2025, 11:00:26 AM",Morning weight lift,Weight Training,"🎵 i got better 🎵
“… Swear it was like, I'll be damned
I'm finally back to bein' who I am
When we were over, it was overnight
Light came on, it all felt right, when it all went wrong
You turned me loose
Wasn't no tellin' who I'd turn into …”",3584,0,127.0,7,false,,,activities/16087096908.fit.gz,,,3584.0,3584.0,0.0,0.0,0.0,0.0,0.0,0.0,0.0,0.0,0.0,,,,,127.0,85.0,,,218.0,,,7.0,,,,,,,,,,,0.0,,0.0,,1.0,,,,,,,,,,,,,,,,,,,,,,,,,,,0.0,0.0,0.0,,,,,,,,,,,,,,,,,,,,,""
15063434900,"Jul 9, 2025, 11:47:13 PM",Evening run (with jogalope),Run,"",2693,8.17,189.0,151,false,,Nike Streakfly,activities/16082455965.fit.gz,,,2693.0,2688.0,8172.5,4.46,3.04,90.0,93.4,128.0,166.8,12.0,-0.1,,,,,189.0,170.0,,200.0,567.0,,,151.0,,,,,,,,,202.0,2693.0,0.0,,0.0,,1.0,8323.1,1752102016.0,3.0,28.1,28.4,21.7,0.68,1015.3,2.5,4.5,292.0,0.1,1752057472.0,1752109568.0,0.375,,25076152.0,0.67,5.0,1.0,26012.8,1.0,,,,,0.0,3.035,0.0,,,,7854.0,,,142.0,138.0,3.096,,,,,,,,,,,,""
15056183927,"Jul 9, 2025, 10:55:50 AM",Morning weight lift,Weight Training,🎵 tuyo 🎵,3442,0,109.0,6,false,,,activities/16074805423.fit.gz,,,3442.0,3442.0,0.0,0.0,0.0,0.0,0.0,0.0,0.0,0.0,0.0,,,,,109.0,84.0,,,203.0,,,6.0,,,,,,,,,,,0.0,,0.0,,1.0,,,,,,,,,,,,,,,,,,,,,,,,,,,0.0,0.0,0.0,,,,,,,,,,,,,,,,,,,,,""
15044842917,"Jul 8, 2025, 10:57:27 AM",Morning weight lift,Weight Training,🎵 🎋 meditation 🎵,3321,0,115.0,6,false,,,activities/16062356677.fit.gz,,,3321.0,3321.0,0.0,0.0,0.0,0.0,0.0,0.0,0.0,0.0,0.0,,,,,115.0,86.0,,,196.0,,,6.0,,,,,,,,,,,0.0,,0.0,,1.0,,,,,,,,,,,,,,,,,,,,,,,,,,,0.0,0.0,0.0,,,,,,,,,,,,,,,,,,,,,""
15040608681,"Jul 7, 2025, 11:35:47 PM",Evening run (with nrc),Run,"",2930,8.29,181.0,153,false,,Nike Streakfly,activities/16057632556.fit.gz,,,2930.0,2873.0,8291.5,4.32,2.886,106.2,111.0,129.0,181.4,13.9,-0.1,,,,,181.0,168.0,,200.0,546.0,,,153.0,,,,,,,,,201.0,2930.0,0.0,,0.0,,1.0,8500.1,1751929344.0,3.0,28.0,28.5,22.3,0.71,1015.4,1.4,2.6,232.0,0.1,1751884672.0,1751936896.0,0.375,,25076152.0,0.56,5.0,1.0,20697.7,1.0,,,,,0.0,2.83,0.0,,,,8338.0,,,154.0,138.0,2.959,,,,,,,,,,,,""
15030608019,"Jul 6, 2025, 10:44:30 PM",July 10 miler,Run,🎵 thinking 🎵,6160,16.40,180.0,350,false,,Nike Vomero 18,activities/16046591575.fit.gz,,,6160.0,6072.0,16402.8,4.86,2.701,186.6,182.2,129.0,182.8,15.5,0.0,,,,,180.0,170.0,,180.0,1101.0,,,350.0,,,,,,,,,181.0,6159.0,0.0,,0.0,,1.0,16747.3,1751839232.0,5.0,31.9,32.3,21.7,0.55,1012.8,3.0,4.6,216.0,0.2,1751798144.0,1751850496.0,0.375,,25022536.0,0.52,5.0,0.78,35575.3,3.0,,,,,0.0,2.663,105.8,,,,17380.0,,,262.0,124.0,2.758,,,,,,,,,,,,""
15016340463,"Jul 5, 2025, 12:39:00 PM",Tough mudder training (2.5 hours loop),Run,"Target time: 3 hours
- run: 0.5 mile
- course 1: log jump / high beam crawl
- course 2: balance beam walk / bear crawl
- course 3: jungle gym / wall climb",10860,17.88,185.0,279,false,,Nike Pegasus Trail 4,activities/16030843841.fit.gz,,,10860.0,8721.0,17880.2,3.88,2.05,135.6,135.2,137.4,151.6,43.8,0.0,,,,,185.0,158.0,,155.0,1038.0,,,279.0,,,,,,,,,149.0,10861.0,0.0,,0.0,,1.0,18627.6,1751716864.0,1.0,23.5,26.6,21.6,0.89,1017.8,1.3,3.6,116.0,0.0,1751711744.0,1751764096.0,0.375,,25090212.0,0.0,1.0,0.02,16003.7,1.0,,,,,0.0,1.646,0.0,,,,21334.0,,,314.0,102.0,2.136,,,0.0,,,,,,,,,""
15004154292,"Jul 4, 2025, 12:11:08 PM",Morning run (with way run club),Run,4 miles for the 4th with Jake Still Hannah-Mae Bryson Austin Sorensen,2465,6.53,185.0,158,false,,Nike Streakfly,activities/16017378256.fit.gz,,,2465.0,2460.0,6538.1,3.86,2.658,33.2,28.4,121.6,128.8,10.2,0.0,,,,,185.0,174.0,,175.0,362.0,,,158.0,,,,,,,,,175.0,2464.0,0.0,,0.0,,1.0,6589.0,1751630336.0,1.0,22.2,25.1,19.7,0.86,1017.8,1.2,2.7,48.0,0.0,1751625344.0,1751677696.0,0.375,,25076152.0,0.0,1.0,0.0,17299.9,1.0,,,,,0.0,2.652,0.0,,,,7258.0,,,98.0,120.0,2.678,,,,,,,,,,,,""
14993289637,"Jul 3, 2025, 11:04:40 AM",Morning weight lift,Weight Training,"",1910,0,106.0,3,false,,,activities/16005365586.fit.gz,,,1910.0,1910.0,0.0,0.0,0.0,0.0,0.0,0.0,0.0,0.0,0.0,,,,,106.0,82.0,,,111.0,,,3.0,,,,,,,,,,,0.0,,0.0,,1.0,,,,,,,,,,,,,,,,,,,,,,,,,,,0.0,0.0,0.0,,,,,,,,,,,,,,,,,,,,,""
14982722356,"Jul 2, 2025, 10:54:33 AM",Morning weight lift,Weight Training,"",2406,0,96.0,3,false,,,activities/15993744802.fit.gz,,,2406.0,2406.0,0.0,0.0,0.0,0.0,0.0,0.0,0.0,0.0,0.0,,,,,96.0,73.0,,,141.0,,,3.0,,,,,,,,,,,0.0,,0.0,,1.0,,,,,,,,,,,,,,,,,,,,,,,,,,,0.0,0.0,0.0,,,,,,,,,,,,,,,,,,,,,""
14972081559,"Jul 1, 2025, 10:56:53 AM",Morning weight lift,Weight Training,"🎵 new normal 🎵

“… How fast the time goes
Living in the moment
Taking you for granted
It's a new normal
It's up to us to live in it
Not to understand it …”",3166,0,119.0,6,false,,,activities/15982072129.fit.gz,,,3166.0,3166.0,0.0,0.0,0.0,0.0,0.0,0.0,0.0,0.0,0.0,,,,,119.0,89.0,,,185.0,,,6.0,,,,,,,,,,,0.0,,0.0,,1.0,,,,,,,,,,,,,,,,,,,,,,,,,,,0.0,0.0,0.0,,,,,,,,,,,,,,,,,,,,,""
14967774364,"Jun 30, 2025, 11:36:58 PM",Evening run (with nrc),Run,"",1906,5.92,189.0,121,false,,Nike Streakfly,activities/15977294620.fit.gz,,,1906.0,1866.0,5922.3,5.18,3.174,59.4,61.0,135.0,153.0,16.7,0.0,,,,,189.0,177.0,,211.0,360.0,,,121.0,,,,,,,,,210.0,1907.0,0.0,,0.0,,1.0,6048.9,1751324416.0,1.0,30.1,31.9,23.0,0.66,1012.7,2.7,4.9,263.0,0.2,1751279616.0,1751332096.0,0.125,,25076152.0,0.57,5.0,0.33,28999.3,1.0,,,,,0.0,3.107,0.0,,,,5522.0,,,109.0,144.0,3.242,,,,,,,,,,,,""
14961707550,"Jun 30, 2025, 10:56:06 AM",Morning weight lift,Weight Training,🎵 sunflower 🎵,4130,0,118.0,9,false,,,activities/15970685946.fit.gz,,,4130.0,4130.0,0.0,0.0,0.0,0.0,0.0,0.0,0.0,0.0,0.0,,,,,118.0,91.0,,,240.0,,,9.0,,,,,,,,,,,0.0,,0.0,,1.0,,,,,,,,,,,,,,,,,,,,,,,,,,,0.0,0.0,0.0,,,,,,,,,,,,,,,,,,,,,""
14958110088,"Jun 29, 2025, 10:31:06 PM",June half,Run,"",8187,21.64,,,false,,Nike Vomero 18,activities/15966629682.gpx.gz,,,8187.0,8020.0,21648.8,4.446,2.699,31.2,33.7,123.5,130.7,5.1,0.0,,,,,,,,,1752.0,,,,,,,,,,,,,,0.0,,0.0,,1.0,21675.1,,,,,,,,,,,,,,,,25022536.0,,,,,,,,,,0.0,2.644,591.3,,,,,,,,,2.703,,,,,,,,,,,,""
14943936889,"Jun 28, 2025, 1:31:07 PM",Tough mudder training (2 hours loop),Run,"Target time: 2 hours
- run: 0.5 mile
- course 1: log jump / high beam crawl
- course 2: balance beam walk / bear crawl
- course 3: jungle gym / wall climb
- repeat 18x",9019,15.20,187.0,340,false,,Nike Pegasus Trail 4,activities/15951047240.fit.gz,,,9019.0,7466.0,15207.9,4.18,2.037,149.6,158.4,138.6,152.4,49.5,-0.1,,,,,187.0,169.0,,160.0,838.0,,,340.0,,,,,,,,,157.0,9020.0,0.0,,0.0,,1.0,15952.8,,,,,,,,,,,,,,,,25090212.0,,,,,,,,,,0.0,1.686,0.0,,,,17370.0,,,290.0,108.0,2.137,,,0.0,,,,,,,,,media/FF7F0D23-3762-41FF-BF01-C8E4E049E5C2.jpg
14931110348,"Jun 27, 2025, 11:08:54 AM",June 5k,Run,🎵 whats up danger 🎵,1753,5.42,189.0,111,false,,Nike Streakfly,activities/15936979170.fit.gz,,,1753.0,1749.0,5428.0,4.4,3.104,65.6,67.0,128.4,153.6,15.8,0.0,,,,,189.0,176.0,,204.0,320.0,,,111.0,,,,,,,,,207.0,1753.0,0.0,,0.0,,1.0,5550.1,,,,,,,,,,,,,,,,25076152.0,,,,,,,,,,0.0,3.096,0.0,,,,5278.0,,,98.0,142.0,3.173,,,,,,,,,,,,""
14921218759,"Jun 26, 2025, 10:50:57 AM",Morning weight lift,Weight Training,"",4010,0,110.0,7,false,,,activities/15926174554.fit.gz,,,4010.0,4010.0,0.0,0.0,0.0,0.0,0.0,0.0,0.0,0.0,0.0,,,,,110.0,84.0,,,234.0,,,7.0,,,,,,,,,,,0.0,,0.0,,1.0,,,,,,,,,,,,,,,,,,,,,,,,,,,0.0,0.0,0.0,,,,,,,,,,,,,,,,,,,,,""
14910808329,"Jun 25, 2025, 11:01:05 AM",Morning weight lift,Weight Training,"",3981,0,129.0,8,false,,,activities/15914897839.fit.gz,,,3981.0,3981.0,0.0,0.0,0.0,0.0,0.0,0.0,0.0,0.0,0.0,,,,,129.0,91.0,,,231.0,,,8.0,,,,,,,,,,,0.0,,0.0,,1.0,,,,,,,,,,,,,,,,,,,,,,,,,,,0.0,0.0,0.0,,,,,,,,,,,,,,,,,,,,,""
14906587675,"Jun 24, 2025, 10:49:26 PM",June 15k,Run,🎵 blinding lights 🎵,5769,15.12,,,false,,Nike Vomero 18,activities/15910287793.gpx.gz,,,5769.0,5234.0,15127.2,4.088,2.89,124.4,124.5,129.6,180.3,7.8,0.0,,,,,,,,,1233.0,,,,,,,,,,,,,,0.0,,0.0,,1.0,15258.1,,,,,,,,,,,,,,,,25022536.0,,,,,,,,,,0.0,2.622,0.0,,,,,,,,,2.915,,,,,,,,,,,,media/76B0FAFF-3EE5-4466-AFEF-A4ED89598CA4.jpg
14900030182,"Jun 24, 2025, 11:03:59 AM",Morning weight lift,Weight Training,"",3796,0,114.0,8,false,,,activities/15903276673.fit.gz,,,3796.0,3796.0,0.0,0.0,0.0,0.0,0.0,0.0,0.0,0.0,0.0,,,,,114.0,90.0,,,221.0,,,8.0,,,,,,,,,,,0.0,,0.0,,1.0,,,,,,,,,,,,,,,,,,,,,,,,,,,0.0,0.0,0.0,,,,,,,,,,,,,,,,,,,,,""
14895807186,"Jun 23, 2025, 11:36:51 PM",Evening run (with nrc),Run,"",2218,6.36,196.0,132,false,,Nike Streakfly,activities/15898641399.fit.gz,,,2218.0,2132.0,6366.7,4.26,2.986,69.2,71.2,122.0,151.6,11.6,0.0,,,,,196.0,175.0,,197.0,401.0,,,132.0,,,,,,,,,196.0,2219.0,0.0,,0.0,,1.0,6485.9,,,,,,,,,,,,,,,,25076152.0,,,,,,,,,,0.0,2.87,0.0,,,,6280.0,,,110.0,134.0,3.042,,,,,,,,,,,,""
14889640093,"Jun 23, 2025, 10:49:24 AM",Morning weight lift,Weight Training,"",4486,0,124.0,9,false,,,activities/15892026912.fit.gz,,,4486.0,4486.0,0.0,0.0,0.0,0.0,0.0,0.0,0.0,0.0,0.0,,,,,124.0,86.0,,,260.0,,,9.0,,,,,,,,,,,0.0,,0.0,,1.0,,,,,,,,,,,,,,,,,,,,,,,,,,,0.0,0.0,0.0,,,,,,,,,,,,,,,,,,,,,""
14848722140,"Jun 19, 2025, 11:05:15 AM",Morning weight lift,Weight Training,"🎵 heavenly poetry 5 🎵
“… Jesus Christ lived a life, and He lived that more perfectly
Jesus Christ, yeah, He died for you and me personally
God’s love can’t be traded for any new currency …”",3220,0,109.0,6,false,,,activities/15847487565.fit.gz,,,3220.0,3220.0,0.0,0.0,0.0,0.0,0.0,0.0,0.0,0.0,0.0,,,,,109.0,89.0,,,168.0,,,6.0,,,,,,,,,,,0.0,,0.0,,1.0,,,,,,,,,,,,,,,,,,,,,,,,,,,0.0,0.0,0.0,,,,,,,,,,,,,,,,,,,,,""
14838078312,"Jun 18, 2025, 10:53:08 AM",Morning weight lift,Weight Training,"",4116,0,145.0,10,false,,,activities/15835975062.fit.gz,,,4116.0,4116.0,0.0,0.0,0.0,0.0,0.0,0.0,0.0,0.0,0.0,,,,,145.0,95.0,,,224.0,,,10.0,,,,,,,,,,,0.0,,0.0,,1.0,,,,,,,,,,,,,,,,,,,,,,,,,,,0.0,0.0,0.0,,,,,,,,,,,,,,,,,,,,,""
14826811655,"Jun 17, 2025, 10:53:17 AM",Morning weight lift,Weight Training,"",4128,0,108.0,8,false,,,activities/15823853447.fit.gz,,,4128.0,4128.0,0.0,0.0,0.0,0.0,0.0,0.0,0.0,0.0,0.0,,,,,108.0,86.0,,,221.0,,,8.0,,,,,,,,,,,0.0,,0.0,,1.0,,,,,,,,,,,,,,,,,,,,,,,,,,,0.0,0.0,0.0,,,,,,,,,,,,,,,,,,,,,""
14816068887,"Jun 16, 2025, 10:58:17 AM",Morning weight lift,Weight Training,🎵 set a fire 🎵,3977,0,122.0,8,false,,,activities/15812285171.fit.gz,,,3977.0,3977.0,0.0,0.0,0.0,0.0,0.0,0.0,0.0,0.0,0.0,,,,,122.0,88.0,,,231.0,,,8.0,,,,,,,,,,,0.0,,0.0,,1.0,,,,,,,,,,,,,,,,,,,,,,,,,,,0.0,0.0,0.0,,,,,,,,,,,,,,,,,,,,,""
14809975514,"Jun 15, 2025, 4:26:35 PM",June 10k,Run,"",3780,10.34,,,false,,Nike Streakfly,activities/15805587244.gpx.gz,,,3780.0,3453.0,10347.0,4.022,2.997,100.4,97.4,129.7,176.2,7.8,0.0,,,,,,,,,844.0,,,,,,,,,,,,,,0.0,,0.0,,1.0,10438.2,,,,,,,,,,,,,,,,25076152.0,,,,,,,,,,0.0,2.737,0.0,,,,,,,,,3.023,,,,,,,,,,,,""
14799922638,"Jun 14, 2025, 6:04:50 PM",Afternoon walk (with Bliss 🐾),Walk,"",2371,2.43,103.0,4,false,,,activities/15794687771.fit.gz,,,2371.0,2291.0,2429.6,2.58,1.06,38.0,37.6,136.6,152.8,30.8,0.1,,,,,103.0,84.0,,,161.0,,,4.0,,,,,,,,,,,0.0,,0.0,,1.0,,,,,,,,,,,,,,,,,,,,,,,,,,,0.0,1.025,0.0,,,,3044.0,,,,,,,,,,,,,,,,,""
14775733284,"Jun 12, 2025, 11:04:56 AM",Morning weight lift,Weight Training,"",2758,0,104.0,5,false,,,activities/15768523643.fit.gz,,,2758.0,2758.0,0.0,0.0,0.0,0.0,0.0,0.0,0.0,0.0,0.0,,,,,104.0,86.0,,0.0,162.0,,,5.0,,,,,,,,,,,0.0,,0.0,,1.0,,,,,,,,,,,,,,,,,,,,,,,,,,,0.0,0.0,0.0,,,,,,,,,,,,,,,,,,,,,""
14771745342,"Jun 11, 2025, 11:43:08 PM",Evening run (with jogalope),Run,"",2257,5.18,182.0,74,false,,Nike Streakfly,activities/15764175494.fit.gz,,,2257.0,2125.0,5179.6,4.62,2.437,66.2,69.2,164.2,193.4,20.8,0.0,,,,,182.0,158.0,,164.0,319.0,,,74.0,,,,,,,,,168.0,2258.0,0.0,,0.0,,1.0,5315.9,1749682816.0,1.0,28.4,30.9,16.4,0.48,1017.8,0.5,1.3,120.0,0.0,1749637760.0,1749690240.0,0.5,,25076152.0,0.0,1.0,0.09,43798.2,1.0,,,,,0.0,2.295,0.0,,,,5832.0,,,86.0,112.0,2.416,,,,,,,,,,,,media/29AB98F2-CF73-4E69-B37C-BBE34CF80350.jpg
14764996550,"Jun 11, 2025, 10:53:52 AM",Morning weight lift,Weight Training,🎵 no more worry 🎵,4334,0,122.0,9,false,,,activities/15756951363.fit.gz,,,4334.0,4334.0,0.0,0.0,0.0,0.0,0.0,0.0,0.0,0.0,0.0,,,,,122.0,87.0,,0.0,256.0,,,9.0,,,,,,,,,,,0.0,,0.0,,1.0,,,,,,,,,,,,,,,,,,,,,,,,,,,0.0,0.0,0.0,,,,,,,,,,,,,,,,,,,,,""
14760854010,"Jun 10, 2025, 11:43:31 PM",Evening walk (with Bliss 🐾),Walk,Bliss got to see [strava://athletes/48751818/20]Yianna Kyriacou Bell on his walk!,2444,2.37,116.0,4,false,,,activities/15752427094.fit.gz,,,2444.0,2279.0,2374.7,2.32,1.042,37.8,36.6,135.8,153.0,28.3,0.0,,,,,116.0,86.0,,0.0,141.0,,,4.0,,,,,,,,,,,0.0,,0.0,,1.0,,1749596416.0,1.0,26.6,28.6,16.0,0.52,1015.1,2.4,4.5,293.0,0.0,1749551360.0,1749603840.0,0.375,,,0.05,5.0,0.02,41247.5,1.0,,,,,0.0,0.972,0.0,,,,3220.0,,,,,,,,,,,,,,,,,media/E6A75EC3-3354-46D7-B2BD-794E330505EC.jpg
14754007245,"Jun 10, 2025, 10:51:29 AM",Morning weight lift,Weight Training,🎵 sharing locations 🎵,3939,0,109.0,7,false,,,activities/15745084852.fit.gz,,,3939.0,3939.0,0.0,0.0,0.0,0.0,0.0,0.0,0.0,0.0,0.0,,,,,109.0,86.0,,,229.0,,,7.0,,,,,,,,,,,0.0,,0.0,,1.0,,,,,,,,,,,,,,,,,,,,,,,,,,,0.0,0.0,0.0,,,,,,,,,,,,,,,,,,,,,""
14750014464,"Jun 9, 2025, 11:39:26 PM",Evening run (with nrc),Run,"",2164,6.98,184.0,146,false,,Nike Streakfly,activities/15740728008.fit.gz,,,2164.0,2150.0,6985.8,5.8,3.249,61.6,64.4,122.6,168.2,20.8,-0.3,,,,,184.0,177.0,,215.0,414.0,,,146.0,,,,,,,,,216.0,2163.0,0.0,,0.0,,1.0,7081.1,1749510016.0,3.0,24.5,24.6,20.2,0.77,1009.8,2.1,4.8,237.0,0.2,1749464960.0,1749517440.0,0.375,,25076152.0,0.79,5.0,1.0,20591.2,1.0,,,,,0.0,3.228,0.0,,,,6468.0,,,131.0,148.0,3.294,,,,,,,,,,,,""
14743491956,"Jun 9, 2025, 10:53:42 AM",Morning weight lift,Weight Training,"",3957,0,122.0,8,false,,,activities/15733763594.fit.gz,,,3957.0,3957.0,0.0,0.0,0.0,0.0,0.0,0.0,0.0,0.0,0.0,,,,,122.0,91.0,,,237.0,,,8.0,,,,,,,,,,,0.0,,0.0,,1.0,,,,,,,,,,,,,,,,,,,,,,,,,,,0.0,0.0,0.0,,,,,,,,,,,,,,,,,,,,,""
14738346096,"Jun 8, 2025, 7:16:19 PM",Afternoon 7 miler,Run,"",4135,12.08,185.0,242,false,,Nike Streakfly,activities/15728133187.fit.gz,,,4135.0,4065.0,12081.1,5.84,2.972,123.6,117.2,123.2,154.2,12.4,0.1,,,,,185.0,171.0,,200.0,825.0,,,242.0,,,,,,,,,200.0,4136.0,0.0,,0.0,,1.0,12349.9,1749409152.0,2.0,27.3,27.4,18.6,0.59,1009.5,4.4,7.7,276.0,0.0,1749378560.0,1749431040.0,0.375,,25076152.0,0.67,5.0,0.38,30191.1,8.0,,,,,0.0,2.922,0.0,,,,12224.0,,,215.0,137.0,3.038,,,,,,,,,,,,""
14727051425,"Jun 7, 2025, 5:24:54 PM",Midday hiit (with fit + faith 615 and vessel training co),Workout,"",5616,0,182.0,173,false,,,activities/15715917528.fit.gz,,,5616.0,5616.0,0.0,0.0,0.0,0.0,0.0,0.0,0.0,0.0,0.0,,,,,182.0,151.0,,,1033.0,,,173.0,,,,,,,,,,,0.0,,0.0,,1.0,,,,,,,,,,,,,,,,,,,,,,,,,,,0.0,0.0,0.0,,,,,,,,,,,,,,,,,,,,,media/200F735A-CD30-4654-8DF2-442446786593.jpg|media/2F4EF0CC-67A3-472A-AE7D-C6567AD1756E.jpg|media/5BCF12A9-386B-43F9-96DB-C9E68C8A7D19.mp4
14713165915,"Jun 6, 2025, 11:03:44 AM",Morning weight lift,Weight Training,We all need a little Jesus in our workouts 🤣,3017,0,104.0,5,false,,,activities/15700924735.fit.gz,,,3017.0,3017.0,0.0,0.0,0.0,0.0,0.0,0.0,0.0,0.0,0.0,,,,,104.0,82.0,,,184.0,,,5.0,,,,,,,,,,,0.0,,0.0,,1.0,,,,,,,,,,,,,,,,,,,,,,,,,,,0.0,0.0,0.0,,,,,,,,,,,,,,,,,,,,,media/BF627CE6-DBB3-40C9-BE27-80FC5101CE97.mp4
14703395696,"Jun 5, 2025, 10:47:33 AM",Morning weight lift,Weight Training,🎵 greenlight redlight 🎵,2677,0,118.0,6,false,,,activities/15690402816.fit.gz,,,2677.0,2677.0,0.0,0.0,0.0,0.0,0.0,0.0,0.0,0.0,0.0,,,,,118.0,95.0,,,160.0,,,6.0,,,,,,,,,,,0.0,,0.0,,1.0,,,,,,,,,,,,,,,,,,,,,,,,,,,0.0,0.0,0.0,,,,,,,,,,,,,,,,,,,,,""
14700292323,"Jun 4, 2025, 11:43:18 PM",Global running day (with jogalope and 12south runners),Run,"",1499,4.89,,,false,,Nike Streakfly,activities/15687013886.gpx.gz,,,1499.0,1499.0,4889.6,3.953,3.262,47.1,46.8,162.9,199.8,5.3,0.0,,,,,,,,,399.0,,,,,,,,,,,,,,0.0,,0.0,,1.0,4938.3,1749078016.0,1.0,29.5,30.9,19.5,0.55,1016.3,3.5,5.9,158.0,0.0,1749033088.0,1749085312.0,0.375,,25076152.0,0.13,5.0,0.11,34880.6,1.0,,,,,0.0,3.262,0.0,,,,,,,,,3.294,,,,,,,,,,,,media/B085BA59-FACE-4D95-982C-F0B94F3D65B7.jpg
14692980117,"Jun 4, 2025, 11:02:12 AM",Morning weight lift,Weight Training,"",2848,0,127.0,7,false,,,activities/15679223959.fit.gz,,,2848.0,2848.0,0.0,0.0,0.0,0.0,0.0,0.0,0.0,0.0,0.0,,,,,127.0,97.0,,,191.0,,,7.0,,,,,,,,,,,0.0,,0.0,,1.0,,,,,,,,,,,,,,,,,,,,,,,,,,,0.0,0.0,0.0,,,,,,,,,,,,,,,,,,,,,""
14688980113,"Jun 3, 2025, 11:25:37 PM",Evening walk (with Bliss 🐾),Walk,Quick chat with [strava://athletes/40478303/18]Chandler  Washburn and ran into [strava://athletes/47826268/13]Katie Ziegler!,2704,2.57,118.0,6,false,,,activities/15674874668.fit.gz,,,2704.0,2345.0,2578.4,2.96,1.1,33.4,34.8,136.2,152.4,22.2,-0.1,,,,,118.0,97.0,,,139.0,,,6.0,,,,,,,,,,,0.0,,0.0,,1.0,,1748991616.0,1.0,28.9,29.7,17.4,0.5,1015.5,4.3,8.2,179.0,0.0,1748946688.0,1748998784.0,0.25,,,0.0,1.0,0.07,39371.9,1.0,,,,,0.0,0.954,0.0,,,,2704.0,,,,,,,,,,,,,,,,,""
14681829674,"Jun 3, 2025, 10:51:30 AM",Morning weight lift,Weight Training,🎵 ghost 🎵,2407,0,107.0,4,false,,,activities/15667276120.fit.gz,,,2407.0,2407.0,0.0,0.0,0.0,0.0,0.0,0.0,0.0,0.0,0.0,,,,,107.0,86.0,,,142.0,,,4.0,,,,,,,,,,,0.0,,0.0,,1.0,,,,,,,,,,,,,,,,,,,,,,,,,,,0.0,0.0,0.0,,,,,,,,,,,,,,,,,,,,,""
14677968652,"Jun 2, 2025, 11:37:09 PM",Evening run (with nrc),Run,"",1819,5.33,184.0,107,false,,Nike Streakfly,activities/15663098169.fit.gz,,,1819.0,1712.0,5337.9,4.8,3.118,65.8,62.8,136.8,166.6,19.0,0.1,,,,,184.0,174.0,,214.0,326.0,,,107.0,,,,,,,,,209.0,1820.0,0.0,,0.0,,1.0,5470.4,1748905216.0,1.0,28.7,31.2,17.2,0.5,1014.6,1.2,2.3,244.0,0.0,1748860288.0,1748912384.0,0.125,,25076152.0,0.0,1.0,0.06,42270.7,1.0,,,,,0.0,2.934,0.0,,,,5050.0,,,103.0,143.0,3.195,,,,,,,,,,,,""
14671500779,"Jun 2, 2025, 11:04:24 AM",Morning weight lift,Weight Training,🎵 if you only knew! 🎵,2758,0,105.0,4,false,,,activities/15656190021.fit.gz,,,2758.0,2758.0,0.0,0.0,0.0,0.0,0.0,0.0,0.0,0.0,0.0,,,,,105.0,80.0,,,161.0,,,4.0,,,,,,,,,,,0.0,,0.0,,1.0,,,,,,,,,,,,,,,,,,,,,,,,,,,0.0,0.0,0.0,,,,,,,,,,,,,,,,,,,,,""
14667814164,"Jun 1, 2025, 10:30:40 PM",Afternoon walk (with Bliss 🐾),Walk,"",4072,4.41,107.0,8,false,,,activities/15652148423.fit.gz,,,4072.0,3876.0,4416.1,2.7,1.139,49.6,50.2,128.6,152.4,21.1,0.0,,,,,107.0,90.0,,,256.0,,,8.0,,,,,,,,,,,0.0,,0.0,,1.0,,1748815232.0,1.0,26.8,28.4,15.8,0.51,1011.0,2.9,5.0,267.0,0.1,1748773888.0,1748825984.0,0.125,,,0.24,5.0,0.1,38223.7,2.0,,,,,0.0,1.085,0.0,,,,5770.0,,,,,,,,,,,,,,,,,""
14655898826,"May 31, 2025, 8:01:02 PM",May 10k,Run,"",3688,10.16,187.0,230,false,,Nike Streakfly,activities/15639334988.fit.gz,,,3688.0,3500.0,10160.4,4.76,2.903,127.2,126.6,128.8,176.2,15.0,0.0,,,,,187.0,175.0,,199.0,623.0,,,230.0,,,,,,,,,199.0,3690.0,0.0,,0.0,,1.0,10437.0,1748721664.0,1.0,26.6,26.3,12.6,0.42,1009.8,6.0,10.1,300.0,0.0,1748687488.0,1748739456.0,0.125,,25076153.0,0.0,1.0,0.05,42468.1,6.0,,,,,0.0,2.755,0.0,,,,10430.0,,,190.0,136.0,2.982,,,,,,,,,,,,""
14655216609,"May 31, 2025, 6:18:29 PM",Tough mudder training (1 hour loop),Run,"Target time: 1 hour
- run: 1/4 mile
- course 1: beam crawl / bear crawl
- course 2: rope climb / balance beam walk
- course 3: jungle gym / double wall climb
- 4x",2884,0,188.0,123,false,"",Nike Pegasus Trail 4,activities/15638590801.fit.gz,,,2884.0,2884.0,0.0,0.0,0.0,0.0,0.0,0.0,0.0,0.0,0.0,,,,,188.0,161.0,,,574.0,,,123.0,,,,,,,,,,,0.0,,0.0,,1.0,,,,,,,,,,,,,,,,,25090212.0,,,,,,,,,,0.0,0.0,0.0,,,,,,,,,,,,0.0,,,,,,,,,""
14645892580,"May 30, 2025, 10:09:30 PM",Afternoon walk (with Bliss 🐾),Walk,"",4116,4.46,97.0,7,false,,,activities/15628578356.fit.gz,,,4116.0,3770.0,4466.8,2.38,1.185,58.4,59.4,129.0,152.6,23.9,0.0,,,,,97.0,84.0,,,226.0,,,7.0,,,,,,,,,,,0.0,,0.0,,1.0,,1748642432.0,2.0,22.3,20.5,12.6,0.54,1011.8,5.0,10.2,314.0,0.0,1748601088.0,1748653056.0,0.125,,,0.79,5.0,0.62,34611.7,2.0,,,,,0.0,1.085,0.0,,,,5952.0,,,,,,,,,,,,,,,,,""
14640491044,"May 30, 2025, 10:56:12 AM",Morning weight lift,Weight Training,"",3728,0,130.0,8,false,,,activities/15622764954.fit.gz,,,3728.0,3728.0,0.0,0.0,0.0,0.0,0.0,0.0,0.0,0.0,0.0,,,,,130.0,92.0,,,231.0,,,8.0,,,,,,,,,,,0.0,,0.0,,1.0,,,,,,,,,,,,,,,,,,,,,,,,,,,0.0,0.0,0.0,,,,,,,,,,,,,,,,,,,,,""
14630270228,"May 29, 2025, 10:46:18 AM",Morning weight lift,Weight Training,🎵 guard the body 🎵,4193,0,130.0,10,false,,,activities/15611780674.fit.gz,,,4193.0,4193.0,0.0,0.0,0.0,0.0,0.0,0.0,0.0,0.0,0.0,,,,,130.0,95.0,,,273.0,,,10.0,,,,,,,,,,,0.0,,0.0,,1.0,,,,,,,,,,,,,,,,,,,,,,,,,,,0.0,0.0,0.0,,,,,,,,,,,,,,,,,,,,,""
14626193240,"May 28, 2025, 11:46:19 PM",Evening run (with jogalope),Run,"",2844,8.76,196.0,193,false,,Nike Streakfly,activities/15607374281.fit.gz,,,2844.0,2670.0,8760.7,5.04,3.281,109.4,106.8,142.2,185.6,23.8,0.0,,,,,196.0,183.0,,223.0,538.0,,,193.0,,,,,,,,,219.0,2844.0,0.0,,0.0,,1.0,8986.6,1748473216.0,3.0,23.2,23.2,18.3,0.74,1016.3,2.1,4.7,292.0,1.6,1748428416.0,1748480256.0,0.125,,25076153.0,0.55,5.0,1.0,17294.2,1.0,,,,,0.0,3.08,0.0,,,,7704.0,,,177.0,150.0,3.366,,,,,,,,,,,,""
14619818192,"May 28, 2025, 10:47:38 AM",Morning weight lift,Weight Training,🎵 buggin’ 🎵,3807,0,146.0,11,false,,,activities/15600583996.fit.gz,,,3807.0,3807.0,0.0,0.0,0.0,0.0,0.0,0.0,0.0,0.0,0.0,,,,,146.0,103.0,,,282.0,,,11.0,,,,,,,,,,,0.0,,0.0,,1.0,,,,,,,,,,,,,,,,,,,,,,,,,,,0.0,0.0,0.0,,,,,,,,,,,,,,,,,,,,,""
14609467228,"May 27, 2025, 10:48:02 AM",Morning weight lift,Weight Training,🎵 range 🎵,4040,0,147.0,11,false,,,activities/15589495903.fit.gz,,,4040.0,4040.0,0.0,0.0,0.0,0.0,0.0,0.0,0.0,0.0,0.0,,,,,147.0,101.0,,,263.0,,,11.0,,,,,,,,,,,0.0,,0.0,,1.0,,,,,,,,,,,,,,,,,,,,,,,,,,,0.0,0.0,0.0,,,,,,,,,,,,,,,,,,,,,""
14601446345,"May 26, 2025, 2:04:42 PM",Memorial day half,Run,"",7548,21.52,191.0,531,false,,Nike Streakfly,activities/15580872423.fit.gz,,,7548.0,7542.0,21523.6,4.38,2.854,117.2,116.0,121.4,131.8,10.7,0.0,,,,,191.0,180.0,,190.0,1216.0,,,531.0,,,,,,,,,191.0,7550.0,0.0,,0.0,,1.0,21697.3,1748268032.0,3.0,17.1,14.8,13.1,0.77,1019.4,3.5,6.8,52.0,0.0,1748255616.0,1748307328.0,0.875,,25076153.0,0.72,5.0,0.98,22088.8,3.0,,,,,0.0,2.852,0.0,,,,22350.0,,,359.0,131.0,2.877,,,,,,,,,,,,""
14600125320,"May 26, 2025, 1:40:38 PM",Warmup walk,Walk,"",1202,1.30,137.0,7,false,,,activities/15579457390.fit.gz,,,1202.0,1026.0,1304.4,2.307,1.271,10.6,5.6,123.0,128.2,12.7,0.4,,,,,137.0,125.0,,,52.0,,,7.0,,,,,,,,,,,0.0,,0.0,,1.0,,1748264448.0,3.0,15.8,13.1,12.4,0.8,1019.0,3.6,7.3,37.0,0.0,1748255616.0,1748307328.0,0.875,,,0.7,5.0,0.99,20929.2,2.0,,,,,0.0,1.085,0.0,,,,1146.0,,,,,,,,,,,,,,,,,""
14593215195,"May 25, 2025, 4:09:21 PM",Midday walk (with Bliss 🐾),Walk,"",4286,4.80,122.0,10,false,,,activities/15571900706.fit.gz,,,4286.0,4000.0,4801.5,2.9,1.2,83.0,80.0,129.2,157.0,48.3,0.1,,,,,122.0,98.0,,,273.0,,,10.0,,,,,,,,,,,0.0,,0.0,,1.0,,1748188800.0,3.0,22.6,22.8,17.3,0.72,1020.1,1.5,3.4,161.0,0.0,1748169216.0,1748220928.0,0.875,,,0.69,5.0,1.0,22043.7,5.0,,,,,0.0,1.12,0.0,,,,5986.0,,,,,,,,,,,,,,,,,""
14580105711,"May 24, 2025, 12:29:17 PM",Morning murph challenge,Workout,"100 pull ups
200 pushups 
300 squats
2 miles",3046,0,183.0,195,false,,,activities/15557799484.fit.gz,,,3046.0,3046.0,0.0,0.0,0.0,0.0,0.0,0.0,0.0,0.0,0.0,,,,,183.0,174.0,,,662.0,,,195.0,,,,,,,,,,,0.0,,0.0,,1.0,,,,,,,,,,,,,,,,,,,,,,,,,,,0.0,0.0,0.0,,,,,,,,,,,,,,,,,,,,,""
14569453754,"May 23, 2025, 11:02:43 AM",Morning weight lift,Weight Training,🎵 el plan 🎵,4123,0,139.0,11,false,,,activities/15546312883.fit.gz,,,4123.0,4123.0,0.0,0.0,0.0,0.0,0.0,0.0,0.0,0.0,0.0,,,,,139.0,100.0,,,266.0,,,11.0,,,,,,,,,,,0.0,,0.0,,1.0,,,,,,,,,,,,,,,,,,,,,,,,,,,0.0,0.0,0.0,,,,,,,,,,,,,,,,,,,,,""
14565047746,"May 22, 2025, 9:27:02 PM",Afternoon walk (with Bliss 🐾),Walk,"",3435,4.30,107.0,7,false,,,activities/15541531054.fit.gz,,,3435.0,3354.0,4302.4,2.833,1.283,71.0,74.4,123.0,153.8,34.6,-0.1,,,,,107.0,91.0,,,209.0,,,7.0,,,,,,,,,,,0.0,,0.0,,1.0,,1747947648.0,1.0,24.0,23.5,9.5,0.4,1015.5,5.7,12.4,298.0,0.0,1747910144.0,1747961600.0,0.875,,,0.0,1.0,0.02,43306.9,4.0,,,,,0.0,1.253,0.0,,,,5432.0,,,,,,,,,,,,,,,,,""
14559918825,"May 22, 2025, 10:47:12 AM",Morning weight lift,Weight Training,"",4803,0,140.0,13,false,,,activities/15536051828.fit.gz,,,4803.0,4803.0,0.0,0.0,0.0,0.0,0.0,0.0,0.0,0.0,0.0,,,,,140.0,101.0,,,326.0,,,13.0,,,,,,,,,,,0.0,,0.0,,1.0,,,,,,,,,,,,,,,,,,,,,,,,,,,0.0,0.0,0.0,,,,,,,,,,,,,,,,,,,,,""
14549646907,"May 21, 2025, 11:14:29 AM",Morning swim,Swim,"",1150,206,149.0,7,false,,,activities/15525038847.fit.gz,,,1150.0,1150.0,205.7,1.52,0.179,0.0,0.0,0.0,0.0,0.0,0.0,,,,,149.0,106.0,,,113.0,,,7.0,,,,,,,,,,,0.0,,0.0,,1.0,,,,,,,,,,,,,,,,,,,,,,,,,,,0.0,0.179,0.0,,,,,,,,,,,,,,,,,,,,,""
14538714515,"May 20, 2025, 10:45:48 AM",Morning weight lift,Weight Training,🎵 soul ties 🎵,4832,0,135.0,12,false,,,activities/15513355202.fit.gz,,,4832.0,4832.0,0.0,,0.0,0.0,0.0,0.0,0.0,0.0,0.0,,,,,135.0,96.0,,,310.0,,,12.0,,,,,,,,,,,0.0,,0.0,,1.0,,,,,,,,,,,,,,,,,,,,,,,,,,,0.0,0.0,0.0,,,,,,,,,,,,,,,,,,,,,""
14534474070,"May 19, 2025, 11:35:59 PM",Evening run (with nrc),Run,"",2000,6.37,195.0,117,false,,Nike Streakfly,activities/15508784942.fit.gz,,,2000.0,1954.0,6374.8,5.46,3.262,81.4,81.8,123.2,149.6,18.2,0.0,,,,,195.0,175.0,,219.0,398.0,,,117.0,,,,,,,,,218.0,2001.0,0.0,,0.0,,1.0,6547.7,1747695616.0,5.0,24.5,24.0,20.8,0.8,1010.3,3.1,5.9,95.0,2.4,1747651072.0,1747702144.0,0.625,,25076153.0,0.84,5.0,1.0,14621.6,1.0,,,,,0.0,3.187,0.0,,,,5648.0,,,123.0,149.0,3.351,,,,,,,,,,,,""
14527998812,"May 19, 2025, 10:55:16 AM",Morning weight lift,Weight Training,🎵 we own it 🎵,4123,0,154.0,12,false,,,activities/15502018871.fit.gz,,,4123.0,4123.0,0.0,,0.0,0.0,0.0,0.0,0.0,0.0,0.0,,,,,154.0,103.0,,,303.0,,,12.0,,,,,,,,,,,0.0,,0.0,,1.0,,,,,,,,,,,,,,,,,,,,,,,,,,,0.0,0.0,0.0,,,,,,,,,,,,,,,,,,,,,""
14497689155,"May 16, 2025, 10:54:03 AM",Morning weight lift,Weight Training,"",4382,0,142.0,11,false,,,activities/15467812579.fit.gz,,,4382.0,4382.0,0.0,,0.0,0.0,0.0,0.0,0.0,0.0,0.0,,,,,142.0,97.0,,,282.0,,,11.0,,,,,,,,,,,0.0,,0.0,,1.0,,,,,,,,,,,,,,,,,,,,,,,,,,,0.0,0.0,0.0,,,,,,,,,,,,,,,,,,,,,""
14487819703,"May 15, 2025, 10:55:07 AM",Morning weight lift,Weight Training,"",4708,0,136.0,13,false,,,activities/15457241323.fit.gz,,,4708.0,4708.0,0.0,,0.0,0.0,0.0,0.0,0.0,0.0,0.0,,,,,136.0,100.0,,,325.0,,,13.0,,,,,,,,,,,0.0,,0.0,,1.0,,,,,,,,,,,,,,,,,,,,,,,,,,,0.0,0.0,0.0,,,,,,,,,,,,,,,,,,,,,""
14483448048,"May 14, 2025, 10:10:46 PM",Afternoon walk (with Bliss 🐾),Walk,Bliss got to play with Aria and [strava://athletes/148213760/13]Caroline Farr and ran into [strava://athletes/4252902/12]Grace Bishop.,4522,4.83,122.0,10,false,,,activities/15452536460.fit.gz,,,4522.0,3991.0,4829.7,2.82,1.21,83.4,89.2,128.8,153.8,40.0,-0.1,,,,,122.0,100.0,,,241.0,,,10.0,,,,,,,,,,,0.0,,0.0,,1.0,,,,,,,,,,,,,,,,,,,,,,,,,,,0.0,1.068,0.0,,,,5828.0,,,,,,,,,,,,,,,,,""
14477108570,"May 14, 2025, 10:53:12 AM",Morning weight lift,Weight Training,🎵 stuntin’ like my daddy 🎵,4332,0,142.0,12,false,,,activities/15445865137.fit.gz,,,4332.0,4332.0,0.0,0.0,0.0,0.0,0.0,0.0,0.0,0.0,0.0,,,,,142.0,103.0,,,310.0,,,12.0,,,,,,,,,,,0.0,,0.0,,1.0,,,,,,,,,,,,,,,,,,,,,,,,,,,0.0,0.0,0.0,,,,,,,,,,,,,,,,,,,,,""
14465958591,"May 13, 2025, 10:48:50 AM",Morning weight lift,Weight Training,"",4512,0,144.0,12,false,,,activities/15434091952.fit.gz,,,4512.0,4512.0,0.0,0.0,0.0,0.0,0.0,0.0,0.0,0.0,0.0,,,,,144.0,100.0,,,310.0,,,12.0,,,,,,,,,,,0.0,,0.0,,1.0,,,,,,,,,,,,,,,,,,,,,,,,,,,0.0,0.0,0.0,,,,,,,,,,,,,,,,,,,,,""
14455114078,"May 12, 2025, 11:23:20 AM",Morning swim,Swim,"",1154,0,160.0,21,false,,,activities/15422640141.fit.gz,,,1154.0,1154.0,0.0,0.0,0.0,0.0,0.0,0.0,0.0,0.0,0.0,,,,,160.0,131.0,,,16.0,,,21.0,,,,,,,,,,,0.0,,0.0,,1.0,,,,,,,,,,,,,,,,,,,,,,,,,,,0.0,0.0,0.0,,,,,,,,,,,,,,,,,,,,,""
14436475543,"May 10, 2025, 1:21:56 PM",Morning run,Run,"",3927,11.80,,,false,,Nike Streakfly,activities/15402853799.gpx.gz,,,3927.0,3927.0,11807.2,3.927,3.007,13.4,11.7,123.5,130.3,2.1,0.0,,,,,,,,,955.0,,,,,,,,,,,,,,0.0,,0.0,,1.0,11816.2,,,,,,,,,,,,,,,,25076153.0,,,,,,,,,,0.0,3.007,93.7,,,,,,,,,2.958,,,,,,,,,,,,""
14435493214,"May 10, 2025, 1:07:02 PM",Warmup walk,Walk,"",399,0.43,102.0,0,false,,,activities/15401816490.fit.gz,,,399.0,342.0,431.1,1.93,1.26,7.2,3.2,123.6,127.6,24.7,0.6,,,,,102.0,98.0,,,16.0,,,0.0,,,,,,,,,,,0.0,,0.0,,1.0,,,,,,,,,,,,,,,,,,,,,,,,,,,0.0,1.08,0.0,,,,,,,,,,,,,,,,,,,,,""
14430135938,"May 9, 2025, 11:20:05 PM",Evening jog (with Bliss 🐾),Run,"",2249,4.45,179.0,45,false,,Nike Streakfly,activities/15396141378.fit.gz,,,2249.0,2164.0,4453.5,3.78,2.058,55.4,52.8,127.8,153.2,18.5,0.1,,,,,179.0,144.0,,144.0,249.0,,,45.0,,,,,,,,,151.0,2249.0,0.0,,0.0,,1.0,4636.5,,,,,,,,,,,,,,,,25076153.0,,,,,,,,,,0.0,1.98,0.0,,,,5658.0,,,66.0,103.0,2.143,,,,,,,,,,,,""
14414900850,"May 8, 2025, 10:47:13 AM",Morning weight lift,Weight Training,🎵 love unconditional 🎵,4640,0,117.0,9,false,,,activities/15380072185.fit.gz,,,4640.0,4640.0,0.0,0.0,0.0,0.0,0.0,0.0,0.0,0.0,0.0,,,,,117.0,88.0,,,277.0,,,9.0,,,,,,,,,,,0.0,,0.0,,1.0,,,,,,,,,,,,,,,,,,,,,,,,,,,0.0,0.0,0.0,,,,,,,,,,,,,,,,,,,,,""
14404447696,"May 7, 2025, 10:50:36 AM",Morning weight lift,Weight Training,🎵 slip 🎵,4517,0,141.0,12,false,,,activities/15369125612.fit.gz,,,4517.0,4517.0,0.0,0.0,0.0,0.0,0.0,0.0,0.0,0.0,0.0,,,,,141.0,102.0,,,313.0,,,12.0,,,,,,,,,,,0.0,,0.0,,1.0,,,,,,,,,,,,,,,,,,,,,,,,,,,0.0,0.0,0.0,,,,,,,,,,,,,,,,,,,,,""
14400496048,"May 7, 2025, 12:02:15 AM",Evening jog (with Bliss 🐾),Run,"",1194,2.21,,,false,,Nike Streakfly,activities/15364961878.gpx.gz,,,1194.0,1032.0,2213.8,3.354,2.145,4.4,2.1,123.2,125.8,1.1,0.0,,,,,,,,,179.0,,,,,,,,,,,,,,0.0,,0.0,,1.0,2215.6,,,,,,,,,,,,,,,,25076153.0,,,,,,,,,,0.0,1.854,0.0,,,,,,,,,2.147,,,,,,,,,,,,""
14393914964,"May 6, 2025, 10:54:34 AM",Morning weight lift,Weight Training,🎵 no hay otro nombre 🎵,4403,0,134.0,10,false,,,activities/15358109793.fit.gz,,,4403.0,4403.0,0.0,0.0,0.0,0.0,0.0,0.0,0.0,0.0,0.0,,,,,134.0,95.0,,,279.0,,,10.0,,,,,,,,,,,0.0,,0.0,,1.0,,,,,,,,,,,,,,,,,,,,,,,,,,,0.0,0.0,0.0,,,,,,,,,,,,,,,,,,,,,""
14390009875,"May 5, 2025, 11:44:31 PM",Evening run (with 12south runners),Run,Smoked Grace Bishop in a 400 meters head to head race to the finish line!,2482,8.18,,,false,,Nike Streakfly,activities/15353978332.gpx.gz,,,2482.0,2412.0,8180.3,5.748,3.392,70.7,72.7,165.9,198.3,6.3,0.0,,,,,,,,,666.0,,,,,,,,,,,,,,0.0,,0.0,,1.0,8242.4,,,,,,,,,,,,,,,,25076152.0,,,,,,,,,,0.0,3.296,35.7,,,,,,,,,3.417,,,,,,,,,,,,""
14384081658,"May 5, 2025, 10:50:15 AM",Morning weight lift,Weight Training,🎵 climb 🎵,4508,0,137.0,12,false,,,activities/15347776366.fit.gz,,,4508.0,4508.0,0.0,0.0,0.0,0.0,0.0,0.0,0.0,0.0,0.0,,,,,137.0,102.0,,,299.0,,,12.0,,,,,,,,,,,0.0,,0.0,,1.0,,,,,,,,,,,,,,,,,,,,,,,,,,,0.0,0.0,0.0,,,,,,,,,,,,,,,,,,,,,""
14375495328,"May 4, 2025, 1:04:55 PM",DoNot 5k,Run,Ate 24 donuts on my run,1908,4.95,,,false,,Nike Streakfly,activities/15338710569.gpx.gz,,,1908.0,1908.0,4955.7,6.216,2.597,56.0,56.1,142.9,163.8,7.5,0.1,,,,,,,,,406.0,,,,,,,,,,,,,,0.0,,0.0,,1.0,5023.8,,,,,,,,,,,,,,,,25076153.0,,,,,,,,,,0.0,2.597,0.0,,,,,,,,,2.633,,,,,,,,,,,,media/CEE230C8-BD81-430F-9627-C964CF5E83DA.jpg
14354009344,"May 2, 2025, 12:30:40 PM",Morning bike,Ride,"",1211,0,115.0,3,false,,,activities/15316105468.fit.gz,,,1211.0,1211.0,0.0,0.0,0.0,0.0,0.0,0.0,0.0,0.0,0.0,,,,,115.0,106.0,,,103.0,,,3.0,,,,,,,,,,,0.0,,0.0,,1.0,,,,,,,,,,,,,,,,,,,,,,,,,,,0.0,0.0,0.0,,,,,,,,,,,,,,,,,,,,,""
14353761220,"May 2, 2025, 11:02:29 AM",Morning weight lift,Weight Training,🎵 take me there 🎵,4814,0,112.0,8,false,,,activities/15315843206.fit.gz,,,4814.0,4814.0,0.0,0.0,0.0,0.0,0.0,0.0,0.0,0.0,0.0,,,,,112.0,81.0,,,245.0,,,8.0,,,,,,,,,,,0.0,,0.0,,1.0,,,,,,,,,,,,,,,,,,,,,,,,,,,0.0,0.0,0.0,,,,,,,,,,,,,,,,,,,,,""
14349492395,"May 1, 2025, 10:14:52 PM",Afternoon walk (with Bliss 🐾),Walk,"",4007,4.66,101.0,8,false,,,activities/15311343669.fit.gz,,,4007.0,3877.0,4664.5,2.42,1.203,59.4,59.6,128.6,153.4,20.3,0.0,,,,,101.0,88.0,,,215.0,,,8.0,,,,,,,,,,,0.0,,0.0,,1.0,,,,,,,,,,,,,,,,,,,,,,,,,,,0.0,1.164,0.0,,,,5922.0,,,,,,,,,,,,,,,,,""
14337847516,"Apr 30, 2025, 10:55:04 PM",Afternoon run,Run,"",2386,7.28,,,false,,Nike Streakfly,activities/15299167319.gpx.gz,,,2386.0,2386.0,7280.1,4.033,3.051,40.5,57.5,129.7,153.0,6.3,-0.2,,,,,,,,,589.0,,,,,,,,,,,,,,0.0,,0.0,,1.0,7287.3,,,,,,,,,,,,,,,,25076153.0,,,,,,,,,,0.0,3.051,0.0,,,,,,,,,3.054,,,,,,,,,,,,""
14332190267,"Apr 30, 2025, 10:57:43 AM",Morning weight lift,Weight Training,PR on bench press @ 200lbs,4807,0,124.0,10,false,,,activities/15293253379.fit.gz,,,4807.0,4807.0,0.0,0.0,0.0,0.0,0.0,0.0,0.0,0.0,0.0,,,,,124.0,90.0,,,293.0,,,10.0,,,,,,,,,,,0.0,,0.0,,1.0,,,,,,,,,,,,,,,,,,,,,,,,,,,0.0,0.0,0.0,,,,,,,,,,,,,,,,,,,,,""
14328222036,"Apr 30, 2025, 12:10:41 AM",Evening jog (with Bliss 🐾),Run,"",1916,3.38,,,false,,Nike Streakfly,activities/15289083298.gpx.gz,,,1916.0,1688.0,3382.2,3.255,2.004,4.2,2.1,123.2,125.7,1.1,0.0,,,,,,,,,274.0,,,,,,,,,,,,,,0.0,,0.0,,1.0,3384.8,,,,,,,,,,,,,,,,25076153.0,,,,,,,,,,0.0,1.765,0.0,,,,,,,,,2.005,,,,,,,,,,,,""
14321384544,"Apr 29, 2025, 11:02:20 AM",Morning weight lift,Weight Training,🎵 come fill me up 🎵,4333,0,110.0,8,false,,,activities/15281979659.fit.gz,,,4333.0,4333.0,0.0,0.0,0.0,0.0,0.0,0.0,0.0,0.0,0.0,,,,,110.0,83.0,,,257.0,,,8.0,,,,,,,,,,,0.0,,0.0,,1.0,,,,,,,,,,,,,,,,,,,,,,,,,,,0.0,0.0,0.0,,,,,,,,,,,,,,,,,,,,,""
14317218626,"Apr 28, 2025, 11:36:04 PM",Evening run (with nrc),Run,"",2865,8.53,,,false,,Nike Streakfly,activities/15277622257.gpx.gz,,,2865.0,2696.0,8538.9,8.118,3.167,62.7,62.8,129.6,153.0,7.7,0.0,,,,,,,,,695.0,,,,,,,,,,,,,,0.0,,0.0,,1.0,8596.9,,,,,,,,,,,,,,,,25076153.0,,,,,,,,,,0.0,2.98,0.0,,,,,,,,,3.189,,,,,,,,,,,,""
14311000663,"Apr 28, 2025, 10:52:04 AM",Morning weight lift,Weight Training,"",4247,0,113.0,7,false,,,activities/15271144977.fit.gz,,,4247.0,4247.0,0.0,0.0,0.0,0.0,0.0,0.0,0.0,0.0,0.0,,,,,113.0,83.0,,,254.0,,,7.0,,,,,,,,,,,0.0,,0.0,,1.0,,,,,,,,,,,,,,,,,,,,,,,,,,,0.0,0.0,0.0,,,,,,,,,,,,,,,,,,,,,""
14292233213,"Apr 26, 2025, 12:36:24 PM",Nashville rock n roll half,Run,"",7308,21.61,,,false,,Nike Streakfly,activities/15251431978.gpx.gz,,,7308.0,7151.0,21618.4,8.547,3.023,147.5,169.7,125.3,190.8,5.7,-0.1,,,,,,,,,1757.0,,,,,,,,,,,,,,0.0,,0.0,,1.0,21741.2,,,,,,,,,,,,,,,,25076153.0,,,,,,,,,,0.0,2.958,0.0,,,,,,,,,3.04,,,,,,,,,,,,""
14271568726,"Apr 24, 2025, 10:44:50 AM",Morning weight lift,Weight Training,🎵 rookie and a vet 🎵,3943,0,143.0,9,false,,,activities/15229810499.fit.gz,,,3943.0,3943.0,0.0,0.0,0.0,0.0,0.0,0.0,0.0,0.0,0.0,,,,,143.0,95.0,,,254.0,,,9.0,,,,,,,,,,,0.0,,0.0,,1.0,,,,,,,,,,,,,,,,,,,,,,,,,,,0.0,0.0,0.0,,,,,,,,,,,,,,,,,,,,,""
14261675950,"Apr 23, 2025, 10:55:01 AM",Morning weight lift,Weight Training,🎵 lonely star 🎵,4288,0,125.0,9,false,,,activities/15219496998.fit.gz,,,4288.0,4288.0,0.0,0.0,0.0,0.0,0.0,0.0,0.0,0.0,0.0,,,,,125.0,90.0,,,256.0,,,9.0,,,,,,,,,,,0.0,,0.0,,1.0,,,,,,,,,,,,,,,,,,,,,,,,,,,0.0,0.0,0.0,,,,,,,,,,,,,,,,,,,,,""
14257771095,"Apr 22, 2025, 11:47:35 PM",Evening jog (with Bliss 🐾),Run,Bliss put in the miles on his first run tonight!,1199,2.67,169.0,44,false,,Nike Streakfly,activities/15215406605.fit.gz,,,1199.0,1157.0,2677.4,4.02,2.314,9.0,9.4,122.4,126.6,18.2,0.0,,,,,169.0,160.0,,165.0,156.0,,,44.0,,,,,,,,,162.0,1200.0,0.0,,0.0,,1.0,2710.7,,,,,,,,,,,,,,,,25076153.0,,,,,,,,,,0.0,2.233,0.0,,,,3208.0,,,41.0,111.0,2.343,,,,,,,,,,,,""
14251105528,"Apr 22, 2025, 10:49:59 AM",Morning weight lift,Weight Training,"",3911,0,126.0,9,false,,,activities/15208483465.fit.gz,,,3911.0,3911.0,0.0,0.0,0.0,0.0,0.0,0.0,0.0,0.0,0.0,,,,,126.0,92.0,,,237.0,,,9.0,,,,,,,,,,,0.0,,0.0,,1.0,,,,,,,,,,,,,,,,,,,,,,,,,,,0.0,0.0,0.0,,,,,,,,,,,,,,,,,,,,,""
14247411869,"Apr 21, 2025, 11:40:24 PM",Evening run (with nrc),Run,"",1951,6.42,,,false,,Nike Streakfly,activities/15204603310.gpx.gz,,,1951.0,1951.0,6427.0,5.391,3.294,47.9,48.2,124.8,148.8,5.1,0.0,,,,,,,,,523.0,,,,,,,,,,,,,,0.0,,0.0,,1.0,6473.7,,,,,,,,,,,,,,,,25076153.0,,,,,,,,,,0.0,3.294,0.0,,,,,,,,,3.318,,,,,,,,,,,,""
14243262313,"Apr 21, 2025, 1:19:15 PM",Morning weight lift,Weight Training,Forgot to stop my watch 😅🤦🏻‍♂️,6159,0,139.0,14,false,,,activities/15200272963.fit.gz,,,6159.0,6159.0,0.0,0.0,0.0,0.0,0.0,0.0,0.0,0.0,0.0,,,,,139.0,94.0,,,379.0,,,14.0,,,,,,,,,,,0.0,,0.0,,1.0,,,,,,,,,,,,,,,,,,,,,,,,,,,0.0,0.0,0.0,,,,,,,,,,,,,,,,,,,,,""
14237355199,"Apr 20, 2025, 11:20:14 PM",Easter 8k,Run,"",2726,8.37,,,false,,Nike Streakfly,activities/15194090334.gpx.gz,,,2726.0,2726.0,8374.5,4.321,3.072,42.8,43.1,123.2,154.4,4.0,0.0,,,,,,,,,679.0,,,,,,,,,,,,,,0.0,,0.0,,1.0,8407.9,,,,,,,,,,,,,,,,25076153.0,,,,,,,,,,0.0,3.072,0.0,,,,,,,,,3.084,,,,,,,,,,,,""
14202787221,"Apr 17, 2025, 10:53:17 AM",Morning weight lift,Weight Training,🎵 heartless 🎵,4204,0,129.0,10,false,,,activities/15157857333.fit.gz,,,4204.0,4204.0,0.0,0.0,0.0,0.0,0.0,0.0,0.0,0.0,0.0,,,,,129.0,94.0,,,266.0,,,10.0,,,,,,,,,,,0.0,,0.0,,1.0,,,,,,,,,,,,,,,,,,,,,,,,,,,0.0,0.0,0.0,,,,,,,,,,,,,,,,,,,,,""
14198938893,"Apr 16, 2025, 11:13:04 PM",Evening run (with east nasty),Run,"",2226,7.10,,,false,,Nike Streakfly,activities/15153843540.gpx.gz,,,2226.0,2023.0,7107.1,4.821,3.513,67.6,66.9,127.7,161.6,7.0,0.0,,,,,,,,,581.0,,,,,,,,,,,,,,0.0,,0.0,,1.0,7189.3,,,,,,,,,,,,,,,,25076153.0,,,,,,,,,,0.0,3.193,0.0,,,,,,,,,3.554,,,,,,,,,,,,""
14193351984,"Apr 16, 2025, 10:55:07 AM",Morning weight lift,Weight Training,🎵 expectations 🎵,4286,0,129.0,10,false,,,activities/15148035304.fit.gz,,,4286.0,4286.0,0.0,0.0,0.0,0.0,0.0,0.0,0.0,0.0,0.0,,,,,129.0,93.0,,,265.0,,,10.0,,,,,,,,,,,0.0,,0.0,,1.0,,,,,,,,,,,,,,,,,,,,,,,,,,,0.0,0.0,0.0,,,,,,,,,,,,,,,,,,,,,""
14183572334,"Apr 15, 2025, 10:54:06 AM",Morning weight lift,Weight Training,🎵 set you free 🎵,4202,0,135.0,10,false,,,activities/15137869942.fit.gz,,,4202.0,4202.0,0.0,0.0,0.0,0.0,0.0,0.0,0.0,0.0,0.0,,,,,135.0,93.0,,,257.0,,,10.0,,,,,,,,,,,0.0,,0.0,,1.0,,,,,,,,,,,,,,,,,,,,,,,,,,,0.0,0.0,0.0,,,,,,,,,,,,,,,,,,,,,""
14179725553,"Apr 14, 2025, 11:39:38 PM",Evening run (happy 4 years anniversary nrc),Run,"",1773,5.77,,,false,,Nike Streakfly,activities/15133844314.gpx.gz,,,1773.0,1773.0,5771.4,5.899,3.255,59.4,61.2,128.2,166.6,7.0,0.0,,,,,,,,,473.0,,,,,,,,,,,,,,0.0,,0.0,,1.0,5852.7,,,,,,,,,,,,,,,,25076153.0,,,,,,,,,,0.0,3.255,0.0,,,,,,,,,3.301,,,,,,,,,,,,media/3FC4B36C-EF12-4230-9B33-C76981B75F33.jpg
14173757461,"Apr 14, 2025, 10:51:57 AM",Morning weight lift,Weight Training,🎵 tears in the rain 🎵,4203,0,138.0,10,false,,,activities/15127644818.fit.gz,,,4203.0,4203.0,0.0,0.0,0.0,0.0,0.0,0.0,0.0,0.0,0.0,,,,,138.0,97.0,,,268.0,,,10.0,,,,,,,,,,,0.0,,0.0,,1.0,,,,,,,,,,,,,,,,,,,,,,,,,,,0.0,0.0,0.0,,,,,,,,,,,,,,,,,,,,,""
14169114177,"Apr 13, 2025, 5:48:25 PM",April 10 miler,Run,"",5848,16.19,,,false,,Nike Streakfly,activities/15122759645.gpx.gz,,,5848.0,5475.0,16195.8,5.283,2.958,118.5,117.4,123.2,158.5,4.3,0.0,,,,,,,,,1314.0,,,,,,,,,,,,,,0.0,,0.0,,1.0,16254.5,,,,,,,,,,,,,,,,25076153.0,,,,,,,,,,0.0,2.769,0.0,,,,,,,,,2.969,,,,,,,,,,,,""
14168368641,"Apr 13, 2025, 5:35:06 PM",Warmup walk,Walk,"",580,0.68,119.0,1,false,,,activities/15121978110.fit.gz,,,580.0,580.0,681.7,2.007,1.175,12.4,8.8,137.0,145.8,21.1,0.5,,,,,119.0,102.0,,,26.0,,,1.0,,,,,,,,,,,0.0,,0.0,,1.0,,,,,,,,,,,,,,,,,,,,,,,,,,,0.0,1.175,0.0,,,,1006.0,,,,,,,,,,,,,,,,,""
14159625395,"Apr 12, 2025, 9:03:28 PM",Afternoon walk (with Bliss 🐾),Walk,"",2402,2.44,105.0,4,false,,,activities/15112817411.fit.gz,,,2402.0,2206.0,2440.9,2.43,1.107,37.6,31.4,136.2,151.8,32.8,0.2,,,,,105.0,87.0,,,118.0,,,4.0,,,,,,,,,,,0.0,,0.0,,1.0,,,,,,,,,,,,,,,,,,,,,,,,,,,0.0,1.016,0.0,,,,3720.0,,,,,,,,,,,,,,,,,""
14150157890,"Apr 11, 2025, 10:51:30 PM",Afternoon run,Run,🎵 better days 🎵,3134,9.52,,,false,,Nike Streakfly,activities/15102860595.gpx.gz,,,3134.0,3134.0,9520.8,3.885,3.038,53.8,53.8,123.2,148.9,3.1,0.0,,,,,,,,,772.0,,,,,,,,,,,,,,0.0,,0.0,,1.0,9548.2,,,,,,,,,,,,,,,,25076153.0,,,,,,,,,,0.0,3.038,0.0,,,,,,,,,3.047,,,,,,,,,,,,""
14149807747,"Apr 11, 2025, 10:41:13 PM",Afternoon warmup,Run,"",205,0.60,,,false,,Nike Streakfly,activities/15102498541.gpx.gz,,,205.0,205.0,602.8,3.48,2.941,0.0,3.3,144.8,148.6,2.1,-0.2,,,,,,,,,49.0,,,,,,,,,,,,,,0.0,,0.0,,1.0,602.4,,,,,,,,,,,,,,,,25076153.0,,,,,,,,,,0.0,2.941,0.0,,,,,,,,,2.939,,,,,,,,,,,,""
14135870277,"Apr 10, 2025, 10:53:12 AM",Morning weight lift,Weight Training,🎵 nothing without you 🎵,4336,0,134.0,10,false,,,activities/15087933667.fit.gz,,,4336.0,4336.0,0.0,0.0,0.0,0.0,0.0,0.0,0.0,0.0,0.0,,,,,134.0,93.0,,,273.0,,,10.0,,,,,,,,,,,0.0,,0.0,,1.0,,,,,,,,,,,,,,,,,,,,,,,,,,,0.0,0.0,0.0,,,,,,,,,,,,,,,,,,,,,""
14132072253,"Apr 9, 2025, 11:14:24 PM",Evening run (with east nasty),Run,🎵 wild for the night 🎵,2188,6.89,186.0,152,false,,Nike Streakfly,activities/15083965093.fit.gz,,,2188.0,2186.0,6889.8,4.4,3.152,110.0,106.2,122.6,162.0,16.9,0.1,,,,,186.0,178.0,,217.0,426.0,,,152.0,,,,,,,,,221.0,2189.0,0.0,,0.0,,1.0,7114.1,,,,,,,,,,,,,,,,25076153.0,,,,,,,,,,0.0,3.149,0.0,,,,6382.0,,,138.0,151.0,3.254,,,,,,,,,,,,""
14125906009,"Apr 9, 2025, 10:44:37 AM",Morning weight lift,Weight Training,🎵 all the stars 🎵,4140,0,138.0,11,false,,,activities/15077559907.fit.gz,,,4140.0,4140.0,0.0,0.0,0.0,0.0,0.0,0.0,0.0,0.0,0.0,,,,,138.0,99.0,,,274.0,,,11.0,,,,,,,,,,,0.0,,0.0,,1.0,,,,,,,,,,,,,,,,,,,,,,,,,,,0.0,0.0,0.0,,,,,,,,,,,,,,,,,,,,,""
14115736306,"Apr 8, 2025, 11:01:41 AM",Morning weight lift,Weight Training,"",3914,0,137.0,9,false,,,activities/15066980100.fit.gz,,,3914.0,3914.0,0.0,0.0,0.0,0.0,0.0,0.0,0.0,0.0,0.0,,,,,137.0,96.0,,,247.0,,,9.0,,,,,,,,,,,0.0,,0.0,,1.0,,,,,,,,,,,,,,,,,,,,,,,,,,,0.0,0.0,0.0,,,,,,,,,,,,,,,,,,,,,""
14111963592,"Apr 7, 2025, 11:45:02 PM",Evening run (with 12south runners),Run,"",3260,9.76,,,false,,Nike Streakfly,activities/15063034745.gpx.gz,,,3260.0,3065.0,9766.2,4.463,3.186,126.7,128.1,169.7,221.6,10.2,0.0,,,,,,,,,808.0,,,,,,,,,,,,,,0.0,,0.0,,1.0,9999.0,,,,,,,,,,,,,,,,25076153.0,,,,,,,,,,0.0,2.996,0.0,,,,,,,,,3.262,,,,,,,,,,,,""
14111377440,"Apr 7, 2025, 10:52:08 PM",Afternoon warmup,Run,"",761,2.31,,,false,,Nike Streakfly,activities/15062433627.gpx.gz,,,761.0,761.0,2318.1,4.265,3.046,38.6,24.8,174.3,199.3,8.6,0.6,,,,,,,,,195.0,,,,,,,,,,,,,,0.0,,0.0,,1.0,2418.1,,,,,,,,,,,,,,,,25076153.0,,,,,,,,,,0.0,3.046,0.0,,,,,,,,,3.178,,,,,,,,,,,,""
14108596548,"Apr 7, 2025, 5:05:14 PM",Midday bike,Ride,"",1231,0,121.0,4,false,,,activities/15059593725.fit.gz,,,1231.0,1231.0,0.0,0.0,0.0,0.0,0.0,0.0,0.0,0.0,0.0,,,,,121.0,111.0,,,123.0,,,4.0,,,,,,,,,,,0.0,,0.0,,1.0,,,,,,,,,,,,,,,,,,,,,,,,,,,0.0,0.0,0.0,,,,,,,,,,,,,,,,,,,,,""
14105935178,"Apr 7, 2025, 10:54:17 AM",Morning weight lift,Weight Training,🎵 dontchange 🎵,4877,0,140.0,13,false,,,activities/15056813612.fit.gz,,,4877.0,4877.0,0.0,0.0,0.0,0.0,0.0,0.0,0.0,0.0,0.0,,,,,140.0,100.0,,,312.0,,,13.0,,,,,,,,,,,0.0,,0.0,,1.0,,,,,,,,,,,,,,,,,,,,,,,,,,,0.0,0.0,0.0,,,,,,,,,,,,,,,,,,,,,""
14077898713,"Apr 4, 2025, 1:00:43 PM",Morning run,Run,"",3045,8.91,191.0,206,false,,Nike Streakfly,activities/15027327987.fit.gz,,,3045.0,3003.0,8912.0,4.16,2.968,174.2,164.0,162.0,244.0,25.4,0.1,,,,,191.0,178.0,,203.0,552.0,,,206.0,,,,,,,,,203.0,3045.0,0.0,,0.0,,1.0,9386.7,,,,,,,,,,,,,,,,25076153.0,,,,,,,,,,0.0,2.927,0.0,,,,8762.0,,,163.0,139.0,3.126,,,,,,,,,,,,""
14077287162,"Apr 4, 2025, 11:29:26 AM",Morning weight lift,Weight Training,🎵 luther 🎵,3902,0,130.0,9,false,,,activities/15026682066.fit.gz,,,3902.0,3902.0,0.0,0.0,0.0,0.0,0.0,0.0,0.0,0.0,0.0,,,,,130.0,93.0,,,244.0,,,9.0,,,,,,,,,,,0.0,,0.0,,1.0,,,,,,,,,,,,,,,,,,,,,,,,,,,0.0,0.0,0.0,,,,,,,,,,,,,,,,,,,,,""
14060711103,"Apr 2, 2025, 5:05:23 PM",Midday bike,Ride,"",1268,0,147.0,6,false,,,activities/15009252426.fit.gz,,,1268.0,1268.0,0.0,0.0,0.0,0.0,0.0,0.0,0.0,0.0,0.0,,,,,147.0,119.0,,,163.0,,,6.0,,,,,,,,,,,0.0,,0.0,,1.0,,,,,,,,,,,,,,,,,,,,,,,,,,,0.0,0.0,0.0,,,,,,,,,,,,,,,,,,,,,""
14057685848,"Apr 2, 2025, 10:47:20 AM",Morning weight lift,Weight Training,"🎵 standby 🎵
“… Holy Father, keep my head above the water
I've been drowning in disorder
I need you to slow the slaughter
Am I trusting while I'm climbing? Kinda sorta
But you got good news for me, send me more reporters
Keep, gotta keep, keep …”",4344,0,143.0,13,false,,,activities/15006048024.fit.gz,,,4344.0,4344.0,0.0,0.0,0.0,0.0,0.0,0.0,0.0,0.0,0.0,,,,,143.0,103.0,,,308.0,,,13.0,,,,,,,,,,,0.0,,0.0,,1.0,,,,,,,,,,,,,,,,,,,,,,,,,,,0.0,0.0,0.0,,,,,,,,,,,,,,,,,,,,,""
14050607675,"Apr 1, 2025, 5:10:12 PM",Midday bike,Ride,"",1223,0,149.0,6,false,,,activities/14998548624.fit.gz,,,1223.0,1223.0,0.0,0.0,0.0,0.0,0.0,0.0,0.0,0.0,0.0,,,,,149.0,117.0,,,134.0,,,6.0,,,,,,,,,,,0.0,,0.0,,1.0,,,,,,,,,,,,,,,,,,,,,,,,,,,0.0,0.0,0.0,,,,,,,,,,,,,,,,,,,,,""
14047636516,"Apr 1, 2025, 11:00:47 AM",Morning weight lift,Weight Training,"",4325,0,116.0,9,false,,,activities/14995382002.fit.gz,,,4325.0,4325.0,0.0,0.0,0.0,0.0,0.0,0.0,0.0,0.0,0.0,,,,,116.0,92.0,,,264.0,,,9.0,,,,,,,,,,,0.0,,0.0,,1.0,,,,,,,,,,,,,,,,,,,,,,,,,,,0.0,0.0,0.0,,,,,,,,,,,,,,,,,,,,,""
14040594247,"Mar 31, 2025, 5:05:17 PM",Midday bike,Ride,"",1211,0,139.0,7,false,,,activities/14987880966.fit.gz,,,1211.0,1211.0,0.0,0.0,0.0,0.0,0.0,0.0,0.0,0.0,0.0,,,,,139.0,125.0,,,154.0,,,7.0,,,,,,,,,,,0.0,,0.0,,1.0,,,,,,,,,,,,,,,,,,,,,,,,,,,0.0,0.0,0.0,,,,,,,,,,,,,,,,,,,,,""
14037944738,"Mar 31, 2025, 10:57:16 AM",Morning weight lift,Weight Training,"",4680,0,137.0,14,false,,,activities/14985037459.fit.gz,,,4680.0,4680.0,0.0,0.0,0.0,0.0,0.0,0.0,0.0,0.0,0.0,,,,,137.0,107.0,,,316.0,,,14.0,,,,,,,,,,,0.0,,0.0,,1.0,,,,,,,,,,,,,,,,,,,,,,,,,,,0.0,0.0,0.0,,,,,,,,,,,,,,,,,,,,,""
14034540345,"Mar 30, 2025, 10:02:48 PM",Afternoon run,Run,"🎵 i cry 🎵
I run bc i cry… 
I cry bc the vols lost… 
The vols lost bc what else is new… 
#vfl #gbo",3929,10.69,186.0,244,false,,Nike Streakfly,activities/14981318308.fit.gz,,,3929.0,3670.0,10693.2,4.42,2.914,148.6,148.6,127.6,154.4,48.9,0.0,,,,,186.0,176.0,,199.0,640.0,,,244.0,,,,,,,,,197.0,3929.0,0.0,,0.0,,1.0,11066.5,,,,,,,,,,,,,,,,25076153.0,,,,,,,,,,0.0,2.722,0.0,,,,10808.0,,,198.0,135.0,3.015,,,,,,,,,,,,""
14003904659,"Mar 27, 2025, 5:05:15 PM",Midday bike,Ride,🎵 bring em out 🎵,1242,0,133.0,6,false,,,activities/14948342205.fit.gz,,,1242.0,1242.0,0.0,0.0,0.0,0.0,0.0,0.0,0.0,0.0,0.0,,,,,133.0,122.0,,,132.0,,,6.0,,,,,,,,,,,0.0,,0.0,,1.0,,,,,,,,,,,,,,,,,,,,,,,,,,,0.0,0.0,0.0,,,,,,,,,,,,,,,,,,,,,""
14001289296,"Mar 27, 2025, 10:53:55 AM",Morning weight lift,Weight Training,"",4714,0,145.0,13,false,,,activities/14945517461.fit.gz,,,4714.0,4714.0,0.0,0.0,0.0,0.0,0.0,0.0,0.0,0.0,0.0,,,,,145.0,102.0,,,320.0,,,13.0,,,,,,,,,,,0.0,,0.0,,1.0,,,,,,,,,,,,,,,,,,,,,,,,,,,0.0,0.0,0.0,,,,,,,,,,,,,,,,,,,,,""
13998056597,"Mar 26, 2025, 11:25:38 PM",Evening 15k,Run,🎵 clouds 🎵 3️⃣🔁,5231,14.63,181.0,296,false,,Nike Streakfly,activities/14942020851.fit.gz,,,5231.0,4865.0,14634.6,4.567,3.008,160.6,161.6,155.4,191.2,25.7,0.0,,,,,181.0,172.0,,206.0,880.0,,,296.0,,,,,,,,,203.0,5232.0,0.0,,0.0,,1.0,14946.3,,,,,,,,,,,,,,,,25076153.0,,,,,,,,,,0.0,2.798,605.9,,,,14080.0,,,280.0,139.0,3.072,,,,,,,,,,,,""
13994268233,"Mar 26, 2025, 5:05:31 PM",Midday bike,Ride,🎵 clouds 🎵🔂,1224,0,137.0,6,false,,,activities/14938010576.fit.gz,,,1224.0,1224.0,0.0,0.0,0.0,0.0,0.0,0.0,0.0,0.0,0.0,,,,,137.0,120.0,,,132.0,,,6.0,,,,,,,,,,,0.0,,0.0,,1.0,,,,,,,,,,,,,,,,,,,,,,,,,,,0.0,0.0,0.0,,,,,,,,,,,,,,,,,,,,,""
13991694278,"Mar 26, 2025, 10:55:04 AM",Morning weight lift,Weight Training,"🎵 clouds 🎵
“… I'm feeling like I'm on fire
I love, that feeling when you walking in your calling
Ain't no turning back, I'm all in, I ain't finished, just watch
I’m up …”",4750,0,139.0,13,false,,,activities/14935240657.fit.gz,,,4750.0,4750.0,0.0,0.0,0.0,0.0,0.0,0.0,0.0,0.0,0.0,,,,,139.0,103.0,,,330.0,,,13.0,,,,,,,,,,,0.0,,0.0,,1.0,,,,,,,,,,,,,,,,,,,,,,,,,,,0.0,0.0,0.0,,,,,,,,,,,,,,,,,,,,,""
13984296120,"Mar 25, 2025, 5:05:17 PM",Midday bike,Ride,🎵 texas pete 🎵,1230,0,139.0,7,false,,,activities/14927361667.fit.gz,,,1230.0,1230.0,0.0,0.0,0.0,0.0,0.0,0.0,0.0,0.0,0.0,,,,,139.0,122.0,,,153.0,,,7.0,,,,,,,,,,,0.0,,0.0,,1.0,,,,,,,,,,,,,,,,,,,,,,,,,,,0.0,0.0,0.0,,,,,,,,,,,,,,,,,,,,,""
13981567961,"Mar 25, 2025, 10:52:01 AM",Morning weight lift,Weight Training,🎵 fto 🎵,4233,0,141.0,12,false,,,activities/14924441835.fit.gz,,,4233.0,4233.0,0.0,0.0,0.0,0.0,0.0,0.0,0.0,0.0,0.0,,,,,141.0,102.0,,,286.0,,,12.0,,,,,,,,,,,0.0,,0.0,,1.0,,,,,,,,,,,,,,,,,,,,,,,,,,,0.0,0.0,0.0,,,,,,,,,,,,,,,,,,,,,""
13978097031,"Mar 24, 2025, 11:39:04 PM",Evening run (with nrc),Run,"",2630,6.73,184.0,148,false,,Nike Streakfly,activities/14920703004.fit.gz,,,2630.0,2572.0,6732.6,6.24,2.618,52.8,53.4,141.6,167.6,23.5,0.0,,,,,184.0,172.0,,180.0,398.0,,,148.0,,,,,,,,,182.0,2629.0,0.0,,0.0,,1.0,6813.7,,,,,,,,,,,,,,,,25076153.0,,,,,,,,,,0.0,2.56,0.0,,,,7198.0,,,113.0,125.0,2.649,,,,,,,,,,,,""
13974613937,"Mar 24, 2025, 5:05:21 PM",Midday bike,Ride,"",1232,0,124.0,4,false,,,activities/14917031814.fit.gz,,,1232.0,1232.0,0.0,0.0,0.0,0.0,0.0,0.0,0.0,0.0,0.0,,,,,124.0,113.0,,,102.0,,,4.0,,,,,,,,,,,0.0,,0.0,,1.0,,,,,,,,,,,,,,,,,,,,,,,,,,,0.0,0.0,0.0,,,,,,,,,,,,,,,,,,,,,""
13972143815,"Mar 24, 2025, 10:54:05 AM",Morning weight lift,Weight Training,🎵 black and yellow 🎵,4427,0,152.0,15,false,,,activities/14914366575.fit.gz,,,4427.0,4427.0,0.0,0.0,0.0,0.0,0.0,0.0,0.0,0.0,0.0,,,,,152.0,109.0,,,331.0,,,15.0,,,,,,,,,,,0.0,,0.0,,1.0,,,,,,,,,,,,,,,,,,,,,,,,,,,0.0,0.0,0.0,,,,,,,,,,,,,,,,,,,,,""
13967753992,"Mar 23, 2025, 6:52:51 PM",Walk of shame (back to the truck bc i ran shirtless 🤦🏻‍♂️🙃),Walk,"",2453,2.98,146.0,13,false,,,activities/14909584192.fit.gz,,,2453.0,2419.0,2984.0,2.48,1.234,28.6,25.0,137.2,154.2,15.9,0.1,,,,,146.0,126.0,,,130.0,,,13.0,,,,,,,,,,,0.0,,0.0,,1.0,,,,,,,,,,,,,,,,,,,,,,,,,,,0.0,1.216,0.0,,,,3198.0,,,,,,,,,,,,,,,,,""
13967423618,"Mar 23, 2025, 4:36:41 PM",March half,Run,"",7898,21.34,183.0,516,false,,Nike Streakfly,activities/14909227587.fit.gz,,,7898.0,7612.0,21344.6,4.5,2.804,242.8,251.6,123.8,184.6,45.9,0.0,,,,,183.0,177.0,,193.0,1279.0,,,516.0,,,,,,,,,192.0,7897.0,0.0,,0.0,,1.0,21879.9,,,,,,,,,,,,,,,,25076153.0,,,,,,,,,,0.0,2.703,0.0,,,,22356.0,,,380.0,132.0,2.874,,,,,,,,,,,,""
13956886898,"Mar 22, 2025, 4:52:51 PM",Chaotic walk (with Bliss 🐾),Walk,"",3168,2.63,125.0,7,false,,,activities/14897903151.fit.gz,,,3168.0,2569.0,2636.4,2.453,1.026,41.4,39.8,137.4,151.4,42.9,0.0,,,,,125.0,106.0,,,172.0,,,7.0,,,,,,,,,,,0.0,,0.0,,1.0,,,,,,,,,,,,,,,,,,,,,,,,,,,0.0,0.832,0.0,,,,3080.0,,,,,,,,,,,,,,,,,""
13954879989,"Mar 22, 2025, 1:37:42 PM",Morning hyrox (with nash hybrid club),Workout,"",3419,0,186.0,156,false,,,activities/14895755524.fit.gz,,,3419.0,3419.0,0.0,0.0,0.0,0.0,0.0,0.0,0.0,0.0,0.0,,,,,186.0,163.0,,,639.0,,,156.0,,,,,,,,,,,0.0,,0.0,,1.0,,,,,,,,,,,,,,,,,,,,,,,,,,,0.0,0.0,0.0,,,,,,,,,,,,,,,,,,,,,""
13944666470,"Mar 21, 2025, 12:28:03 PM",Morning run (progression splits on treadmill),Run,🎵 call out my name 🎵,1133,3.28,177.0,30,false,,Nike Streakfly,activities/14884767418.fit.gz,,,1133.0,1133.0,3285.3,4.0,2.9,0.0,0.0,0.0,0.0,0.0,0.0,,,,,177.0,149.0,,,192.0,,,30.0,,,,,,,,,,,0.0,,0.0,,1.0,3285.3,,,,,,,,,,,,,,,,25076153.0,,,,,,,,,,0.0,2.9,0.0,,,,3250.0,,,,,,,,,,,,,,,,,""
13944467865,"Mar 21, 2025, 11:42:38 AM",Morning bike,Ride,"",2447,0,127.0,8,false,,,activities/14884552346.fit.gz,,,2447.0,2447.0,0.0,0.0,0.0,0.0,0.0,0.0,0.0,0.0,0.0,,,,,127.0,110.0,,,263.0,,,8.0,,,,,,,,,,,0.0,,0.0,,1.0,,,,,,,,,,,,,,,,,,,,,,,,,,,0.0,0.0,0.0,,,,,,,,,,,,,,,,,,,,,""
13935071685,"Mar 20, 2025, 10:49:49 AM",Morning weight lift,Weight Training,🎵 lonely star 🎵,4005,0,143.0,12,false,,,activities/14874406512.fit.gz,,,4005.0,4005.0,0.0,0.0,0.0,0.0,0.0,0.0,0.0,0.0,0.0,,,,,143.0,103.0,,,276.0,,,12.0,,,,,,,,,,,0.0,,0.0,,1.0,,,,,,,,,,,,,,,,,,,,,,,,,,,0.0,0.0,0.0,,,,,,,,,,,,,,,,,,,,,""
13931686994,"Mar 19, 2025, 10:28:00 PM",Afternoon 15k,Run,🎵 must be nice 🎵,5248,14.70,190.0,344,false,,Nike Streakfly,activities/14870712967.fit.gz,,,5248.0,5027.0,14701.1,5.32,2.924,136.4,140.2,124.4,154.6,20.5,0.0,,,,,190.0,179.0,,200.0,878.0,,,344.0,,,,,,,,,197.0,5249.0,0.0,,0.0,,1.0,14974.9,,,,,,,,,,,,,,,,25076153.0,,,,,,,,,,0.0,2.801,0.0,,,,14384.0,,,265.0,135.0,2.979,,,,,,,,,,,,""
13928297749,"Mar 19, 2025, 5:05:21 PM",Midday bike,Ride,🎵 my life 🎵,1241,0,141.0,5,false,,,activities/14867095872.fit.gz,,,1241.0,1241.0,0.0,0.0,0.0,0.0,0.0,0.0,0.0,0.0,0.0,,,,,141.0,119.0,,,128.0,,,5.0,,,,,,,,,,,0.0,,0.0,,1.0,,,,,,,,,,,,,,,,,,,,,,,,,,,0.0,0.0,0.0,,,,,,,,,,,,,,,,,,,,,""
13925494591,"Mar 19, 2025, 10:51:16 AM",Morning weight lift,Weight Training,"🎵 smile 🎵
“… I'm leavin' all those grudges behind me
Throwin' fear out the window
So when these blessings come to find me
They will have room to breathe an' grow …”",4546,0,156.0,19,false,,,activities/14864036703.fit.gz,,,4546.0,4546.0,0.0,0.0,0.0,0.0,0.0,0.0,0.0,0.0,0.0,,,,,156.0,113.0,,,386.0,,,19.0,,,,,,,,,,,0.0,,0.0,,1.0,,,,,,,,,,,,,,,,,,,,,,,,,,,0.0,0.0,0.0,,,,,,,,,,,,,,,,,,,,,""
13921633166,"Mar 18, 2025, 10:18:20 PM",Afternoon walk/volunteer (with bridge ministry),Walk,5 loaves 2 fishes sermon tonight. The Lord is good!,3761,0.96,137.0,4,false,,,activities/14859826885.fit.gz,,,3761.0,1183.0,961.0,2.64,0.812,6.0,10.8,129.2,136.8,28.6,-0.7,,,,,137.0,110.0,,,91.0,,,4.0,,,,,,,,,,,0.0,,0.0,,1.0,,,,,,,,,,,,,,,,,,,,,,,,,,,0.0,0.256,0.0,,,,872.0,,,,,,,,,,,,,,,,,media/828A72CD-EE03-48D7-8F48-F8D72A863D9E.jpg
13918329696,"Mar 18, 2025, 5:09:14 PM",Midday bike,Ride,"📚 come and see 🤓
- ch11 better together",1350,0,127.0,5,false,,,activities/14856306584.fit.gz,,,1350.0,1350.0,0.0,0.0,0.0,0.0,0.0,0.0,0.0,0.0,0.0,,,,,127.0,117.0,,,156.0,,,5.0,,,,,,,,,,,0.0,,0.0,,1.0,,,,,,,,,,,,,,,,,,,,,,,,,,,0.0,0.0,0.0,,,,,,,,,,,,,,,,,,,,,""
13915527363,"Mar 18, 2025, 10:57:09 AM",Morning weight lift,Weight Training,🎵 i’m the one 🎵,3921,0,138.0,11,false,,,activities/14853266578.fit.gz,,,3921.0,3921.0,0.0,0.0,0.0,0.0,0.0,0.0,0.0,0.0,0.0,,,,,138.0,104.0,,,278.0,,,11.0,,,,,,,,,,,0.0,,0.0,,1.0,,,,,,,,,,,,,,,,,,,,,,,,,,,0.0,0.0,0.0,,,,,,,,,,,,,,,,,,,,,""
13912136170,"Mar 17, 2025, 11:39:08 PM",Evening run (with nrc),Run,"",2151,5.55,180.0,126,false,,Nike Streakfly,activities/14849558892.fit.gz,,,2151.0,2004.0,5554.0,7.18,2.771,51.2,52.2,135.8,153.6,11.2,0.0,,,,,180.0,174.0,,194.0,331.0,,,126.0,,,,,,,,,191.0,2152.0,0.0,,0.0,,1.0,5653.2,,,,,,,,,,,,,,,,25076153.0,,,,,,,,,,0.0,2.582,0.0,,,,5748.0,,,102.0,131.0,2.821,,,,,,,,,,,,""
13911647631,"Mar 17, 2025, 10:24:42 PM",Afternoon run,Run,"",2237,6.69,180.0,151,false,,Nike Streakfly,activities/14849043222.fit.gz,,,2237.0,2227.0,6696.3,4.14,3.007,49.2,52.8,124.0,154.0,17.4,-0.1,,,,,180.0,175.0,,201.0,393.0,,,151.0,,,,,,,,,201.0,2238.0,0.0,,0.0,,1.0,6762.9,,,,,,,,,,,,,,,,25076153.0,,,,,,,,,,0.0,2.993,0.0,,,,6442.0,,,118.0,138.0,3.037,,,,,,,,,,,,""
13908783256,"Mar 17, 2025, 5:05:27 PM",Midday bike,Ride,"📚 come and see 🤓
- ch10 zero members",1235,0,129.0,4,false,,,activities/14845985277.fit.gz,,,1235.0,1235.0,0.0,0.0,0.0,0.0,0.0,0.0,0.0,0.0,0.0,,,,,129.0,115.0,,,115.0,,,4.0,,,,,,,,,,,0.0,,0.0,,1.0,,,,,,,,,,,,,,,,,,,,,,,,,,,0.0,0.0,0.0,,,,,,,,,,,,,,,,,,,,,""
13906424147,"Mar 17, 2025, 10:51:41 AM",Morning weight lift,Weight Training,"🎵 alabama haint 🎵
“… Maybe hearsay's not a rumor
I can't stay, wish I'd left sooner
Dismayed, I'm a late bloomer
Still, hey, I root for my future …”",4698,0,151.0,17,false,,,activities/14843412166.fit.gz,,,4698.0,4698.0,0.0,0.0,0.0,0.0,0.0,0.0,0.0,0.0,0.0,,,,,151.0,112.0,,,368.0,,,17.0,,,,,,,,,,,0.0,,0.0,,1.0,,,,,,,,,,,,,,,,,,,,,,,,,,,0.0,0.0,0.0,,,,,,,,,,,,,,,,,,,,,""
13879915378,"Mar 14, 2025, 11:52:11 AM",Morning bike,Ride,🎵 ambitionz az a ridah 🎵,4042,0,151.0,21,false,,,activities/14814529422.fit.gz,,,4042.0,4042.0,0.0,0.0,0.0,0.0,0.0,0.0,0.0,0.0,0.0,,,,,151.0,122.0,,,504.0,,,21.0,,,,,,,,,,,0.0,,0.0,,1.0,,,,,,,,,,,,,,,,,,,,,,,,,,,0.0,0.0,0.0,,,,,,,,,,,,,,,,,,,,,""
13879286167,"Mar 14, 2025, 11:13:09 AM",Morning run (progression splits on treadmill),Run,🎵 humble. 🎵,1590,5.03,198.0,107,false,,Nike Streakfly,activities/14813843171.fit.gz,,,1590.0,1581.0,5038.7,4.12,3.187,0.0,0.0,0.0,0.0,0.0,0.0,,,,,198.0,181.0,,,294.0,,,107.0,,,,,,,,,,,0.0,,0.0,,1.0,5043.4,,,,,,,,,,,,,,,,25076153.0,,,,,,,,,,0.0,3.169,0.0,,,,4824.0,,,,,,,,,,,,,,,,,""
13872496263,"Mar 13, 2025, 5:05:17 PM",Midday bike,Ride,🎵 if u leave 🎵,1257,0,126.0,4,false,,,activities/14807286213.fit.gz,,,1257.0,1257.0,0.0,0.0,0.0,0.0,0.0,0.0,0.0,0.0,0.0,,,,,126.0,115.0,,,121.0,,,4.0,,,,,,,,,,,0.0,,0.0,,1.0,,,,,,,,,,,,,,,,,,,,,,,,,,,0.0,0.0,0.0,,,,,,,,,,,,,,,,,,,,,""
13870050276,"Mar 13, 2025, 10:48:58 AM",Morning weight lift,Weight Training,🎵 almost doesnt count 🎵,4081,0,149.0,13,false,,,activities/14804613484.fit.gz,,,4081.0,4081.0,0.0,0.0,0.0,0.0,0.0,0.0,0.0,0.0,0.0,,,,,149.0,107.0,,,297.0,,,13.0,,,,,,,,,,,0.0,,0.0,,1.0,,,,,,,,,,,,,,,,,,,,,,,,,,,0.0,0.0,0.0,,,,,,,,,,,,,,,,,,,,,""
13863560983,"Mar 12, 2025, 5:07:18 PM",Midday bike,Ride,"🎵 dna. 🎵
“… I got power, poison, pain, and joy inside my DNA
I got hustle, though, ambition flow inside my DNA
I was born like this …”",1232,0,140.0,9,false,,,activities/14797605945.fit.gz,,,1232.0,1232.0,0.0,0.0,0.0,0.0,0.0,0.0,0.0,0.0,0.0,,,,,140.0,127.0,,,138.0,,,9.0,,,,,,,,,,,0.0,,0.0,,1.0,,,,,,,,,,,,,,,,,,,,,,,,,,,0.0,0.0,0.0,,,,,,,,,,,,,,,,,,,,,""
13861042169,"Mar 12, 2025, 10:53:51 AM",Morning weight lift,Weight Training,🎵 element. 🎵,4441,0,151.0,17,false,,,activities/14794861410.fit.gz,,,4441.0,4441.0,0.0,0.0,0.0,0.0,0.0,0.0,0.0,0.0,0.0,,,,,151.0,113.0,,,364.0,,,17.0,,,,,,,,,,,0.0,,0.0,,1.0,,,,,,,,,,,,,,,,,,,,,,,,,,,0.0,0.0,0.0,,,,,,,,,,,,,,,,,,,,,""
13853832338,"Mar 11, 2025, 5:05:25 PM",Midday bike,Ride,🎵 as you are 🎵,1231,0,144.0,7,false,,,activities/14787114269.fit.gz,,,1231.0,1231.0,0.0,0.0,0.0,0.0,0.0,0.0,0.0,0.0,0.0,,,,,144.0,125.0,,,131.0,,,7.0,,,,,,,,,,,0.0,,0.0,,1.0,,,,,,,,,,,,,,,,,,,,,,,,,,,0.0,0.0,0.0,,,,,,,,,,,,,,,,,,,,,""
13851258017,"Mar 11, 2025, 10:59:33 AM",Morning weight lift,Weight Training,"🎵 its so hard 🎵
“… What you say your name was again?
And I know you from where? 
Elementary school?
… I don't know you, man! …”",4212,0,151.0,14,false,,,activities/14784311874.fit.gz,,,4212.0,4212.0,0.0,0.0,0.0,0.0,0.0,0.0,0.0,0.0,0.0,,,,,151.0,107.0,,,315.0,,,14.0,,,,,,,,,,,0.0,,0.0,,1.0,,,,,,,,,,,,,,,,,,,,,,,,,,,0.0,0.0,0.0,,,,,,,,,,,,,,,,,,,,,""
13847761739,"Mar 10, 2025, 11:39:25 PM",Evening run (with nrc),Run,"",2540,7.87,189.0,181,false,,Nike Streakfly,activities/14780513247.fit.gz,,,2540.0,2540.0,7875.5,5.28,3.101,62.4,62.8,123.2,151.4,20.1,0.0,,,,,189.0,181.0,,209.0,464.0,,,181.0,,,,,,,,,210.0,2540.0,0.0,,0.0,,1.0,7971.7,,,,,,,,,,,,,,,,25076153.0,,,,,,,,,,0.0,3.101,0.0,,,,7412.0,,,146.0,144.0,3.138,,,,,,,,,,,,""
13844345473,"Mar 10, 2025, 5:05:42 PM",Midday bike,Ride,🎵 nothing without you 🎵,1817,0,149.0,16,false,,,activities/14776871161.fit.gz,,,1817.0,1817.0,0.0,0.0,0.0,0.0,0.0,0.0,0.0,0.0,0.0,,,,,149.0,131.0,,,215.0,,,16.0,,,,,,,,,,,0.0,,0.0,,1.0,,,,,,,,,,,,,,,,,,,,,,,,,,,0.0,0.0,0.0,,,,,,,,,,,,,,,,,,,,,""
13841812399,"Mar 10, 2025, 10:49:53 AM",Morning weight lift,Weight Training,🎵 odd look 🎵,4810,0,156.0,15,false,,,activities/14774108080.fit.gz,,,4810.0,4810.0,0.0,0.0,0.0,0.0,0.0,0.0,0.0,0.0,0.0,,,,,156.0,113.0,,,376.0,,,15.0,,,,,,,,,,,0.0,,0.0,,1.0,,,,,,,,,,,,,,,,,,,,,,,,,,,0.0,0.0,0.0,,,,,,,,,,,,,,,,,,,,,""
13838633487,"Mar 9, 2025, 9:42:29 PM",Afternoon 15k,Run,"🎵 montreal 🎵
“… I guess you had no idea that you could have persuaded me
Girl, you could have had me doing anything you pleased
Girl, you should have took your time and thought of what to say to me
'Cause I'm not as hard as I make it seem to be …”",5800,15.75,186.0,340,false,,Nike Streakfly,activities/14770596648.fit.gz,,,5800.0,5770.0,15756.5,3.8,2.731,188.6,186.0,128.0,154.0,14.2,0.0,,,,,186.0,179.0,,187.0,957.0,,,340.0,,,,,,,,,189.0,5801.0,0.0,,0.0,,1.0,16093.5,,,,,,,,,,,,,,,,25076153.0,,,,,,,,,,0.0,2.717,0.0,,,,17116.0,,,269.0,129.0,2.789,,,,,,,,,,,,""
13826506914,"Mar 8, 2025, 5:30:09 PM",Morning hyrox (with fit + faith 615),Workout,"",3894,0,191.0,181,false,,,activities/14757401568.fit.gz,,,3894.0,3894.0,0.0,0.0,0.0,0.0,0.0,0.0,0.0,0.0,0.0,,,,,191.0,172.0,,,774.0,,,181.0,,,,,,,,,,,0.0,,0.0,,1.0,,,,,,,,,,,,,,,,,,,,,,,,,,,0.0,0.0,0.0,,,,,,,,,,,,,,,,,,,,,""
13813575218,"Mar 7, 2025, 12:05:44 PM",Morning run (progression splits on treadmill),Run,🎵 footsteps 🎵,1758,4.89,196.0,82,false,,Nike Streakfly,activities/13813575218.gpx,,,1758.0,1758.0,4893.7,3.8,2.784,0.0,0.0,0.0,0.0,0.0,0.0,,,,,196.0,171.0,,,395.0,,,82.0,,,,,,,,,,,0.0,,0.0,,1.0,4893.7,,,,,,,,,,,,,,,,25076153.0,,,,,,,,,,0.0,2.784,0.0,,,,5208.0,,,,,,,,,,,,,,,,,""
13804716079,"Mar 6, 2025, 11:44:21 AM",Morning weight lift,Weight Training,"🎵 fake love 🎵
“… I got fake people showing fake love to me
Straight up to my face …”",4035,0,153.0,9,false,,,activities/13804716079.gpx,,,4035.0,4035.0,0.0,0.0,0.0,0.0,0.0,0.0,0.0,0.0,0.0,,,,,153.0,101.0,,,,,,9.0,,,,,,,,,,,0.0,,0.0,,1.0,,,,,,,,,,,,,,,,,,,,,,,,,,,0.0,0.0,0.0,,,,,,,,,,,1024.0,,,,,,,,,,""
13795549084,"Mar 5, 2025, 11:54:16 AM",Morning weight lift,Weight Training,🎵 no friends in the industry 🎵,4189,0,165.0,18,false,,,activities/13795549084.gpx,,,4189.0,4189.0,0.0,0.0,0.0,0.0,0.0,0.0,0.0,0.0,0.0,,,,,165.0,120.0,,,,,,18.0,,,,,,,,,,,0.0,,0.0,,1.0,,,,,,,,,,,,,,,,,,,,,,,,,,,0.0,0.0,0.0,,,,,,,,,,,1440.0,,,,,,,,,,""
13785905638,"Mar 4, 2025, 11:47:10 AM",Morning weight lift,Weight Training,"🎵 hurt you 🎵
“… and now I know relationship's my enemy
so stay away from me …”",3927,0,155.0,15,false,,,activities/13785905638.gpx,,,3927.0,3927.0,0.0,0.0,0.0,0.0,0.0,0.0,0.0,0.0,0.0,,,,,155.0,119.0,,,,,,15.0,,,,,,,,,,,0.0,,0.0,,1.0,,,,,,,,,,,,,,,,,,,,,,,,,,,0.0,0.0,0.0,,,,,,,,,,,1214.0,,,,,,,,,,""
13782111150,"Mar 3, 2025, 11:21:30 PM",Afternoon run,Run,🎵 679 🎵,3123,8.15,183.0,150,false,,Nike Streakfly,activities/13782111150.gpx,,,3123.0,2995.0,8150.1,4.42,2.721,94.3,88.8,129.6,153.0,22.1,0.1,,,,,183.0,175.0,,,672.0,,,150.0,,,,,,,,,,,0.0,,0.0,,1.0,8312.8,,,,,,,,,,,,,,,,25076153.0,,,,,,,,,,0.0,2.61,0.0,,,,8562.0,,,,,2.776,,,,,,,,,,,,""
13776906959,"Mar 3, 2025, 11:45:53 AM",Morning weight lift,Weight Training,"🎵 without a warning 🎵
“…  I don't suppose tomorrow's coming, coming
I'ma follow through this time …”",3900,0,,,false,,,,,,3900.0,3900.0,0.0,,0.0,,,,,,0.0,,,,,,,,,,,,,,,,,,,,,,,0.0,,0.0,,0.0,,,,,,,,,,,,,,,,,,,,,,,,,,,0.0,0.0,0.0,,,,,,,,,,,,,,,,,,,,,""
13760742671,"Mar 1, 2025, 3:53:50 PM",Morning run,Run,First run of 2025!,1597,4.44,,,false,,Nike Streakfly,activities/13760742671.gpx,,,1597.0,1547.0,4447.5,4.2,2.875,45.1,43.8,129.6,152.5,6.9,0.0,,,,,,,,,364.0,,,,,,,,,,,,,,0.0,,0.0,,1.0,4509.4,,,,,,,,,,,,,,,,25076153.0,,,,,,,,,,0.0,2.785,0.0,,,,4460.0,,,,,2.915,,,,,,,,,,,,""
13761201079,"Mar 1, 2025, 2:05:41 PM",Morning hyrox (with nash hybrid club),Workout,Big group! Big hearts! Big goals!,3600,0,,,false,,,,,,3600.0,3600.0,0.0,,0.0,,,,,,0.0,,,,,,,,,,,,,,,,,,,,,,,0.0,,0.0,,0.0,,,,,,,,,,,,,,,,,,,,,,,,,,,0.0,0.0,0.0,,,,,,,,,,,,,,,,,,,,,media/7871244E-9B22-4A83-BC36-3E43E1546765.jpg
13749810744,"Feb 28, 2025, 12:23:19 PM",Morning run (progression splits on treadmill),Run,"",1366,3.52,,,false,,Nike Streakfly,activities/13749810744.gpx,,,1366.0,1366.0,3525.3,4.74,2.581,0.0,0.0,0.0,0.0,0.0,0.0,,,,,,,,,285.0,,,,,,,,,,,,,,0.0,,0.0,,1.0,3525.3,,,,,,,,,,,,,,,,25076153.0,,,,,,,,,,0.0,2.581,0.0,,,,3784.0,,,,,,,,,,,,,,,,,""
13777793031,"Feb 27, 2025, 11:45:00 AM",Morning weight lift,Weight Training,"",3900,0,,,false,,,,,,3900.0,3900.0,0.0,,0.0,,,,,,0.0,,,,,,,,,,,,,,,,,,,,,,,0.0,,0.0,,0.0,,,,,,,,,,,,,,,,,,,,,,,,,,,0.0,0.0,0.0,,,,,,,,,,,,,,,,,,,,,""
13777789735,"Feb 26, 2025, 11:45:55 AM",Morning weight lift,Weight Training,"",3900,0,,,false,,,,,,3900.0,3900.0,0.0,,0.0,,,,,,0.0,,,,,,,,,,,,,,,,,,,,,,,0.0,,0.0,,0.0,,,,,,,,,,,,,,,,,,,,,,,,,,,0.0,0.0,0.0,,,,,,,,,,,,,,,,,,,,,""
13777784790,"Feb 25, 2025, 11:45:00 AM",Morning weight lift,Weight Training,"",3900,0,,,false,,,,,,3900.0,3900.0,0.0,,0.0,,,,,,0.0,,,,,,,,,,,,,,,,,,,,,,,0.0,,0.0,,0.0,,,,,,,,,,,,,,,,,,,,,,,,,,,0.0,0.0,0.0,,,,,,,,,,,,,,,,,,,,,""
13777779841,"Feb 24, 2025, 11:45:00 AM",Morning weight lift,Weight Training,"",3900,0,,,false,,,,,,3900.0,3900.0,0.0,,0.0,,,,,,0.0,,,,,,,,,,,,,,,,,,,,,,,0.0,,0.0,,0.0,,,,,,,,,,,,,,,,,,,,,,,,,,,0.0,0.0,0.0,,,,,,,,,,,,,,,,,,,,,""
12310882973,"Sep 2, 2024, 11:36:47 PM",Labor day 5k,Run,"",1890,5.59,,,false,,,activities/12310882973.gpx,,,1890.0,1808.0,5597.9,5.504,3.096,49.0,52.0,134.5,153.0,10.3,0.0,,,,,,,,,458.0,,,,,,,,,,,,,,0.0,,0.0,,1.0,5662.6,,,,,,,,,,,,,,,,,,,,,,,,,,0.0,2.962,0.0,,,,5204.0,,,,,3.132,,,0.0,,,,,,,,,""
12289766192,"Aug 31, 2024, 1:47:01 PM",Morning run,Run,"",1112,3.23,,,false,,,activities/12289766192.gpx,,,1112.0,1089.0,3238.4,3.848,2.974,12.1,16.2,157.8,163.9,4.7,-0.1,,,,,,,,,262.0,,,,,,,,,,,,,,,,0.0,,1.0,3241.2,,,,,,,,,,,,,,,,,,,,,,,,,,0.0,2.912,0.0,,,,3008.0,,,,,2.976,,,,,,,,,,,,""
12250987677,"Aug 26, 2024, 11:42:22 PM",Evening run (with nrc),Run,"",1275,3.74,,,false,,,activities/12250987677.gpx,,,1275.0,1247.0,3742.5,4.019,3.001,31.3,33.9,125.9,148.8,9.4,-0.1,,,,,,,,,305.0,,,,,,,,,,,,,,0.0,,0.0,,1.0,3774.9,,,,,,,,,,,,,,,,,,,,,,,,,,0.0,2.935,0.0,,,,3494.0,,,,,3.027,,,,,,,,,,,,""
12231395026,"Aug 24, 2024, 3:39:59 PM",Morning run,Run,"",1148,3.28,,,false,,,activities/12231395026.gpx,,,1148.0,1109.0,3287.4,4.378,2.964,38.0,31.1,158.2,189.2,9.8,0.2,,,,,,,,,271.0,,,,,,,,,,,,,,,,0.0,,1.0,3349.5,,,,,,,,,,,,,,,,,,,,,,,,,,0.0,2.864,210.4,,,,3066.0,,,,,3.02,,,,,,,,,,,,""
12191638455,"Aug 19, 2024, 11:38:40 PM",Evening run (with nrc),Run,"",1788,4.72,,,false,,,activities/12191638455.gpx,,,1788.0,1628.0,4727.4,6.26,2.904,38.7,43.8,135.6,165.2,13.8,-0.1,,,,,,,,,386.0,,,,,,,,,,,,,,0.0,,0.0,,1.0,4778.2,,,,,,,,,,,,,,,,,,,,,,,,,,0.0,2.644,0.0,,,,5232.0,,,,,2.935,,,,,,,,,,,,""
12191333502,"Aug 19, 2024, 11:06:24 PM",Evening warmup,Run,"",680,1.85,,,false,,,activities/12191333502.gpx,,,680.0,645.0,1851.8,3.9,2.871,11.7,8.0,137.1,148.8,6.5,0.2,,,,,,,,,151.0,,,,,,,,,,,,,,0.0,,0.0,,1.0,1870.8,,,,,,,,,,,,,,,,,,,,,,,,,,0.0,2.723,0.0,,,,1792.0,,,,,2.912,,,,,,,,,,,,""
12132305391,"Aug 12, 2024, 11:40:34 PM",Evening run (with nrc),Run,"",1624,4.69,,,false,,,activities/12132305391.gpx,,,1624.0,1572.0,4696.3,4.277,2.987,65.9,66.3,128.3,166.6,23.6,0.0,,,,,,,,,389.0,,,,,,,,,,,,,,0.0,,0.0,,1.0,4819.0,,,,,,,,,,,,,,,,,,,,,,,,,,0.0,2.892,0.0,,,,4374.0,,,,,3.066,,,,,,,,,,,,""
12132115582,"Aug 12, 2024, 11:02:35 PM",Evening warmup,Run,"",693,1.92,,,false,,,activities/12132115582.gpx,,,693.0,679.0,1919.2,4.06,2.827,7.4,11.7,137.1,148.8,5.8,-0.2,,,,,,,,,155.0,,,,,,,,,,,,,,0.0,,0.0,,1.0,1923.6,,,,,,,,,,,,,,,,,,,,,,,,,,0.0,2.769,0.0,,,,2278.0,,,,,2.743,,,,,,,,,,,,""
12113706543,"Aug 10, 2024, 5:30:07 PM",Midday run,Run,"🎵 So if you stay counting on me, I'll fight all your demons every night
If you say, say you won't leave, eating your heart like parasites 🎵
- Everything We See
- Khalid",3030,8.02,,,false,,,activities/12113706543.gpx,,,3030.0,2706.0,8023.6,4.756,2.965,71.7,71.7,140.4,180.3,17.1,0.0,,,,,,,,,656.0,,,,,,,,,,,,,,0.0,,0.0,,1.0,8118.3,,,,,,,,,,,,,,,,,,,,,,,,,,0.0,2.648,0.0,,,,7922.0,,,,,3.0,,,,,,,,,,,,""
12103083478,"Aug 9, 2024, 12:26:51 PM",Morning run,Run,🎵 broken - khalid 🎵,3311,8.54,,,false,,,activities/12103083478.gpx,,,3311.0,2998.0,8546.7,4.215,2.851,106.6,108.9,162.2,236.2,47.0,0.0,,,,,,,,,701.0,,,,,,,,,,,,,,0.0,,0.0,,1.0,8676.7,,,,,,,,,,,,,,,,,,,,,,,,,,0.0,2.581,0.0,,,,8872.0,,,,,2.894,,,,,,,,,,,,""
12072919872,"Aug 5, 2024, 11:38:25 PM",Evening run,Run,Saw some old friends. Met some new friends. Had a good run. Had a good day. God is good!,2171,5.74,,,false,,,activities/12072919872.gpx,,,2171.0,1940.0,5740.4,5.886,2.959,51.2,52.1,134.5,153.0,25.9,0.0,,,,,,,,,470.0,,,,,,,,,,,,,,0.0,,0.0,,1.0,5814.4,,,,,,,,,,,,,,,,,,,,,,,,,,0.0,2.644,0.0,,,,5548.0,,,,,2.997,,,,,,,,,,,,""
12072579248,"Aug 5, 2024, 11:04:05 PM",Evening run,Run,"",625,1.70,,,false,,,activities/12072579248.gpx,,,625.0,617.0,1707.7,3.786,2.768,3.8,8.3,140.5,148.8,3.4,-0.2,,,,,,,,,138.0,,,,,,,,,,,,,,,,0.0,,1.0,1704.2,,,,,,,,,,,,,,,,,,,,,,,,,,0.0,2.732,0.0,,,,1746.0,,,,,2.762,,,,,,,,,,,,""
12055748063,"Aug 3, 2024, 10:43:11 PM",Afternoon run,Run,"",2693,6.38,,,false,,,activities/12055748063.gpx,,,2693.0,2441.0,6382.8,4.53,2.615,62.3,62.1,129.8,153.0,49.6,0.0,,,,,,,,,523.0,,,,,,,,,,,,,,,,0.0,,1.0,6469.1,,,,,,,,,,,,,,,,,,,,,,,,,,0.0,2.37,0.0,,,,7192.0,,,,,2.65,,,,,,,,,,,,""
12043459718,"Aug 2, 2024, 12:28:30 PM",Morning run,Run,"",1357,3.67,,,false,,,activities/12043459718.gpx,,,1357.0,1301.0,3677.9,4.444,2.827,45.7,38.5,204.8,236.2,8.9,0.2,,,,,,,,,302.0,,,,,,,,,,,,,,,,0.0,,1.0,3741.0,,,,,,,,,,,,,,,,,,,,,,,,,,0.0,2.71,0.0,,,,3600.0,,,,,2.875,,,,,,,,,,,,""
11897833512,"Jul 15, 2024, 11:44:19 PM",Evening run,Run,"",1496,3.60,,,false,,,activities/11897833512.gpx,,,1496.0,1192.0,3603.5,5.014,3.023,29.4,29.6,125.9,148.8,26.2,0.0,,,,,,,,,291.0,,,,,,,,,,,,,,,,0.0,,1.0,3601.2,,,,,,,,,,,,,,,,,,,,,,,,,,0.0,2.409,0.0,,,,3868.0,,,,,3.021,,,,,,,,,,,,""
11536581069,"May 30, 2024, 11:27:45 PM",Evening run,Run,"",965,3.02,,,false,,,activities/11536581069.gpx,,,965.0,898.0,3023.1,6.394,3.366,20.4,20.4,126.9,142.7,8.5,0.0,,,,,,,,,247.0,,,,,,,,,,,,,,,,0.0,,1.0,3051.6,,,,,,,,,,,,,,,,,,,,,,,,,,0.0,3.133,0.0,,,,2512.0,,,,,3.398,,,,,,,,,,,,""
11508753490,"May 27, 2024, 11:57:35 AM",Memorial day classic 10k,Run,"",3161,9.77,,,false,,,activities/11508753490.gpx,,,3161.0,3107.0,9771.9,5.192,3.145,26.6,29.2,137.1,148.1,6.2,0.0,,,,,,,,,790.0,,,,,,,,,,,,,,0.0,,0.0,,1.0,9776.2,,,,,,,,,,,,,,,,,,,,,,,,,,0.0,3.091,915.6,,,,8628.0,,,,,3.147,,,0.0,,,,,,,,,""
11494957771,"May 25, 2024, 3:14:30 PM",Morning run,Run,"",1718,4.93,,,false,,,activities/11494957771.gpx,,,1718.0,1676.0,4931.3,4.148,2.942,14.1,13.3,124.0,131.3,7.2,0.0,,,,,,,,,400.0,,,,,,,,,,,,,,,,0.0,,1.0,4954.2,,,,,,,,,,,,,,,,,,,,,,,,,,0.0,2.87,0.0,,,,4828.0,,,,,2.956,,,,,,,,,,,,""
11482726210,"May 23, 2024, 11:25:51 PM",Evening run,Run,"",1079,3.03,,,false,,,activities/11482726210.gpx,,,1079.0,1005.0,3037.4,4.755,3.022,20.5,18.0,126.9,142.7,18.4,0.0,,,,,,,,,247.0,,,,,,,,,,,,,,,,0.0,,1.0,3050.9,,,,,,,,,,,,,,,,,,,,,,,,,,0.0,2.815,0.0,,,,3010.0,,,,,3.036,,,,,,,,,,,,""
11440272976,"May 18, 2024, 3:11:54 PM",Morning run,Run,"",1456,4.41,,,false,,,activities/11440272976.gpx,,,1456.0,1422.0,4412.0,4.523,3.103,24.2,21.3,157.8,165.9,4.3,0.0,,,,,,,,,357.0,,,,,,,,,,,,,,0.0,,0.0,,1.0,4416.5,,,,,,,,,,,,,,,,,,,,,,,,,,0.0,3.03,0.0,,,,4096.0,,,,,3.106,,,,,,,,,,,,""
11427999665,"May 16, 2024, 11:28:42 PM",Evening run,Run,"",1076,3.54,,,false,,,activities/11427999665.gpx,,,1076.0,1012.0,3541.1,5.362,3.499,11.9,11.9,122.3,129.1,6.4,0.0,,,,,,,,,288.0,,,,,,,,,,,,,,0.0,,0.0,,1.0,3558.0,,,,,,,,,,,,,,,,,,,,,,,,,,0.0,3.291,0.0,,,,2900.0,,,,,3.516,,,,,,,,,,,,""
11325912600,"May 3, 2024, 11:43:02 PM",Evening run,Run,"",1623,4.86,,,false,,,activities/11325912600.gpx,,,1623.0,1588.0,4863.6,4.87,3.063,45.4,55.9,129.8,152.8,12.5,-0.2,,,,,,,,,396.0,,,,,,,,,,,,,,0.0,,0.0,,1.0,4902.7,,,,,,,,,,,,,,,,,,,,,,,,,,0.0,2.997,0.0,,,,4576.0,,,,,3.087,,,,,,,,,,,,""
9648588447,"Aug 14, 2023, 10:21:26 PM",Afternoon run,Run,"Heat 1, Me 0! So hot and humid today 🫠💀",1739,4.40,,,false,,,activities/9648588447.gpx,,,1739.0,1636.0,4404.3,4.448,2.692,43.7,44.3,130.1,152.5,28.4,0.0,,,,,,,,,360.0,,,,,,,,,,,,,,0.0,,0.0,,1.0,4459.5,1692050432.0,2.0,31.0,35.6,24.5,0.68,1011.5,4.0,8.6,268.0,0.0,1692011008.0,1692059904.0,0.0,,,0.78,5.0,0.46,24520.9,2.0,,,,,0.0,2.533,0.0,,,,4722.0,,,,,,,,,,,,,,,,,""
9642984798,"Aug 14, 2023, 12:24:40 AM",Evening run,Run,"",5380,14.03,,,false,,,activities/9642984798.gpx,,,5380.0,5108.0,14030.3,4.417,2.747,157.7,153.0,130.1,153.0,21.1,0.0,,,,,,,,,1154.0,,,,,,,,,,,,,,,,0.0,,1.0,14281.3,1691971200.0,3.0,25.4,28.9,24.2,0.93,1014.7,1.2,3.2,137.0,0.3,1691924608.0,1691973632.0,0.875,,,0.52,5.0,0.78,17428.8,0.0,,,,,0.0,2.608,0.0,,,,14598.0,,,,,,,,,,,,,,,,,""
9623363693,"Aug 10, 2023, 10:44:36 PM",Afternoon run,Run,"",5877,13.26,,,false,,,activities/9623363693.gpx,,,5877.0,4769.0,13264.0,4.682,2.781,103.6,105.6,123.2,171.8,40.4,0.0,,,,,,,,,1085.0,,,,,,,,,,,,,,,,0.0,,1.0,13425.4,1691704832.0,1.0,28.0,30.9,22.1,0.7,1010.2,2.1,5.3,270.0,0.0,1691665280.0,1691714560.0,0.875,,,0.9,5.0,0.26,24404.3,2.0,,,,,0.0,2.257,0.0,,,,14880.0,,,,,,,,,,,,,,,,,""
9609644827,"Aug 8, 2023, 10:07:21 PM",Afternoon run,Run,"",3989,9.87,,,false,,,activities/9609644827.gpx,,,3989.0,3563.0,9871.5,6.576,2.771,88.3,92.6,130.1,153.0,22.5,0.0,,,,,,,,,806.0,,,,,,,,,,,,,,,,0.0,,1.0,9974.0,1691532032.0,2.0,27.5,28.9,18.7,0.58,1014.3,1.3,2.9,282.0,0.0,1691492352.0,1691541888.0,0.875,,,0.0,1.0,0.53,29404.8,2.0,,,,,0.0,2.475,0.0,,,,10334.0,,,,,,,,,,,,,,,,,""
9603164801,"Aug 7, 2023, 11:40:30 PM",Evening run,Run,"",2669,6.98,,,false,,,activities/9603164801.gpx,,,2669.0,2460.0,6983.9,5.246,2.839,82.6,78.3,141.8,192.9,39.7,0.0,,,,,,,,,573.0,,,,,,,,,,,,,,0.0,,0.0,,1.0,7092.1,1691449216.0,1.0,28.3,30.5,20.8,0.64,1011.8,4.4,9.2,275.0,0.0,1691405952.0,1691455616.0,0.75,,,0.52,5.0,0.36,28543.2,1.0,,,,,0.0,2.617,0.0,,,,7214.0,,,,,,,,,,,,,,,,,""
9559080164,"Jul 31, 2023, 11:38:58 PM",Evening run,Run,"",3029,8.32,,,false,,,activities/9559080164.gpx,,,3029.0,2880.0,8324.3,4.834,2.89,88.4,89.6,127.9,166.6,23.9,0.0,,,,,,,,,684.0,,,,,,,,,,,,,,,,0.0,,1.0,8466.3,,,,,,,,,,,,,,,,,,,,,,,,,,0.0,2.748,0.0,,,,8450.0,,,,,,,,,,,,,,,,,""
9539934690,"Jul 28, 2023, 10:36:42 PM",Afternoon run,Run,🔥🔥🫠💀🔥🔥,2310,5.43,,,false,,,activities/9539934690.gpx,,,2310.0,2192.0,5430.7,3.726,2.478,60.0,49.9,130.1,152.5,7.9,0.2,,,,,,,,,446.0,,,,,,,,,,,,,,0.0,,0.0,,1.0,5513.2,,,,,,,,,,,,,,,,,,,,,,,,,,0.0,2.351,0.0,,,,6316.0,,,,,,,,,,,,,,,,,""
9528281194,"Jul 26, 2023, 10:16:27 PM",Afternoon run,Run,"",4298,10.93,,,false,,,activities/9528281194.gpx,,,4298.0,4140.0,10929.8,4.516,2.64,110.2,110.5,130.1,180.1,24.2,0.0,,,,,,,,,893.0,,,,,,,,,,,,,,0.0,,0.0,,1.0,11051.6,,,,,,,,,,,,,,,,,,,,,,,,,,0.0,2.543,0.0,,,,11878.0,,,,,,,,,,,,,,,,,""
9515350786,"Jul 24, 2023, 11:35:56 PM",Evening run,Run,"",1432,4.46,,,false,,,activities/9515350786.gpx,,,1432.0,1413.0,4467.5,4.304,3.162,40.6,41.3,127.6,145.1,18.1,0.0,,,,,,,,,363.0,,,,,,,,,,,,,,,,0.0,,1.0,4486.5,,,,,,,,,,,,,,,,,,,,,,,,,,0.0,3.12,0.0,,,,4080.0,,,,,,,,,,,,,,,,,""
9515202030,"Jul 24, 2023, 10:51:36 PM",Afternoon run,Run,"",1819,5.01,,,false,,,activities/9515202030.gpx,,,1819.0,1795.0,5019.0,4.792,2.796,44.6,43.8,127.6,148.7,11.2,0.0,,,,,,,,,408.0,,,,,,,,,,,,,,,,0.0,,1.0,5052.3,,,,,,,,,,,,,,,,,,,,,,,,,,0.0,2.759,0.0,,,,5100.0,,,,,,,,,,,,,,,,,""
9452492092,"Jul 14, 2023, 10:29:05 PM",Afternoon run,Run,"",7262,16.81,,,false,,,activities/9452492092.gpx,,,7262.0,6286.0,16814.6,11.49,2.675,159.2,161.4,130.0,191.3,45.3,0.0,,,,,,,,,1377.0,,,,,,,,,,,,,,0.0,,0.0,,1.0,17045.3,,,,,,,,,,,,,,,,,,,,,,,,,,0.0,2.315,0.0,,,,18422.0,,,,,,,,,,,,,,,,,""
9440353596,"Jul 12, 2023, 10:18:26 PM",Afternoon run,Run,"",2724,6.11,,,false,,,activities/9440353596.gpx,,,2724.0,2232.0,6111.3,4.162,2.738,67.6,70.6,139.9,180.3,16.4,0.0,,,,,,,,,497.0,,,,,,,,,,,,,,,,0.0,,1.0,6149.0,,,,,,,,,,,,,,,,,,,,,,,,,,0.0,2.244,79.3,,,,6860.0,,,,,,,,,,,,,,,,,""
9427512266,"Jul 10, 2023, 11:35:54 PM",Evening run,Run,"",1864,5.38,,,false,,,activities/9427512266.gpx,,,1864.0,1849.0,5380.8,4.241,2.91,30.5,33.5,123.7,148.6,9.3,0.0,,,,,,,,,436.0,,,,,,,,,,,,,,,,0.0,,1.0,5390.9,,,,,,,,,,,,,,,,,,,,,,,,,,0.0,2.887,0.0,,,,5302.0,,,,,,,,,,,,,,,,,""
9427234459,"Jul 10, 2023, 10:10:05 PM",Afternoon run,Run,"",2837,7.43,,,false,,,activities/9427234459.gpx,,,2837.0,2757.0,7433.4,4.518,2.696,53.0,51.2,123.7,148.6,6.0,0.0,,,,,,,,,603.0,,,,,,,,,,,,,,,,0.0,,1.0,7462.1,,,,,,,,,,,,,,,,,,,,,,,,,,0.0,2.62,0.0,,,,7918.0,,,,,,,,,,,,,,,,,""
9408330871,"Jul 7, 2023, 10:35:05 PM",Afternoon run,Run,"",2683,6.97,,,false,,,activities/9408330871.gpx,,,2683.0,2584.0,6973.8,4.392,2.699,77.2,72.4,130.0,152.7,18.3,0.1,,,,,,,,,573.0,,,,,,,,,,,,,,0.0,,0.0,,1.0,7093.0,,,,,,,,,,,,,,,,,,,,,,,,,,0.0,2.599,0.0,,,,7428.0,,,,,,,,,,,,,,,,,""
9380081234,"Jul 3, 2023, 12:00:13 PM",Morning run,Run,"",3482,8.66,,,false,,,activities/9380081234.gpx,,,3482.0,3376.0,8663.2,4.756,2.566,153.0,153.3,137.5,162.4,49.3,0.0,,,,,,,,,725.0,,,,,,,,,,,,,,0.0,,0.0,,1.0,8967.2,,,,,,,,,,,,,,,,,,,,,,,,,,0.0,2.488,0.0,,,,9842.0,,,,,,,,,,,,,,,,,""
9374764756,"Jul 2, 2023, 1:03:26 PM",Morning run,Run,"",2812,6.92,,,false,,,activities/9374764756.gpx,,,2812.0,2719.0,6922.9,3.808,2.546,77.6,72.6,130.0,152.9,23.4,0.1,,,,,,,,,570.0,,,,,,,,,,,,,,0.0,,0.0,,1.0,7049.1,,,,,,,,,,,,,,,,,,,,,,,,,,0.0,2.462,0.0,,,,8084.0,,,,,,,,,,,,,,,,,""
9369000081,"Jul 1, 2023, 2:47:32 PM",Morning run,Run,"",2894,6.87,,,false,,,activities/9369000081.gpx,,,2894.0,2733.0,6878.8,4.134,2.517,73.1,68.6,130.0,152.9,18.2,0.1,,,,,,,,,565.0,,,,,,,,,,,,,,0.0,,0.0,,1.0,6992.1,,,,,,,,,,,,,,,,,,,,,,,,,,0.0,2.377,0.0,,,,8154.0,,,,,,,,,,,,,,,,,""
9340985665,"Jun 26, 2023, 11:35:28 PM",Evening run (with nrc),Run,"",1959,5.28,,,false,,,activities/10019637439.gpx.gz,,,1959.0,1914.0,5287.1,4.009,2.762,28.7,33.2,135.2,162.5,5.1,0.0,,,,,,,,,429.0,,,,,,,,,,,,,,0.0,,0.0,,1.0,5308.2,,,,,,,,,,,,,,,,,,,,,,,,,,0.0,2.699,0.0,,,,,,,,,,,,,,,,,,,,,""
9340741705,"Jun 26, 2023, 10:30:48 PM",Afternoon run,Run,"",2146,5.10,,,false,,,activities/9340741705.gpx,,,2146.0,1897.0,5104.4,4.453,2.691,44.8,46.0,135.1,164.9,27.7,0.0,,,,,,,,,417.0,,,,,,,,,,,,,,,,0.0,,1.0,5160.9,,,,,,,,,,,,,,,,,,,,,,,,,,0.0,2.379,0.0,,,,5386.0,,,,,,,,,,,,,,,,,""
9340579419,"Jun 26, 2023, 10:11:16 PM",Afternoon warmup,Run,"",666,1.83,,,false,,,activities/9340579419.gpx,,,666.0,648.0,1836.6,3.746,2.834,6.3,8.0,140.5,148.6,3.4,0.0,,,,,,,,,147.0,,,,,,,,,,,,,,0.0,,0.0,,1.0,1823.9,,,,,,,,,,,,,,,,,,,,,,,,,,0.0,2.758,0.0,,,,1882.0,,,,,,,,,,,,,,,,,""
9335185424,"Jun 25, 2023, 11:13:09 PM",Evening run,Run,"“Talk to Jesus on the phone, say ‘I love you’ all day long”",2119,5.44,,,false,,,activities/9335185424.gpx,,,2119.0,2040.0,5446.5,4.03,2.67,59.8,50.5,130.0,152.5,7.8,0.1,,,,,,,,,447.0,,,,,,,,,,,,,,0.0,,0.0,,1.0,5534.1,,,,,,,,,,,,,,,,,,,,,,,,,,0.0,2.57,0.0,,,,5916.0,,,,,,,,,,,,,,,,,""
9284324911,"Jun 17, 2023, 4:57:23 PM",Midday run,Run,"",4615,11.65,,,false,,,activities/9284324911.gpx,,,4615.0,4444.0,11653.5,4.34,2.622,126.5,127.4,130.0,152.9,22.9,0.0,,,,,,,,,956.0,,,,,,,,,,,,,,0.0,,0.0,,1.0,11824.7,,,,,,,,,,,,,,,,,,,,,,,,,,0.0,2.525,0.0,,,,13048.0,,,,,,,,,,,,,,,,,""
9278895840,"Jun 16, 2023, 10:06:30 PM",Afternoon run,Run,"",2541,6.95,,,false,,,activities/9278895840.gpx,,,2541.0,2498.0,6957.2,4.07,2.785,77.2,72.8,130.0,152.8,17.3,0.1,,,,,,,,,573.0,,,,,,,,,,,,,,0.0,,0.0,,1.0,7093.5,,,,,,,,,,,,,,,,,,,,,,,,,,0.0,2.738,0.0,,,,7254.0,,,,,,,,,,,,,,,,,""
9261386193,"Jun 13, 2023, 10:50:03 PM",Afternoon run (Em’s last run bar crawl),Run,"",4576,5.39,,,false,,,activities/9935222537.gpx.gz,,,4576.0,1712.0,5390.7,4.081,3.149,44.4,41.3,150.1,168.7,4.5,0.0,,,,,,,,,439.0,,,,,,,,,,,,,,0.0,,0.0,,1.0,5433.4,,,,,,,,,,,,,,,,,,,,,,,,,,0.0,1.178,0.0,,,,,,,,,,,,,,,,,,,,,""
9254578052,"Jun 12, 2023, 11:36:34 PM",Evening run (with nrc),Run,"",2496,7.01,,,false,,,activities/9254578052.gpx,,,2496.0,2415.0,7016.6,4.97,2.905,44.8,46.7,127.9,148.6,9.8,0.0,,,,,,,,,568.0,,,,,,,,,,,,,,0.0,,0.0,,1.0,7033.8,,,,,,,,,,,,,,,,,,,,,,,,,,0.0,2.811,0.0,,,,7150.0,,,,,,,,,,,,,,,,,""
9254325496,"Jun 12, 2023, 10:54:16 PM",Evening warmup,Run,"",894,2.85,,,false,,,activities/9254325496.gpx,,,894.0,881.0,2858.6,4.83,3.245,17.6,22.4,126.1,148.6,6.8,-0.1,,,,,,,,,231.0,,,,,,,,,,,,,,0.0,,0.0,,1.0,2854.7,,,,,,,,,,,,,,,,,,,,,,,,,,0.0,3.198,0.0,,,,2574.0,,,,,,,,,,,,,,,,,""
9240697167,"Jun 10, 2023, 5:08:52 PM",Midday run,Run,"",3471,8.78,,,false,,,activities/9240697167.gpx,,,3471.0,3362.0,8787.6,4.146,2.614,88.8,90.6,130.0,152.9,14.8,0.0,,,,,,,,,720.0,,,,,,,,,,,,,,0.0,,0.0,,1.0,8913.0,,,,,,,,,,,,,,,,,,,,,,,,,,0.0,2.532,0.0,,,,9936.0,,,,,,,,,,,,,,,,,""
9235250041,"Jun 9, 2023, 10:30:20 PM",Afternoon run,Run,"",2125,5.92,,,false,,,activities/9235250041.gpx,,,2125.0,2116.0,5924.4,4.908,2.8,57.8,62.4,130.0,152.9,17.7,0.0,,,,,,,,,486.0,,,,,,,,,,,,,,0.0,,0.0,,1.0,6009.8,,,,,,,,,,,,,,,,,,,,,,,,,,0.0,2.788,0.0,,,,6196.0,,,,,,,,,,,,,,,,,""
9223367297,"Jun 7, 2023, 11:16:00 PM",Evening run (with east nasty),Run,"",2429,6.45,,,false,,,activities/9223367297.gpx,,,2429.0,2397.0,6452.1,4.231,2.692,124.7,124.7,126.4,165.5,48.2,0.0,,,,,,,,,543.0,,,,,,,,,,,,,,0.0,,0.0,,1.0,6720.5,,,,,,,,,,,,,,,,,,,,,,,,,,0.0,2.656,0.0,,,,7044.0,,,,,,,,,,,,,,,,,""
9223107844,"Jun 7, 2023, 10:42:33 PM",Evening warmup,Run,"",559,1.27,,,false,,,activities/9223107844.gpx,,,559.0,462.0,1276.3,3.733,2.763,9.2,13.1,152.1,158.6,9.5,-0.4,,,,,,,,,103.0,,,,,,,,,,,,,,0.0,,0.0,,1.0,1276.9,,,,,,,,,,,,,,,,,,,,,,,,,,0.0,2.283,0.0,,,,1416.0,,,,,,,,,,,,,,,,,""
9210564184,"Jun 5, 2023, 11:35:38 PM",Evening run (with nrc),Run,"",3291,8.50,,,false,,,activities/9210564184.gpx,,,3291.0,3066.0,8503.9,5.058,2.774,83.1,84.2,130.0,152.5,14.6,0.0,,,,,,,,,696.0,,,,,,,,,,,,,,0.0,,0.0,,1.0,8612.7,,,,,,,,,,,,,,,,,,,,,,,,,,0.0,2.584,0.0,,,,9064.0,,,,,,,,,,,,,,,,,""
9210328093,"Jun 5, 2023, 11:03:27 PM",Evening warmup,Run,"",1462,3.88,,,false,,,activities/9210328093.gpx,,,1462.0,1429.0,3881.0,3.704,2.716,27.0,27.4,123.7,145.0,7.0,0.0,,,,,,,,,315.0,,,,,,,,,,,,,,0.0,,0.0,,1.0,3895.2,,,,,,,,,,,,,,,,,,,,,,,,,,0.0,2.655,0.0,,,,4278.0,,,,,,,,,,,,,,,,,""
9197137345,"Jun 3, 2023, 8:53:00 PM",Afternoon run,Run,"",2584,6.21,,,false,,,activities/9197137345.gpx,,,2584.0,2562.0,6217.2,4.132,2.427,58.7,62.5,130.0,152.9,18.2,0.0,,,,,,,,,508.0,,,,,,,,,,,,,,0.0,,0.0,,1.0,6289.5,,,,,,,,,,,,,,,,,,,,,,,,,,0.0,2.406,0.0,,,,7702.0,,,,,,,,,,,,,,,,,""
9163701039,"May 29, 2023, 2:58:35 AM",Evening walk,Walk,"",1809,2.07,,,false,,,activities/9163701039.fit,,,1809.0,1694.0,2069.3,5.116,1.222,26.4,183.0,141.7,159.2,7.6,-0.1,,,,,,,,,167.0,,,,,,,,,,,,,,,,0.0,,1.0,,,,,,,,,,,,,,,,,,,,,,,,,,,0.0,1.144,0.0,,,,,,,,,,,,0.0,,,,,,,,,""
9150863600,"May 27, 2023, 1:06:41 PM",Hendersonville hometown half,Run,"",7595,20.95,,,false,,,activities/9818346749.gpx.gz,,,7595.0,7528.0,20951.9,4.45,2.783,105.3,105.7,138.1,168.3,7.4,0.0,,,,,,,,,1700.0,,,,,,,,,,,,,,0.0,,0.0,,1.0,21038.6,,,,,,,,,,,,,,,,,,,,,,,,,,0.0,2.759,0.0,,,,,,,,,,,,,,,,,,,,,""
9135057413,"May 24, 2023, 11:14:17 PM",Evening run (with east nasty),Run,"",2032,5.85,,,false,,,activities/9135057413.gpx,,,2032.0,2011.0,5850.4,4.49,2.909,75.4,75.5,126.4,161.7,11.2,0.0,,,,,,,,,481.0,,,,,,,,,,,,,,0.0,,0.0,,1.0,5949.4,,,,,,,,,,,,,,,,,,,,,,,,,,0.0,2.879,0.0,,,,5896.0,,,,,,,,,,,,,,,,,""
9122341646,"May 22, 2023, 11:36:07 PM",Evening run,Run,"",2239,5.93,,,false,,,activities/9122341646.gpx,,,2239.0,2062.0,5935.6,6.548,2.879,59.5,62.4,133.5,150.2,30.6,0.0,,,,,,,,,487.0,,,,,,,,,,,,,,,,0.0,,1.0,6021.5,,,,,,,,,,,,,,,,,,,,,,,,,,0.0,2.651,0.0,,,,6136.0,,,,,,,,,,,,,,,,,""
9122187276,"May 22, 2023, 11:10:32 PM",Evening run,Run,"",1283,3.38,,,false,,,activities/9122187276.gpx,,,1283.0,1255.0,3385.7,4.024,2.698,21.7,22.4,126.1,148.6,6.7,0.0,,,,,,,,,274.0,,,,,,,,,,,,,,,,0.0,,1.0,3384.6,,,,,,,,,,,,,,,,,,,,,,,,,,0.0,2.639,0.0,,,,3776.0,,,,,,,,,,,,,,,,,""
9102969479,"May 19, 2023, 9:42:21 PM",Afternoon run,Run,Breaking in the new shoes. They work!,8260,19.42,,,false,,,activities/9102969479.gpx,,,8260.0,7445.0,19422.7,6.934,2.609,178.9,179.5,127.7,180.5,29.1,0.0,,,,,,,,,1590.0,,,,,,,,,,,,,,0.0,,0.0,,1.0,19671.1,,,,,,,,,,,,,,,,,,,,,,,,,,0.0,2.351,78.5,,,,22014.0,,,,,,,,,,,,,,,,,""
9102512666,"May 19, 2023, 9:25:30 PM",Afternoon warmup,Run,"",652,1.78,,,false,,,activities/9102512666.gpx,,,652.0,625.0,1785.0,3.88,2.856,12.9,12.9,132.0,144.9,5.4,0.0,,,,,,,,,144.0,,,,,,,,,,,,,,0.0,,0.0,,1.0,1777.1,,,,,,,,,,,,,,,,,,,,,,,,,,0.0,2.738,0.0,,,,1826.0,,,,,,,,,,,,,,,,,""
9090808258,"May 17, 2023, 10:17:09 PM",Afternoon run,Run,"",3246,8.25,,,false,,,activities/9090808258.gpx,,,3246.0,2974.0,8253.5,4.39,2.775,76.0,76.7,130.0,152.9,13.6,0.0,,,,,,,,,675.0,,,,,,,,,,,,,,,,0.0,,1.0,8351.4,,,,,,,,,,,,,,,,,,,,,,,,,,0.0,2.543,0.0,,,,8668.0,,,,,,,,,,,,,,,,,""
9063817811,"May 13, 2023, 12:11:24 PM",Morning run (with pr bandits),Run,"",6691,15.17,,,false,,,activities/9063817811.gpx,,,6691.0,5878.0,15173.3,7.34,2.581,154.8,155.5,127.5,186.8,29.5,0.0,,,,,,,,,1240.0,,,,,,,,,,,,,,0.0,,0.0,,1.0,15347.9,,,,,,,,,,,,,,,,,,,,,,,,,,0.0,2.268,0.0,,,,17662.0,,,,,,,,,,,,,,,,,""
9060280604,"May 12, 2023, 11:05:20 PM",Evening run (with nrc),Run,"",3191,8.37,,,false,,,activities/9060280604.gpx,,,3191.0,3014.0,8377.8,6.022,2.78,74.0,75.6,130.0,152.9,15.4,0.0,,,,,,,,,686.0,,,,,,,,,,,,,,0.0,,0.0,,1.0,8487.5,,,,,,,,,,,,,,,,,,,,,,,,,,0.0,2.625,0.0,,,,8846.0,,,,,,,,,,,,,,,,,""
9060091307,"May 12, 2023, 10:51:00 PM",Evening warmup,Run,"",605,1.57,,,false,,,activities/9060091307.gpx,,,605.0,589.0,1576.2,5.136,2.676,12.5,12.9,132.0,145.0,4.9,0.0,,,,,,,,,127.0,,,,,,,,,,,,,,0.0,,0.0,,1.0,1569.7,,,,,,,,,,,,,,,,,,,,,,,,,,0.0,2.605,0.0,,,,1712.0,,,,,,,,,,,,,,,,,""
9049089016,"May 10, 2023, 11:16:33 PM",Evening run (with east nasty),Run,"",2851,7.87,,,false,,,activities/9049089016.gpx,,,2851.0,2761.0,7873.4,4.216,2.852,97.0,97.0,125.7,166.3,39.6,0.0,,,,,,,,,651.0,,,,,,,,,,,,,,0.0,,0.0,,1.0,8053.3,,,,,,,,,,,,,,,,,,,,,,,,,,0.0,2.762,2.0,,,,8186.0,,,,,,,,,,,,,,,,,""
9048709849,"May 10, 2023, 10:21:09 PM",Evening warmup,Run,"",764,2.03,,,false,,,activities/9048709849.gpx,,,764.0,756.0,2037.3,3.887,2.695,23.4,27.4,140.0,160.7,17.4,-0.2,,,,,,,,,167.0,,,,,,,,,,,,,,0.0,,0.0,,1.0,2071.0,,,,,,,,,,,,,,,,,,,,,,,,,,0.0,2.667,0.0,,,,2160.0,,,,,,,,,,,,,,,,,""
9024199651,"May 6, 2023, 10:33:04 PM",Evening run,Run,"",5713,14.55,,,false,,,activities/9024199651.gpx,,,5713.0,5369.0,14549.5,10.498,2.71,115.9,121.8,123.7,152.9,12.1,0.0,,,,,,,,,1185.0,,,,,,,,,,,,,,0.0,,0.0,,1.0,14669.5,,,,,,,,,,,,,,,,,,,,,,,,,,0.0,2.547,0.0,,,,15746.0,,,,,,,,,,,,,,,,,""
9006179391,"May 3, 2023, 11:14:29 PM",Evening run (with east nasty),Run,"",2359,7.06,,,false,,,activities/9006179391.gpx,,,2359.0,2286.0,7066.1,4.892,3.091,70.1,69.0,128.1,161.7,12.5,0.0,,,,,,,,,579.0,,,,,,,,,,,,,,0.0,,0.0,,1.0,7160.0,,,,,,,,,,,,,,,,,,,,,,,,,,0.0,2.995,0.0,,,,6718.0,,,,,,,,,,,,,,,,,""
9005905546,"May 3, 2023, 10:25:16 PM",Evening warmup,Run,"",1118,3.25,,,false,,,activities/9005905546.gpx,,,1118.0,1111.0,3258.8,4.88,2.933,30.5,29.9,143.8,158.8,7.9,0.0,,,,,,,,,263.0,,,,,,,,,,,,,,0.0,,0.0,,1.0,3252.7,,,,,,,,,,,,,,,,,,,,,,,,,,0.0,2.915,0.0,,,,3202.0,,,,,,,,,,,,,,,,,""
8993690839,"May 1, 2023, 11:35:20 PM",Evening run (with nrc),Run,"",1858,5.46,,,false,,,activities/8993690839.gpx,,,1858.0,1808.0,5464.0,4.096,3.022,31.9,33.2,123.7,148.6,8.9,0.0,,,,,,,,,443.0,,,,,,,,,,,,,,0.0,,0.0,,1.0,5485.8,,,,,,,,,,,,,,,,,,,,,,,,,,0.0,2.941,0.0,,,,5290.0,,,,,,,,,,,,,,,,,""
8993519543,"May 1, 2023, 10:48:10 PM",Evening warmup,Run,"",1698,4.65,,,false,,,activities/8993519543.gpx,,,1698.0,1645.0,4651.5,4.398,2.828,25.9,22.8,125.1,146.7,8.1,0.0,,,,,,,,,377.0,,,,,,,,,,,,,,0.0,,0.0,,1.0,4671.3,,,,,,,,,,,,,,,,,,,,,,,,,,0.0,2.739,0.0,,,,4872.0,,,,,,,,,,,,,,,,,""
8966221111,"Apr 26, 2023, 11:25:52 PM",Evening run (with east nasty),Run,"",1979,5.50,,,false,,,activities/9620130972.gpx.gz,,,1979.0,1979.0,5507.7,14.736,2.783,44.2,41.0,124.3,159.5,5.1,0.0,,,,,,,,,448.0,,,,,,,,,,,,,,0.0,,0.0,,1.0,5549.7,,,,,,,,,,,,,,,,,,,,,,,,,,0.0,2.783,0.0,,,,,,,,,,,,,,,,,,,,,""
8951581700,"Apr 24, 2023, 11:35:58 PM",Evening run (with nrc),Run,"",3143,9.13,,,false,,,activities/9604634031.gpx.gz,,,3143.0,2997.0,9134.7,19.044,3.048,63.9,63.9,130.1,152.6,3.9,0.0,,,,,,,,,742.0,,,,,,,,,,,,,,0.0,,0.0,,1.0,9182.7,,,,,,,,,,,,,,,,,,,,,,,,,,0.0,2.906,0.0,,,,,,,,,,,,,,,,,,,,,""
8935999629,"Apr 22, 2023, 11:31:03 AM",Nashville rock n roll 10k,Run,"",3172,10.07,,,false,,,activities/9587820068.gpx.gz,,,3172.0,3172.0,10076.0,6.663,3.177,63.9,83.9,126.7,160.8,5.7,-0.2,,,,,,,,,816.0,,,,,,,,,,,,,,0.0,,0.0,,1.0,10095.5,,,,,,,,,,,,,,,,,,,,,,,,,,0.0,3.177,0.0,,,,,,,,,,,,,,,,,,,,,""
8927727166,"Apr 20, 2023, 10:46:34 PM",Afternoon run,Run,"",1890,5.57,,,false,,,activities/9579059174.gpx.gz,,,1890.0,1890.0,5575.8,14.922,2.95,41.6,39.2,130.0,152.5,3.9,0.0,,,,,,,,,454.0,,,,,,,,,,,,,,0.0,,0.0,,1.0,5621.3,,,,,,,,,,,,,,,,,,,,,,,,,,0.0,2.95,0.0,,,,,,,,,,,,,,,,,,,,,""
8915976928,"Apr 18, 2023, 10:42:31 PM",April 10k,Run,"",3843,10.08,,,false,,,activities/9566705886.gpx.gz,,,3843.0,3843.0,10084.9,3.517,2.624,67.6,69.1,130.0,152.8,3.9,0.0,,,,,,,,,818.0,,,,,,,,,,,,,,0.0,,0.0,,1.0,10125.3,,,,,,,,,,,,,,,,,,,,,,,,,,0.0,2.624,0.0,,,,,,,,,,,,,,,,,,,,,""
8896333133,"Apr 15, 2023, 4:43:25 PM",Midday run,Run,"",2735,7.01,,,false,,,activities/9545852115.gpx.gz,,,2735.0,2423.0,7018.2,3.458,2.896,38.1,67.0,141.8,180.3,2.7,-0.4,,,,,,,,,565.0,,,,,,,,,,,,,,0.0,,0.0,,1.0,6989.5,,,,,,,,,,,,,,,,,,,,,,,,,,0.0,2.566,49.8,,,,,,,,,,,,,,,,,,,,,""
8891334076,"Apr 14, 2023, 9:49:18 PM",Afternoon run,Run,"",1653,4.85,,,false,,,activities/9540557992.gpx.gz,,,1653.0,1653.0,4858.2,3.667,2.939,29.0,28.6,140.5,152.9,4.7,0.0,,,,,,,,,393.0,,,,,,,,,,,,,,0.0,,0.0,,1.0,4867.9,,,,,,,,,,,,,,,,,,,,,,,,,,0.0,2.939,0.0,,,,,,,,,,,,,,,,,,,,,""
8883774645,"Apr 12, 2023, 11:19:29 PM",Evening run (with east nasty),Run,"",2338,6.66,,,false,,,activities/9532533673.gpx.gz,,,2338.0,2338.0,6668.3,4.118,2.852,73.8,72.3,124.3,160.2,13.1,0.0,,,,,,,,,546.0,,,,,,,,,,,,,,0.0,,0.0,,1.0,6752.6,,,,,,,,,,,,,,,,,,,,,,,,,,0.0,2.852,0.0,,,,,,,,,,,,,,,,,,,,,""
8869306066,"Apr 10, 2023, 11:38:25 PM",Evening run (with 12south runners),Run,"",2514,7.17,,,false,,,activities/9516697176.gpx.gz,,,2514.0,2514.0,7176.1,4.055,2.854,71.5,71.9,151.5,199.3,10.0,0.0,,,,,,,,,587.0,,,,,,,,,,,,,,0.0,,0.0,,1.0,7263.4,,,,,,,,,,,,,,,,,,,,,,,,,,0.0,2.854,0.0,,,,,,,,,,,,,,,,,,,,,""
8863211672,"Apr 9, 2023, 11:27:46 PM",Evening run,Run,"",1671,4.89,,,false,,,activities/9510257355.gpx.gz,,,1671.0,1671.0,4890.1,5.102,2.926,35.2,39.5,130.0,152.4,4.2,-0.1,,,,,,,,,396.0,,,,,,,,,,,,,,0.0,,0.0,,1.0,4906.4,,,,,,,,,,,,,,,,,,,,,,,,,,0.0,2.926,0.0,,,,,,,,,,,,,,,,,,,,,""
8821727985,"Apr 2, 2023, 7:36:31 PM",Afternoon run,Run,"",1959,4.95,,,false,,,activities/9466549640.gpx.gz,,,1959.0,1922.0,4953.2,3.368,2.577,30.6,28.3,140.1,152.9,4.0,0.0,,,,,,,,,402.0,,,,,,,,,,,,,,0.0,,0.0,,1.0,4976.5,,,,,,,,,,,,,,,,,,,,,,,,,,0.0,2.528,0.0,,,,,,,,,,,,,,,,,,,,,""
8805483546,"Mar 30, 2023, 10:05:08 PM",Afternoon run,Run,"",1834,4.89,190.0,122,false,,,activities/9449422541.gpx.gz,,,1834.0,1826.0,4892.1,6.38,2.679,39.1,42.0,138.9,152.9,4.8,-0.1,,,,,,184.0,,,398.0,,,122.0,,,,,,,,,,,0.0,,0.0,,1.0,4920.7,,,,,,,,,,,,,,,,,,,,,,,,,,0.0,2.667,0.0,,,,,,,,,,,,,,,,,,,,,""
8788820675,"Mar 27, 2023, 11:13:44 PM",Evening run,Run,"",1739,4.56,196.0,123,false,,,activities/9431877681.gpx.gz,,,1739.0,1732.0,4559.3,4.447,2.632,37.7,39.8,130.1,152.5,4.4,0.0,,,,,,191.0,,,371.0,,,123.0,,,,,,,,,,,0.0,,0.0,,1.0,4590.5,,,,,,,,,,,,,,,,,,,,,,,,,,0.0,2.622,0.0,,,,,,,,,,,,,,,,,,,,,""
8776904548,"Mar 25, 2023, 8:21:44 PM",Afternoon run,Run,"",1634,4.44,,,false,,,activities/9419301545.gpx.gz,,,1634.0,1634.0,4444.6,9.116,2.72,36.4,32.7,130.0,152.5,4.4,0.0,,,,,,,,,361.0,,,,,,,,,,,,,,0.0,,0.0,,1.0,4466.1,,,,,,,,,,,,,,,,,,,,,,,,,,0.0,2.72,0.0,,,,,,,,,,,,,,,,,,,,,""
8639103668,"Feb 28, 2023, 11:07:52 PM",Afternoon run,Run,"",1741,4.42,200.0,119,false,,,activities/9273836235.gpx.gz,,,1741.0,1741.0,4427.2,5.894,2.543,37.5,35.0,130.0,152.5,3.7,0.0,,,,,,189.0,,,361.0,,,119.0,,,,,,,,,,,0.0,,0.0,,1.0,4463.3,,,,,,,,,,,,,,,,,,,,,,,,,,0.0,2.543,0.0,,,,,,,,,,,,,,,,,,,,,""
8601315318,"Feb 21, 2023, 10:55:52 PM",Evening run,Run,"",2005,4.89,,,false,,,activities/9234047451.gpx.gz,,,2005.0,1884.0,4896.0,3.973,2.599,32.8,33.5,175.3,198.2,4.6,0.0,,,,,,,,,398.0,,,,,,,,,,,,,,0.0,,0.0,,1.0,4921.3,,,,,,,,,,,,,,,,,,,,,,,,,,0.0,2.442,0.0,,,,,,,,,,,,,,,,,,,,,""
7475699717,"Jul 13, 2022, 11:16:44 PM",Evening run (with east nasty),Run,"",1900,4.88,,,false,,,activities/7969050673.gpx.gz,,,1900.0,1739.0,4884.1,4.242,2.809,70.8,72.3,126.7,161.0,7.6,0.0,,,,,,,,,403.0,,,,,,,,,,,,,,0.0,,0.0,,1.0,4988.9,1657753216.0,1.0,31.0,31.2,16.6,0.42,1015.0,2.7,4.1,340.0,0.0,1657708800.0,1657760768.0,0.51,,,0.0,,0.24,16093.0,1.0,316.3,,,,0.0,2.571,0.0,,,,,,,,,,,,,,,,,,,,,""
7454306674,"Jul 11, 2022, 11:40:07 PM",Evening run (with 12south runners),Run,"",4143,10.03,,,false,,,activities/7945536184.gpx.gz,,,4143.0,3846.0,10038.2,5.708,2.61,73.1,71.0,157.2,192.6,4.2,0.0,,,,,,,,,817.0,,,,,,,,,,,,,,0.0,,0.0,,1.0,10104.4,1657580416.0,1.0,32.8,34.1,18.6,0.43,1010.9,2.6,2.9,175.0,0.0,1657536000.0,1657587968.0,0.43,,,0.0,,0.03,16093.0,1.0,297.5,,,,0.0,2.423,0.0,,,,,,,,,,,,,,,,,,,,,""
7440222738,"Jul 9, 2022, 12:17:15 PM",Evening run,Run,"",3248,8.02,,,false,,,activities/7930033511.gpx.gz,,,3248.0,3086.0,8027.9,3.564,2.601,71.5,71.9,154.2,191.3,5.4,0.0,,,,,,,,,657.0,,,,,,,,,,,,,,0.0,,0.0,,1.0,8124.6,1657368064.0,3.0,23.7,24.6,22.9,0.95,1014.5,2.9,6.8,201.0,0.0,1657363200.0,1657415296.0,0.36,,,0.0,,0.96,16093.0,0.0,305.4,,,,0.0,2.472,0.0,,,,,,,,,,,,,,,,,,,,,""
7390537244,"Jun 29, 2022, 11:19:21 PM",Evening run (with east nasty),Run,"",4080,9.48,,,false,,,activities/7875565795.gpx.gz,,,4080.0,3552.0,9485.3,3.152,2.67,143.7,147.4,125.4,166.4,10.8,0.0,,,,,,,,,784.0,,,,,,,,,,,,,,0.0,,0.0,,1.0,9700.5,1656543616.0,1.0,32.4,32.4,15.5,0.36,1020.1,2.2,2.7,59.0,0.0,1656498816.0,1656551424.0,0.03,,,0.0,,0.09,16093.0,1.0,311.8,,,,0.0,2.325,0.0,,,,,,,,,,,,,,,,,,,,,""
7342196784,"Jun 20, 2022, 11:40:20 PM",Evening run (with 12south runners),Run,"",2466,6.40,,,false,,,activities/7822671340.gpx.gz,,,2466.0,2439.0,6401.6,4.419,2.625,58.3,57.4,162.2,193.2,4.9,0.0,,,,,,,,,523.0,,,,,,,,,,,,,,0.0,,0.0,,1.0,6469.9,1655766016.0,1.0,33.6,33.6,8.9,0.22,1020.9,0.6,5.8,105.0,0.0,1655721088.0,1655773696.0,0.75,,,0.0,,0.08,16093.0,1.0,305.3,,,,0.0,2.596,0.0,,,,,,,,,,,,,,,,,,,,,""
7154861722,"May 16, 2022, 11:41:14 PM",Evening run,Run,"",3022,8.14,,,false,,,activities/7154861722.gpx,,,3022.0,3007.0,8139.4,4.225,2.707,63.6,63.6,148.9,189.1,14.8,0.0,,,,,,,,,665.0,,,,,,,,,,,,,,,,0.0,,1.0,8233.9,,,,,,,,,,,,,,,,,,,,,,,,,,0.0,2.693,38.9,,,,,,,,,,,,,,,,,,,,,""
7116360096,"May 9, 2022, 11:40:50 PM",Evening run,Run,"",2994,7.48,,,false,,,activities/7116360096.gpx,,,2994.0,2922.0,7486.2,4.172,2.562,55.5,55.4,156.1,189.1,8.7,0.0,,,,,,,,,610.0,,,,,,,,,,,,,,0.0,,0.0,,1.0,7548.3,,,,,,,,,,,,,,,,,,,,,,,,,,0.0,2.5,0.0,,,,,,,,,,,,,,,,,,,,,""
7004663634,"Apr 18, 2022, 11:39:42 PM",Evening run,Run,"",3037,6.91,,,false,,,activities/7004663634.gpx,,,3037.0,2533.0,6916.2,4.53,2.73,69.5,69.5,169.9,194.6,9.0,0.0,,,,,,,,,567.0,,,,,,,,,,,,,,,,0.0,,1.0,7015.5,,,,,,,,,,,,,,,,,,,,,,,,,,0.0,2.277,0.0,,,,,,,,,,,,,,,,,,,,,""
6932723811,"Apr 4, 2022, 11:41:46 PM",Evening run,Run,"",2744,6.76,,,false,,,activities/6932723811.gpx,,,2744.0,2478.0,6766.5,10.772,2.731,76.6,77.0,151.4,199.6,16.8,0.0,,,,,,,,,551.0,,,,,,,,,,,,,,,,0.0,,1.0,6818.5,,,,,,,,,,,,,,,,,,,,,,,,,,0.0,2.466,0.0,,,,,,,,,,,,,,,,,,,,,""
6899089855,"Mar 28, 2022, 11:40:04 PM",Evening run,Run,"",2946,7.07,,,false,,,activities/6899089855.gpx,,,2946.0,2473.0,7071.8,5.434,2.86,67.3,65.2,155.8,193.1,7.5,0.0,,,,,,,,,578.0,,,,,,,,,,,,,,,,0.0,,1.0,7152.9,,,,,,,,,,,,,,,,,,,,,,,,,,0.0,2.4,0.0,,,,,,,,,,,,,,,,,,,,,""
