Reaction Date,Reaction Type,Parent Type,Parent ID
"Nov 30, 2020, 5:24:58 PM",Kudos,Post,12699405
"Apr 13, 2023, 3:17:48 PM",Kudos,Activity,8855425289
"Apr 13, 2023, 3:31:26 PM",Kudos,Activity,8880461029
"Apr 13, 2023, 5:11:15 PM",Kudos,Activity,8881197396
"Apr 13, 2023, 6:26:45 PM",Kudos,Activity,8885210270
"Apr 14, 2023, 3:30:44 AM",Kudos,Activity,8886495812
"Apr 14, 2023, 2:40:11 PM",Kudos,Activity,8888175708
"Apr 14, 2023, 2:40:16 PM",Kudos,Activity,8889081525
"Apr 14, 2023, 2:40:21 PM",Kudos,Activity,8889105012
"Apr 14, 2023, 10:45:11 PM",Kudos,Activity,8891394095
"Apr 14, 2023, 11:20:42 PM",Kudos,Activity,8891493660
"Apr 14, 2023, 11:33:55 PM",Kudos,Activity,8891582362
"Apr 15, 2023, 1:48:50 PM",Kudos,Activity,8894656564
"Apr 15, 2023, 2:20:37 PM",Kudos,Activity,8894938281
"Apr 15, 2023, 2:21:19 PM",Kudos,Activity,8894994403
"Apr 15, 2023, 2:21:23 PM",Kudos,Activity,8894988236
"Apr 15, 2023, 2:21:27 PM",Kudos,Activity,8894847907
"Apr 15, 2023, 2:33:38 PM",Kudos,Activity,8895062465
"Apr 15, 2023, 3:10:15 PM",Kudos,Activity,8895260542
"Apr 15, 2023, 3:10:23 PM",Kudos,Activity,8895265677
"Apr 15, 2023, 3:10:25 PM",Kudos,Activity,8895206140
"Apr 15, 2023, 7:23:32 PM",Kudos,Activity,8896709742
"Apr 15, 2023, 8:19:57 PM",Kudos,Activity,8896979612
"Apr 16, 2023, 8:07:46 PM",Kudos,Activity,8903604664
"Apr 16, 2023, 8:07:53 PM",Kudos,Activity,8896668411
"Apr 16, 2023, 9:43:29 PM",Kudos,Activity,8903983578
"Apr 17, 2023, 12:31:56 AM",Kudos,Activity,8904438839
"Apr 17, 2023, 1:31:16 PM",Kudos,Activity,8906231879
"Apr 17, 2023, 1:31:29 PM",Kudos,Activity,8906166399
"Apr 17, 2023, 3:35:18 PM",Kudos,Activity,8906839067
"Apr 17, 2023, 5:21:00 PM",Kudos,Activity,8906143885
"Apr 17, 2023, 5:21:04 PM",Kudos,Activity,8894731452
"Apr 17, 2023, 5:30:15 PM",Kudos,Activity,8903250974
"Apr 17, 2023, 8:14:19 PM",Kudos,Activity,8908789454
"Apr 17, 2023, 8:14:27 PM",Kudos,Activity,8908791729
"Apr 17, 2023, 8:26:24 PM",Kudos,Activity,8909024980
"Apr 17, 2023, 9:48:18 PM",Kudos,Activity,8909260908
"Apr 17, 2023, 10:06:06 PM",Kudos,Activity,8909382789
"Apr 18, 2023, 12:38:13 AM",Kudos,Activity,8909945596
"Apr 18, 2023, 12:38:34 AM",Kudos,Activity,8909919849
"Apr 18, 2023, 12:38:38 AM",Kudos,Activity,8909919794
"Apr 18, 2023, 12:38:43 AM",Kudos,Activity,8909932547
"Apr 18, 2023, 12:38:44 AM",Kudos,Activity,8909922430
"Apr 18, 2023, 12:38:45 AM",Kudos,Activity,8909928748
"Apr 18, 2023, 12:53:10 AM",Kudos,Activity,8909974159
"Apr 18, 2023, 12:53:16 AM",Kudos,Activity,8909968618
"Apr 18, 2023, 12:53:19 AM",Kudos,Activity,8909993575
"Apr 18, 2023, 12:53:33 AM",Kudos,Activity,8909961760
"Apr 18, 2023, 11:57:10 AM",Kudos,Activity,8911675763
"Apr 18, 2023, 2:12:25 PM",Kudos,Activity,8911727161
"Apr 18, 2023, 2:12:26 PM",Kudos,Activity,8911722321
"Apr 18, 2023, 2:43:32 PM",Kudos,Activity,8912822755
"Apr 18, 2023, 3:18:53 PM",Kudos,Activity,8913015490
"Apr 18, 2023, 3:18:56 PM",Kudos,Activity,8913064101
"Apr 18, 2023, 6:16:46 PM",Kudos,Activity,8914178636
"Apr 18, 2023, 9:36:49 PM",Kudos,Activity,8915153746
"Apr 18, 2023, 11:59:05 PM",Kudos,Activity,8915880444
"Apr 19, 2023, 2:24:26 AM",Kudos,Activity,8916188239
"Apr 19, 2023, 2:24:51 AM",Kudos,Activity,8916150641
"Apr 19, 2023, 2:43:02 AM",Kudos,Activity,8916479946
"Apr 19, 2023, 1:46:29 PM",Kudos,Activity,8918692748
"Apr 19, 2023, 5:05:51 PM",Kudos,Activity,8918457354
"Apr 19, 2023, 8:02:17 PM",Kudos,Activity,8921234589
"Apr 19, 2023, 8:02:19 PM",Kudos,Activity,8901620550
"Apr 19, 2023, 10:26:17 PM",Kudos,Activity,8921768817
"Apr 19, 2023, 11:52:34 PM",Kudos,Activity,8921558456
"Apr 19, 2023, 11:52:41 PM",Kudos,Activity,8921588077
"Apr 20, 2023, 3:59:43 AM",Kudos,Activity,8922110789
"Apr 20, 2023, 3:59:44 AM",Kudos,Activity,8922459970
"Apr 20, 2023, 3:59:52 AM",Kudos,Activity,8922463659
"Apr 20, 2023, 4:01:00 AM",Kudos,Activity,8922279925
"Apr 20, 2023, 4:02:14 AM",Kudos,Activity,8922383766
"Apr 20, 2023, 4:02:22 AM",Kudos,Activity,8922281872
"Apr 20, 2023, 4:02:27 AM",Kudos,Activity,8922224359
"Apr 20, 2023, 4:02:36 AM",Kudos,Activity,8922209201
"Apr 20, 2023, 4:02:44 AM",Kudos,Activity,8922092420
"Apr 20, 2023, 4:02:45 AM",Kudos,Activity,8922095940
"Apr 20, 2023, 2:54:04 PM",Kudos,Activity,8925117261
"Apr 20, 2023, 3:04:10 PM",Kudos,Activity,8925232252
"Apr 20, 2023, 6:50:48 PM",Kudos,Post,23977916
"Apr 20, 2023, 11:35:58 PM",Kudos,Activity,8927785460
"Apr 21, 2023, 12:54:54 AM",Kudos,Activity,8928037552
"Apr 21, 2023, 8:07:01 PM",Kudos,Activity,8932464334
"Apr 21, 2023, 8:07:23 PM",Kudos,Activity,8931998883
"Apr 21, 2023, 8:28:34 PM",Kudos,Activity,8932537346
"Apr 22, 2023, 1:51:56 AM",Kudos,Activity,8933284581
"Apr 22, 2023, 1:52:05 AM",Kudos,Activity,8933283350
"Apr 22, 2023, 2:14:21 PM",Kudos,Activity,8936610394
"Apr 22, 2023, 2:14:25 PM",Kudos,Activity,8936668606
"Apr 22, 2023, 2:14:26 PM",Kudos,Activity,8936620245
"Apr 22, 2023, 2:14:29 PM",Kudos,Activity,8936644625
"Apr 22, 2023, 2:14:32 PM",Kudos,Activity,8936639567
"Apr 22, 2023, 2:14:34 PM",Kudos,Activity,8936431032
"Apr 22, 2023, 2:14:41 PM",Kudos,Activity,8936042891
"Apr 22, 2023, 2:19:27 PM",Kudos,Activity,8936743498
"Apr 22, 2023, 2:19:33 PM",Kudos,Activity,8936741605
"Apr 22, 2023, 2:33:29 PM",Kudos,Activity,8936833420
"Apr 22, 2023, 2:33:40 PM",Kudos,Activity,8936856621
"Apr 22, 2023, 3:05:56 PM",Kudos,Activity,8937093170
"Apr 22, 2023, 3:41:42 PM",Kudos,Activity,8937352304
"Apr 22, 2023, 4:38:14 PM",Kudos,Activity,8937673530
"Apr 22, 2023, 4:38:20 PM",Kudos,Activity,8937695617
"Apr 22, 2023, 4:38:28 PM",Kudos,Activity,8937674750
"Apr 22, 2023, 4:53:29 PM",Kudos,Activity,8937814913
"Apr 22, 2023, 5:11:38 PM",Kudos,Activity,8937961029
"Apr 22, 2023, 5:41:30 PM",Kudos,Activity,8938071517
"Apr 22, 2023, 6:59:55 PM",Kudos,Activity,8938524277
"Apr 22, 2023, 11:39:49 PM",Kudos,Activity,8938996053
"Apr 22, 2023, 11:45:46 PM",Kudos,Activity,8937332822
"Apr 23, 2023, 3:39:29 PM",Kudos,Activity,8943350360
"Apr 24, 2023, 11:45:34 AM",Kudos,Activity,8946451551
"Apr 24, 2023, 5:18:44 PM",Kudos,Activity,8945485567
"Apr 25, 2023, 1:37:33 AM",Kudos,Activity,8951486191
"Apr 25, 2023, 1:37:37 AM",Kudos,Activity,8951512679
"Apr 25, 2023, 1:37:39 AM",Kudos,Activity,8951406398
"Apr 25, 2023, 1:37:40 AM",Kudos,Activity,8951523643
"Apr 25, 2023, 1:37:42 AM",Kudos,Activity,8951405237
"Apr 25, 2023, 1:37:46 AM",Kudos,Activity,8951648325
"Apr 25, 2023, 1:37:49 AM",Kudos,Activity,8951460818
"Apr 25, 2023, 1:37:59 AM",Kudos,Activity,8951381276
"Apr 25, 2023, 2:37:31 AM",Kudos,Activity,8951847737
"Apr 25, 2023, 4:30:20 PM",Kudos,Activity,8954595892
"Apr 26, 2023, 12:36:41 AM",Kudos,Activity,8957561091
"Apr 26, 2023, 5:20:21 PM",Kudos,Activity,8961531336
"Apr 27, 2023, 1:37:14 AM",Kudos,Activity,8963745486
"Apr 27, 2023, 1:45:11 AM",Kudos,Activity,8963562516
"Apr 27, 2023, 1:24:29 PM",Kudos,Activity,8963589779
"Apr 27, 2023, 1:24:31 PM",Kudos,Activity,8963589174
"Apr 27, 2023, 6:51:45 PM",Kudos,Activity,8967806632
"Apr 28, 2023, 1:07:45 PM",Kudos,Activity,8971825448
"Apr 28, 2023, 5:01:04 PM",Kudos,Activity,8972304012
"Apr 28, 2023, 5:01:10 PM",Kudos,Activity,8972057653
"Apr 28, 2023, 5:01:10 PM",Kudos,Activity,8972181409
"Apr 28, 2023, 5:01:39 PM",Kudos,Activity,8969698015
"Apr 29, 2023, 2:06:26 PM",Kudos,Activity,8977264985
"May 1, 2023, 6:05:43 PM",Kudos,Activity,8991484657
"May 2, 2023, 1:35:29 AM",Kudos,Activity,8993845926
"May 2, 2023, 1:35:38 AM",Kudos,Activity,8993794306
"May 2, 2023, 1:46:11 AM",Kudos,Activity,8993720342
"May 2, 2023, 1:46:15 AM",Kudos,Activity,8993720522
"May 2, 2023, 2:56:03 AM",Kudos,Activity,8994110063
"May 2, 2023, 2:56:28 AM",Kudos,Activity,8993855851
"May 2, 2023, 2:56:31 AM",Kudos,Activity,8993792370
"May 2, 2023, 2:56:33 AM",Kudos,Activity,8993815279
"May 2, 2023, 2:56:34 AM",Kudos,Activity,8993736854
"May 2, 2023, 2:56:35 AM",Kudos,Activity,8993877829
"May 2, 2023, 3:12:31 AM",Kudos,Activity,8993747712
"May 2, 2023, 3:12:46 AM",Kudos,Activity,8993778184
"May 2, 2023, 3:13:06 AM",Kudos,Activity,8993794829
"May 2, 2023, 12:44:10 PM",Kudos,Activity,8993703721
"May 2, 2023, 1:16:59 PM",Kudos,Activity,8995468350
"May 2, 2023, 1:17:05 PM",Kudos,Activity,8995468139
"May 2, 2023, 1:17:08 PM",Kudos,Activity,8995942947
"May 2, 2023, 1:17:14 PM",Kudos,Activity,8995410012
"May 2, 2023, 9:47:02 PM",Kudos,Activity,8997723852
"May 3, 2023, 3:39:03 AM",Kudos,Activity,8999726636
"May 3, 2023, 3:39:26 AM",Kudos,Activity,8999290774
"May 3, 2023, 10:57:06 PM",Kudos,Activity,9005820482
"May 4, 2023, 12:10:17 AM",Kudos,Activity,9006236156
"May 4, 2023, 12:29:13 AM",Kudos,Activity,9006289291
"May 4, 2023, 12:49:41 AM",Kudos,Activity,9006373619
"May 4, 2023, 12:49:48 AM",Kudos,Activity,9006297458
"May 4, 2023, 12:55:11 AM",Kudos,Activity,9006388359
"May 4, 2023, 12:57:22 AM",Kudos,Activity,9006273851
"May 4, 2023, 1:21:48 AM",Kudos,Activity,9006485822
"May 4, 2023, 1:21:59 AM",Kudos,Activity,9006487583
"May 4, 2023, 1:22:07 AM",Kudos,Activity,9006366981
"May 4, 2023, 1:38:22 AM",Kudos,Activity,9006217264
"May 4, 2023, 2:30:22 AM",Kudos,Activity,9006155042
"May 4, 2023, 1:37:27 PM",Kudos,Activity,9008822197
"May 4, 2023, 1:37:34 PM",Kudos,Activity,9008704198
"May 4, 2023, 5:15:30 PM",Kudos,Activity,9010291624
"May 4, 2023, 8:50:09 PM",Kudos,Activity,9011504792
"May 5, 2023, 2:02:18 AM",Kudos,Activity,9012750977
"May 5, 2023, 2:02:30 AM",Kudos,Activity,9012733587
"May 5, 2023, 2:02:56 AM",Kudos,Activity,9012746090
"May 5, 2023, 2:02:57 AM",Kudos,Activity,9012729825
"May 5, 2023, 2:35:43 PM",Kudos,Activity,9012928632
"May 5, 2023, 11:45:57 PM",Kudos,Activity,9017685796
"May 5, 2023, 11:46:03 PM",Kudos,Activity,9017755647
"May 5, 2023, 11:46:13 PM",Kudos,Activity,9017440232
"May 6, 2023, 4:15:23 PM",Kudos,Activity,9022085125
"May 6, 2023, 9:36:11 PM",Kudos,Activity,9023737619
"May 7, 2023, 12:26:55 AM",Kudos,Activity,9024242992
"May 7, 2023, 1:04:57 AM",Kudos,Activity,9022464610
"May 7, 2023, 1:07:02 AM",Kudos,Activity,9021707708
"May 7, 2023, 1:07:11 AM",Kudos,Activity,9021553698
"May 7, 2023, 1:07:35 AM",Kudos,Activity,9020713634
"May 7, 2023, 1:45:46 PM",Kudos,Activity,9026906700
"May 7, 2023, 1:45:55 PM",Kudos,Activity,9026955069
"May 7, 2023, 3:35:10 PM",Kudos,Activity,9028423082
"May 7, 2023, 3:44:05 PM",Kudos,Activity,9028348162
"May 7, 2023, 3:44:12 PM",Kudos,Activity,9028357111
"May 7, 2023, 4:23:27 PM",Kudos,Activity,9021776599
"May 7, 2023, 6:04:43 PM",Kudos,Activity,9029640950
"May 7, 2023, 7:50:49 PM",Kudos,Activity,9030152596
"May 8, 2023, 3:35:34 AM",Kudos,Activity,9031272274
"May 9, 2023, 12:03:40 AM",Kudos,Activity,9036506164
"May 9, 2023, 1:10:32 PM",Kudos,Activity,9039263427
"May 9, 2023, 2:32:35 PM",Kudos,Activity,9039538928
"May 9, 2023, 3:24:06 PM",Kudos,Activity,9036873076
"May 9, 2023, 3:24:08 PM",Kudos,Activity,9036816283
"May 9, 2023, 3:24:09 PM",Kudos,Activity,9036976410
"May 9, 2023, 3:24:14 PM",Kudos,Activity,9036744980
"May 9, 2023, 3:24:19 PM",Kudos,Activity,9039055400
"May 9, 2023, 3:24:29 PM",Kudos,Activity,9038648701
"May 9, 2023, 3:24:41 PM",Kudos,Activity,9036965934
"May 9, 2023, 3:24:52 PM",Kudos,Activity,9036840334
"May 9, 2023, 3:25:04 PM",Kudos,Activity,9036746391
"May 9, 2023, 3:25:08 PM",Kudos,Activity,9036790770
"May 9, 2023, 5:58:02 PM",Kudos,Activity,9041019770
"May 9, 2023, 10:00:29 PM",Kudos,Activity,9042353345
"May 10, 2023, 12:15:22 AM",Kudos,Activity,9042533191
"May 10, 2023, 1:49:31 AM",Kudos,Activity,9043132312
"May 10, 2023, 3:20:43 AM",Kudos,Activity,9043067253
"May 10, 2023, 3:20:45 AM",Kudos,Activity,9043129794
"May 10, 2023, 1:27:54 PM",Kudos,Activity,9045601122
"May 10, 2023, 1:27:55 PM",Kudos,Activity,9045606845
"May 11, 2023, 2:51:12 AM",Kudos,Activity,9049041611
"May 11, 2023, 2:51:14 AM",Kudos,Activity,9049140923
"May 11, 2023, 2:51:18 AM",Kudos,Activity,9049139027
"May 11, 2023, 2:51:23 AM",Kudos,Activity,9049010001
"May 11, 2023, 2:51:23 AM",Kudos,Activity,9049134598
"May 11, 2023, 2:51:25 AM",Kudos,Activity,9049103533
"May 11, 2023, 2:51:35 AM",Kudos,Activity,9049105454
"May 11, 2023, 2:51:36 AM",Kudos,Activity,9049093274
"May 11, 2023, 2:51:39 AM",Kudos,Activity,9049220618
"May 11, 2023, 2:51:45 AM",Kudos,Activity,9049123168
"May 11, 2023, 4:02:58 AM",Kudos,Activity,9049636162
"May 11, 2023, 12:50:31 PM",Kudos,Activity,9051505143
"May 11, 2023, 12:55:27 PM",Kudos,Activity,9051034515
"May 12, 2023, 12:48:17 AM",Kudos,Activity,9055134037
"May 12, 2023, 11:54:37 AM",Kudos,Activity,9055805915
"May 13, 2023, 12:03:10 AM",Kudos,Activity,9060293827
"May 13, 2023, 1:09:24 AM",Kudos,Activity,9060473088
"May 13, 2023, 3:37:25 AM",Kudos,Activity,9060775932
"May 13, 2023, 11:00:05 AM",Kudos,Activity,9060932248
"May 13, 2023, 2:48:07 PM",Kudos,Activity,9063931399
"May 13, 2023, 2:48:08 PM",Kudos,Activity,9063697401
"May 13, 2023, 2:52:08 PM",Kudos,Activity,9063725130
"May 13, 2023, 2:52:28 PM",Kudos,Activity,9063665986
"May 13, 2023, 2:52:31 PM",Kudos,Activity,9063704140
"May 13, 2023, 2:52:33 PM",Kudos,Activity,9063644835
"May 13, 2023, 2:52:35 PM",Kudos,Activity,9063781963
"May 13, 2023, 2:52:45 PM",Kudos,Activity,9063660160
"May 13, 2023, 2:52:50 PM",Kudos,Activity,9063629794
"May 13, 2023, 2:52:57 PM",Kudos,Activity,9062609782
"May 13, 2023, 3:01:27 PM",Kudos,Activity,9064231250
"May 13, 2023, 3:28:20 PM",Kudos,Activity,9064421433
"May 13, 2023, 4:27:16 PM",Kudos,Activity,9064810429
"May 13, 2023, 4:56:11 PM",Kudos,Activity,9064705010
"May 13, 2023, 5:21:37 PM",Kudos,Activity,9065203289
"May 13, 2023, 5:43:36 PM",Kudos,Activity,9065141519
"May 13, 2023, 5:43:38 PM",Kudos,Activity,9065285277
"May 13, 2023, 9:25:19 PM",Kudos,Activity,9066052900
"May 13, 2023, 10:08:20 PM",Kudos,Activity,9066300396
"May 14, 2023, 11:48:44 AM",Kudos,Activity,9068997774
"May 14, 2023, 12:27:01 PM",Kudos,Activity,9069659101
"May 14, 2023, 3:20:12 PM",Kudos,Activity,9070112141
"May 15, 2023, 1:40:21 AM",Kudos,Activity,9071719270
"May 15, 2023, 1:40:42 AM",Kudos,Activity,9072940649
"May 15, 2023, 1:40:52 AM",Kudos,Activity,9073228242
"May 15, 2023, 1:40:57 AM",Kudos,Activity,9072044706
"May 15, 2023, 1:41:02 AM",Kudos,Activity,9073107184
"May 15, 2023, 1:41:15 AM",Kudos,Activity,9073112960
"May 15, 2023, 3:36:00 PM",Kudos,Activity,9075945776
"May 15, 2023, 9:04:16 PM",Kudos,Activity,9075722913
"May 15, 2023, 11:00:37 PM",Kudos,Activity,9078427650
"May 15, 2023, 11:33:03 PM",Kudos,Activity,9078597355
"May 15, 2023, 11:42:28 PM",Kudos,Activity,9078570266
"May 16, 2023, 12:20:57 AM",Kudos,Activity,9078762319
"May 16, 2023, 12:21:00 AM",Kudos,Activity,9078778099
"May 16, 2023, 12:21:05 AM",Kudos,Activity,9078760045
"May 16, 2023, 12:41:49 AM",Kudos,Activity,9078848211
"May 16, 2023, 12:42:12 AM",Kudos,Activity,9078832475
"May 16, 2023, 12:59:44 AM",Kudos,Activity,9078865945
"May 16, 2023, 1:13:07 AM",Kudos,Activity,9078890904
"May 16, 2023, 1:13:10 AM",Kudos,Activity,9078871488
"May 16, 2023, 2:04:11 AM",Kudos,Activity,9079007720
"May 16, 2023, 4:51:48 PM",Kudos,Activity,9082043006
"May 16, 2023, 5:13:38 PM",Kudos,Activity,9081602555
"May 17, 2023, 3:21:28 AM",Kudos,Activity,9085153708
"May 17, 2023, 11:16:48 PM",Kudos,Activity,9090504926
"May 17, 2023, 11:16:54 PM",Kudos,Activity,9090472513
"May 17, 2023, 11:16:59 PM",Kudos,Activity,9090606657
"May 17, 2023, 11:17:03 PM",Kudos,Activity,9090742268
"May 17, 2023, 11:57:34 PM",Kudos,Activity,9090905183
"May 17, 2023, 11:57:35 PM",Kudos,Activity,9090903060
"May 17, 2023, 11:57:39 PM",Kudos,Activity,9090940855
"May 18, 2023, 12:12:36 AM",Kudos,Activity,9087473278
"May 18, 2023, 12:30:04 AM",Kudos,Activity,9091091572
"May 18, 2023, 12:39:45 AM",Kudos,Activity,9091093413
"May 18, 2023, 12:40:08 AM",Kudos,Activity,9091094735
"May 18, 2023, 12:40:13 AM",Kudos,Activity,9091062755
"May 18, 2023, 12:48:52 AM",Kudos,Activity,9091167827
"May 18, 2023, 12:57:49 AM",Kudos,Activity,9091194695
"May 18, 2023, 1:26:17 AM",Kudos,Activity,9091278935
"May 18, 2023, 2:34:47 AM",Kudos,Activity,9091469477
"May 18, 2023, 2:55:18 PM",Kudos,Activity,9094526796
"May 18, 2023, 5:33:12 PM",Kudos,Activity,9093873210
"May 18, 2023, 5:56:39 PM",Kudos,Activity,9095725947
"May 18, 2023, 6:33:53 PM",Kudos,Activity,9095902321
"May 18, 2023, 10:27:19 PM",Kudos,Activity,9097026592
"May 19, 2023, 12:10:11 AM",Kudos,Activity,9097368878
"May 19, 2023, 1:02:10 AM",Kudos,Activity,9097556125
"May 19, 2023, 1:02:57 AM",Kudos,Activity,9097330470
"May 19, 2023, 1:03:08 AM",Kudos,Activity,9097534330
"May 19, 2023, 1:29:01 AM",Kudos,Activity,9097651092
"May 19, 2023, 2:30:18 PM",Kudos,Activity,9100078929
"May 19, 2023, 2:30:23 PM",Kudos,Activity,9099952959
"May 19, 2023, 2:30:26 PM",Kudos,Activity,9100289606
"May 19, 2023, 2:30:32 PM",Kudos,Activity,9099958715
"May 19, 2023, 5:19:34 PM",Kudos,Activity,9101072622
"May 19, 2023, 5:19:37 PM",Kudos,Activity,9101155527
"May 19, 2023, 8:12:23 PM",Kudos,Activity,9102233672
"May 20, 2023, 12:48:58 AM",Kudos,Activity,9103116086
"May 20, 2023, 12:09:08 PM",Kudos,Activity,9103600237
"May 20, 2023, 3:13:11 PM",Kudos,Activity,9106526472
"May 20, 2023, 3:13:38 PM",Kudos,Activity,9106552864
"May 20, 2023, 3:14:31 PM",Kudos,Activity,9105740218
"May 20, 2023, 3:14:38 PM",Kudos,Activity,9106553169
"May 20, 2023, 3:15:00 PM",Kudos,Activity,9106556078
"May 20, 2023, 3:15:05 PM",Kudos,Activity,9106520469
"May 20, 2023, 9:42:43 PM",Kudos,Activity,9108684518
"May 20, 2023, 9:43:10 PM",Kudos,Activity,9108976795
"May 20, 2023, 9:43:12 PM",Kudos,Activity,9108914395
"May 20, 2023, 9:43:16 PM",Kudos,Activity,9108812225
"May 20, 2023, 9:43:24 PM",Kudos,Activity,9108441260
"May 20, 2023, 9:43:49 PM",Kudos,Activity,9107458375
"May 20, 2023, 11:08:11 PM",Kudos,Activity,9109087024
"May 21, 2023, 1:50:24 AM",Kudos,Activity,9109253748
"May 21, 2023, 1:50:39 AM",Kudos,Activity,9109538692
"May 21, 2023, 1:12:03 PM",Kudos,Activity,9112593101
"May 21, 2023, 4:31:48 PM",Kudos,Activity,9114065029
"May 21, 2023, 4:32:12 PM",Kudos,Activity,9113367480
"May 21, 2023, 4:32:45 PM",Kudos,Activity,9114073584
"May 21, 2023, 4:32:47 PM",Kudos,Activity,9114048029
"May 21, 2023, 4:32:54 PM",Kudos,Activity,9113108548
"May 21, 2023, 4:33:02 PM",Kudos,Activity,9113368087
"May 21, 2023, 5:53:31 PM",Kudos,Activity,9114864619
"May 21, 2023, 8:49:33 PM",Kudos,Activity,9115308217
"May 21, 2023, 8:49:35 PM",Kudos,Activity,9114658843
"May 21, 2023, 8:49:37 PM",Kudos,Activity,9115677774
"May 21, 2023, 8:49:49 PM",Kudos,Activity,9115282041
"May 21, 2023, 8:49:58 PM",Kudos,Activity,9115678095
"May 21, 2023, 8:50:07 PM",Kudos,Activity,9115244100
"May 21, 2023, 8:50:12 PM",Kudos,Activity,9115345072
"May 21, 2023, 8:51:03 PM",Kudos,Activity,9115677723
"May 21, 2023, 8:51:15 PM",Kudos,Activity,9115015646
"May 21, 2023, 8:51:18 PM",Kudos,Activity,9115015638
"May 22, 2023, 12:40:46 AM",Kudos,Activity,9116487967
"May 22, 2023, 12:40:57 AM",Kudos,Activity,9116461558
"May 22, 2023, 12:41:09 AM",Kudos,Activity,9115979793
"May 22, 2023, 3:33:36 AM",Kudos,Activity,9116594765
"May 22, 2023, 12:38:40 PM",Kudos,Activity,9118604348
"May 22, 2023, 12:38:45 PM",Kudos,Activity,9118532452
"May 22, 2023, 12:38:49 PM",Kudos,Activity,9116634824
"May 22, 2023, 2:11:30 PM",Kudos,Activity,9118688917
"May 22, 2023, 2:11:34 PM",Kudos,Activity,9118841575
"May 23, 2023, 1:08:42 AM",Kudos,Activity,9122357368
"May 23, 2023, 1:08:53 AM",Kudos,Activity,9122349099
"May 23, 2023, 1:09:15 AM",Kudos,Activity,9122467291
"May 23, 2023, 1:22:29 AM",Kudos,Activity,9122540097
"May 23, 2023, 1:22:33 AM",Kudos,Activity,9122428814
"May 23, 2023, 1:22:36 AM",Kudos,Activity,9122429687
"May 23, 2023, 1:22:38 AM",Kudos,Activity,9122340246
"May 23, 2023, 1:22:45 AM",Kudos,Activity,9122345734
"May 23, 2023, 1:30:43 AM",Kudos,Activity,9122347104
"May 23, 2023, 2:40:12 AM",Kudos,Post,24304641
"May 23, 2023, 3:03:39 AM",Kudos,Activity,9122380594
"May 23, 2023, 3:11:13 AM",Kudos,Activity,9122785504
"May 23, 2023, 3:11:25 AM",Kudos,Activity,9122663163
"May 23, 2023, 3:11:30 AM",Kudos,Activity,9122651101
"May 23, 2023, 12:02:42 PM",Kudos,Activity,9124666108
"May 23, 2023, 12:02:53 PM",Kudos,Activity,9124333283
"May 23, 2023, 4:45:30 PM",Kudos,Activity,9125326120
"May 23, 2023, 4:45:40 PM",Kudos,Activity,9125056939
"May 23, 2023, 6:48:36 PM",Kudos,Activity,9122337994
"May 23, 2023, 6:48:38 PM",Kudos,Activity,9126491130
"May 24, 2023, 1:00:55 AM",Kudos,Activity,9128389188
"May 24, 2023, 1:16:29 AM",Kudos,Activity,9128971103
"May 24, 2023, 1:16:31 AM",Kudos,Activity,9128991509
"May 24, 2023, 3:21:02 AM",Kudos,Activity,9129300434
"May 24, 2023, 11:44:48 AM",Kudos,Activity,9130841191
"May 24, 2023, 11:44:52 AM",Kudos,Activity,9130895709
"May 24, 2023, 11:44:54 AM",Kudos,Activity,9130772810
"May 24, 2023, 1:27:02 PM",Kudos,Activity,9131399678
"May 24, 2023, 1:27:09 PM",Kudos,Activity,9131489352
"May 25, 2023, 1:03:14 AM",Kudos,Activity,9135261923
"May 25, 2023, 1:03:58 AM",Kudos,Activity,9135145761
"May 25, 2023, 1:04:01 AM",Kudos,Activity,9135217180
"May 25, 2023, 1:04:04 AM",Kudos,Activity,9135115488
"May 25, 2023, 1:04:07 AM",Kudos,Activity,9134908796
"May 25, 2023, 1:04:19 AM",Kudos,Activity,9135277565
"May 25, 2023, 1:04:21 AM",Kudos,Activity,9135149631
"May 25, 2023, 1:04:23 AM",Kudos,Activity,9134705918
"May 25, 2023, 1:04:27 AM",Kudos,Activity,9135112948
"May 25, 2023, 1:04:28 AM",Kudos,Activity,9135124961
"May 25, 2023, 1:04:30 AM",Kudos,Activity,9135040422
"May 25, 2023, 1:04:35 AM",Kudos,Activity,9135198566
"May 25, 2023, 1:19:51 AM",Kudos,Activity,9135361415
"May 25, 2023, 1:19:55 AM",Kudos,Activity,9135337919
"May 25, 2023, 1:32:41 AM",Kudos,Activity,9135361913
"May 25, 2023, 1:42:47 AM",Kudos,Activity,9135408771
"May 25, 2023, 2:21:19 AM",Kudos,Activity,9135480925
"May 25, 2023, 2:44:54 AM",Kudos,Activity,9135543916
"May 25, 2023, 12:55:45 PM",Kudos,Activity,9137457795
"May 25, 2023, 12:55:55 PM",Kudos,Activity,9137521606
"May 25, 2023, 4:06:36 PM",Kudos,Activity,9138619393
"May 25, 2023, 7:19:08 PM",Kudos,Activity,9139691180
"May 26, 2023, 1:07:51 PM",Kudos,Activity,9141447169
"May 26, 2023, 1:07:54 PM",Kudos,Activity,9141374550
"May 26, 2023, 1:07:56 PM",Kudos,Activity,9141359222
"May 26, 2023, 1:08:02 PM",Kudos,Activity,9141400580
"May 26, 2023, 1:08:09 PM",Kudos,Activity,9141401820
"May 26, 2023, 11:56:15 PM",Kudos,Activity,9146674520
"May 27, 2023, 4:47:20 PM",Kudos,Activity,9150151159
"May 28, 2023, 3:02:33 AM",Kudos,Activity,9152724804
"May 28, 2023, 3:02:37 AM",Kudos,Activity,9152786299
"May 28, 2023, 3:03:04 AM",Kudos,Activity,9152895484
"May 28, 2023, 3:03:07 AM",Kudos,Activity,9153082448
"May 28, 2023, 3:03:16 AM",Kudos,Activity,9153077724
"May 28, 2023, 3:03:23 AM",Kudos,Activity,9152577984
"May 28, 2023, 3:03:26 AM",Kudos,Activity,9151868756
"May 28, 2023, 3:03:26 AM",Kudos,Activity,9151726354
"May 28, 2023, 3:03:34 AM",Kudos,Activity,9151625635
"May 28, 2023, 3:03:45 AM",Kudos,Activity,9151702807
"May 28, 2023, 3:43:58 AM",Kudos,Activity,9150233827
"May 28, 2023, 3:44:39 AM",Kudos,Activity,9150163094
"May 28, 2023, 3:44:55 AM",Kudos,Activity,9150197471
"May 28, 2023, 3:45:07 AM",Kudos,Activity,9150354214
"May 28, 2023, 7:05:56 PM",Kudos,Activity,9158938815
"May 29, 2023, 1:05:45 PM",Kudos,Activity,9162650736
"May 29, 2023, 2:32:55 PM",Kudos,Activity,9162919171
"May 29, 2023, 3:32:12 PM",Kudos,Activity,9160423656
"May 29, 2023, 6:51:03 PM",Kudos,Activity,9160377537
"May 29, 2023, 6:51:03 PM",Kudos,Activity,9163353479
"May 29, 2023, 6:51:05 PM",Kudos,Activity,9160450238
"May 29, 2023, 6:51:06 PM",Kudos,Activity,9160443050
"May 29, 2023, 6:51:15 PM",Kudos,Activity,9163338060
"May 29, 2023, 6:51:30 PM",Kudos,Activity,9159998608
"May 29, 2023, 6:51:33 PM",Kudos,Activity,9160185530
"May 29, 2023, 6:51:38 PM",Kudos,Activity,9160062100
"May 29, 2023, 6:51:42 PM",Kudos,Activity,9160126112
"May 29, 2023, 6:51:47 PM",Kudos,Activity,9159710017
"May 29, 2023, 6:51:48 PM",Kudos,Activity,9159713363
"May 29, 2023, 6:51:50 PM",Kudos,Activity,9159400468
"May 29, 2023, 6:51:51 PM",Kudos,Activity,9159713332
"May 29, 2023, 6:52:01 PM",Kudos,Activity,9159632994
"May 29, 2023, 7:14:59 PM",Kudos,Activity,9165191547
"May 29, 2023, 7:24:00 PM",Kudos,Activity,9165267309
"May 29, 2023, 7:24:03 PM",Kudos,Activity,9165299699
"May 30, 2023, 12:33:13 AM",Kudos,Activity,9165911901
"May 30, 2023, 12:33:25 AM",Kudos,Activity,9166426285
"May 30, 2023, 12:33:25 AM",Kudos,Activity,9166421078
"May 30, 2023, 12:33:29 AM",Kudos,Activity,9166436466
"May 30, 2023, 12:33:31 AM",Kudos,Activity,9166082243
"May 30, 2023, 12:33:37 AM",Kudos,Activity,9166396572
"May 30, 2023, 12:33:38 AM",Kudos,Activity,9166414740
"May 30, 2023, 12:33:43 AM",Kudos,Activity,9166410816
"May 30, 2023, 12:33:45 AM",Kudos,Activity,9166414914
"May 30, 2023, 1:34:20 AM",Kudos,Activity,9166531378
"May 30, 2023, 1:34:21 AM",Kudos,Activity,9166551688
"May 30, 2023, 1:34:22 AM",Kudos,Activity,9166542464
"May 30, 2023, 1:34:23 AM",Kudos,Activity,9166470633
"May 30, 2023, 1:34:24 AM",Kudos,Activity,9166578257
"May 30, 2023, 3:21:21 PM",Kudos,Activity,9169395990
"May 30, 2023, 3:21:27 PM",Kudos,Activity,9169377476
"May 30, 2023, 3:21:32 PM",Kudos,Activity,9169202496
"May 30, 2023, 3:21:35 PM",Kudos,Activity,9169239300
"May 30, 2023, 3:21:37 PM",Kudos,Activity,9168229795
"May 30, 2023, 3:21:46 PM",Kudos,Activity,9168261222
"May 30, 2023, 3:21:48 PM",Kudos,Activity,9168683579
"May 30, 2023, 5:43:25 PM",Kudos,Activity,9170313931
"May 30, 2023, 5:43:31 PM",Kudos,Activity,9170376508
"May 31, 2023, 1:02:15 PM",Kudos,Activity,9172779582
"May 31, 2023, 1:02:18 PM",Kudos,Activity,9175244090
"May 31, 2023, 1:02:24 PM",Kudos,Activity,9174484362
"May 31, 2023, 1:02:38 PM",Kudos,Activity,9173313196
"May 31, 2023, 1:05:23 PM",Kudos,Activity,9174805727
"May 31, 2023, 1:05:27 PM",Kudos,Activity,9175138464
"May 31, 2023, 3:49:52 PM",Kudos,Activity,9171696967
"May 31, 2023, 11:59:31 PM",Kudos,Activity,9179094931
"May 31, 2023, 11:59:42 PM",Kudos,Activity,9179073650
"May 31, 2023, 11:59:45 PM",Kudos,Activity,9179100039
"May 31, 2023, 11:59:47 PM",Kudos,Activity,9179092430
"May 31, 2023, 11:59:50 PM",Kudos,Activity,9179076315
"May 31, 2023, 11:59:52 PM",Kudos,Activity,9179057448
"May 31, 2023, 11:59:57 PM",Kudos,Activity,9179065235
"May 31, 2023, 11:59:58 PM",Kudos,Activity,9179053981
"Jun 1, 2023, 12:52:17 AM",Kudos,Activity,9179162050
"Jun 1, 2023, 12:52:18 AM",Kudos,Activity,9179196738
"Jun 1, 2023, 1:58:18 PM",Kudos,Activity,9179382286
"Jun 1, 2023, 1:58:21 PM",Kudos,Activity,9179286896
"Jun 1, 2023, 1:58:37 PM",Kudos,Activity,9179397531
"Jun 3, 2023, 3:28:04 PM",Kudos,Activity,9194371428
"Jun 3, 2023, 3:28:31 PM",Kudos,Activity,9194344753
"Jun 3, 2023, 3:28:32 PM",Kudos,Activity,9194134989
"Jun 3, 2023, 3:28:33 PM",Kudos,Activity,9194287810
"Jun 3, 2023, 3:28:35 PM",Kudos,Activity,9194008567
"Jun 3, 2023, 3:28:51 PM",Kudos,Activity,9194119330
"Jun 3, 2023, 3:28:56 PM",Kudos,Activity,9194756290
"Jun 3, 2023, 3:29:00 PM",Kudos,Activity,9193672022
"Jun 3, 2023, 3:29:10 PM",Kudos,Activity,9195077200
"Jun 3, 2023, 3:29:18 PM",Kudos,Activity,9194057812
"Jun 3, 2023, 3:29:32 PM",Kudos,Activity,9194096785
"Jun 3, 2023, 3:29:35 PM",Kudos,Activity,9194450750
"Jun 3, 2023, 3:29:39 PM",Kudos,Activity,9193434431
"Jun 3, 2023, 3:29:44 PM",Kudos,Activity,9191546580
"Jun 3, 2023, 3:29:48 PM",Kudos,Activity,9193689068
"Jun 3, 2023, 9:46:38 PM",Kudos,Activity,9195329450
"Jun 3, 2023, 9:46:40 PM",Kudos,Activity,9195244229
"Jun 3, 2023, 9:46:46 PM",Kudos,Activity,9195572258
"Jun 3, 2023, 10:20:51 PM",Kudos,Activity,9197249852
"Jun 3, 2023, 11:08:54 PM",Kudos,Activity,9197305606
"Jun 4, 2023, 12:11:45 AM",Kudos,Activity,9197571185
"Jun 4, 2023, 4:14:00 PM",Kudos,Activity,9201788357
"Jun 4, 2023, 4:21:34 PM",Kudos,Activity,9195005231
"Jun 4, 2023, 5:20:38 PM",Kudos,Activity,9202671476
"Jun 4, 2023, 5:20:49 PM",Kudos,Activity,9202601936
"Jun 4, 2023, 5:20:58 PM",Kudos,Activity,9202672745
"Jun 4, 2023, 5:21:11 PM",Kudos,Activity,9202601999
"Jun 4, 2023, 5:21:26 PM",Kudos,Activity,9202668358
"Jun 4, 2023, 5:22:00 PM",Kudos,Activity,9202601852
"Jun 5, 2023, 1:39:02 AM",Kudos,Activity,9204419925
"Jun 5, 2023, 1:39:14 AM",Kudos,Activity,9204419919
"Jun 5, 2023, 1:39:17 AM",Kudos,Activity,9204550065
"Jun 5, 2023, 1:39:21 AM",Kudos,Activity,9204550091
"Jun 5, 2023, 1:39:47 AM",Kudos,Activity,9204550084
"Jun 5, 2023, 2:56:10 AM",Kudos,Activity,9204884160
"Jun 6, 2023, 1:07:49 AM",Kudos,Activity,9210512492
"Jun 6, 2023, 1:08:10 AM",Kudos,Activity,9210666390
"Jun 6, 2023, 1:08:27 AM",Kudos,Activity,9210630567
"Jun 6, 2023, 1:08:43 AM",Kudos,Activity,9210187445
"Jun 6, 2023, 1:09:32 AM",Kudos,Activity,9210526856
"Jun 6, 2023, 1:09:35 AM",Kudos,Activity,9210568310
"Jun 6, 2023, 1:09:36 AM",Kudos,Activity,9210519098
"Jun 6, 2023, 1:09:38 AM",Kudos,Activity,9210540650
"Jun 6, 2023, 1:09:41 AM",Kudos,Activity,9210506857
"Jun 6, 2023, 1:09:42 AM",Kudos,Activity,9210514147
"Jun 6, 2023, 1:09:45 AM",Kudos,Activity,9210630898
"Jun 6, 2023, 1:09:54 AM",Kudos,Activity,9210556790
"Jun 6, 2023, 1:09:58 AM",Kudos,Activity,9210543477
"Jun 6, 2023, 1:09:59 AM",Kudos,Activity,9210627861
"Jun 6, 2023, 1:10:01 AM",Kudos,Activity,9210537206
"Jun 6, 2023, 1:10:04 AM",Kudos,Activity,9210512959
"Jun 6, 2023, 1:10:08 AM",Kudos,Activity,9210510197
"Jun 6, 2023, 1:10:18 AM",Kudos,Activity,9210507828
"Jun 6, 2023, 1:10:24 AM",Kudos,Activity,9210512966
"Jun 6, 2023, 1:10:33 AM",Kudos,Activity,9208701921
"Jun 6, 2023, 1:10:41 AM",Kudos,Activity,9204491311
"Jun 6, 2023, 1:34:57 AM",Kudos,Activity,9210710837
"Jun 6, 2023, 1:35:01 AM",Kudos,Activity,9210729644
"Jun 6, 2023, 1:35:03 AM",Kudos,Activity,9210708501
"Jun 6, 2023, 1:35:08 AM",Kudos,Activity,9210729735
"Jun 6, 2023, 1:46:19 AM",Kudos,Activity,9210801928
"Jun 6, 2023, 2:40:50 AM",Kudos,Activity,9210909563
"Jun 6, 2023, 2:41:19 AM",Kudos,Activity,9210908242
"Jun 6, 2023, 2:45:51 AM",Kudos,Activity,9210950324
"Jun 6, 2023, 3:28:26 AM",Kudos,Activity,9211008680
"Jun 6, 2023, 11:59:58 AM",Kudos,Activity,9212921058
"Jun 6, 2023, 12:00:28 PM",Kudos,Activity,9212889730
"Jun 6, 2023, 5:07:30 PM",Kudos,Activity,9213687871
"Jun 6, 2023, 5:07:37 PM",Kudos,Activity,9213805947
"Jun 6, 2023, 5:07:43 PM",Kudos,Activity,9213572781
"Jun 6, 2023, 7:53:12 PM",Kudos,Activity,9213815430
"Jun 6, 2023, 8:58:49 PM",Kudos,Activity,9216030251
"Jun 8, 2023, 12:53:16 AM",Kudos,Activity,9223458058
"Jun 8, 2023, 12:53:24 AM",Kudos,Activity,9217326099
"Jun 8, 2023, 12:53:36 AM",Kudos,Activity,9219046356
"Jun 8, 2023, 12:54:11 AM",Kudos,Activity,9223509096
"Jun 8, 2023, 12:54:14 AM",Kudos,Activity,9223444540
"Jun 8, 2023, 12:54:23 AM",Kudos,Activity,9223435388
"Jun 8, 2023, 12:54:28 AM",Kudos,Activity,9223492085
"Jun 8, 2023, 12:54:48 AM",Kudos,Activity,9222897742
"Jun 8, 2023, 12:54:51 AM",Kudos,Activity,9223390460
"Jun 8, 2023, 12:55:03 AM",Kudos,Activity,9223327885
"Jun 8, 2023, 12:55:18 AM",Kudos,Activity,9223551343
"Jun 8, 2023, 12:55:25 AM",Kudos,Activity,9223548263
"Jun 8, 2023, 1:16:27 AM",Kudos,Activity,9219136973
"Jun 8, 2023, 1:16:30 AM",Kudos,Activity,9223447202
"Jun 8, 2023, 2:26:35 AM",Kudos,Activity,9223780336
"Jun 8, 2023, 3:31:13 AM",Kudos,Post,24488239
"Jun 8, 2023, 12:50:39 PM",Kudos,Activity,9226057920
"Jun 8, 2023, 3:24:39 PM",Kudos,Activity,9226617648
"Jun 8, 2023, 5:21:23 PM",Kudos,Activity,9227092568
"Jun 8, 2023, 8:46:19 PM",Kudos,Activity,9228874320
"Jun 8, 2023, 10:31:12 PM",Kudos,Activity,9229411937
"Jun 8, 2023, 10:43:19 PM",Kudos,Activity,9229447009
"Jun 8, 2023, 11:11:19 PM",Kudos,Activity,9229513299
"Jun 8, 2023, 11:11:22 PM",Kudos,Activity,9223155750
"Jun 8, 2023, 11:49:29 PM",Kudos,Activity,9229686733
"Jun 8, 2023, 11:59:16 PM",Kudos,Activity,9229700285
"Jun 9, 2023, 1:42:23 AM",Kudos,Activity,9229780363
"Jun 9, 2023, 1:42:27 AM",Kudos,Activity,9229776829
"Jun 9, 2023, 1:42:30 AM",Kudos,Activity,9229875403
"Jun 9, 2023, 1:42:54 AM",Kudos,Activity,9229843309
"Jun 9, 2023, 11:58:47 AM",Kudos,Activity,9231858460
"Jun 9, 2023, 1:38:34 PM",Kudos,Activity,9232118203
"Jun 9, 2023, 1:40:38 PM",Kudos,Activity,9232155804
"Jun 9, 2023, 1:40:42 PM",Kudos,Activity,9232330969
"Jun 9, 2023, 1:40:44 PM",Kudos,Activity,9232179666
"Jun 9, 2023, 1:40:48 PM",Kudos,Activity,9232338356
"Jun 9, 2023, 1:40:51 PM",Kudos,Activity,9232330471
"Jun 9, 2023, 1:40:53 PM",Kudos,Activity,9232113866
"Jun 9, 2023, 1:40:55 PM",Kudos,Activity,9232417313
"Jun 9, 2023, 1:40:58 PM",Kudos,Activity,9232101523
"Jun 9, 2023, 1:41:04 PM",Kudos,Activity,9232253960
"Jun 9, 2023, 1:41:06 PM",Kudos,Activity,9232308685
"Jun 9, 2023, 1:41:09 PM",Kudos,Activity,9232332018
"Jun 9, 2023, 2:44:51 PM",Kudos,Activity,9232546852
"Jun 9, 2023, 3:59:05 PM",Kudos,Activity,9233148545
"Jun 9, 2023, 3:59:11 PM",Kudos,Activity,9233148362
"Jun 9, 2023, 4:46:17 PM",Kudos,Activity,9233554357
"Jun 9, 2023, 8:24:56 PM",Kudos,Activity,9233838365
"Jun 9, 2023, 8:24:59 PM",Kudos,Activity,9233740768
"Jun 10, 2023, 3:15:59 PM",Kudos,Activity,9239273563
"Jun 10, 2023, 3:16:36 PM",Kudos,Activity,9238983296
"Jun 10, 2023, 3:16:48 PM",Kudos,Activity,9238878970
"Jun 10, 2023, 3:16:52 PM",Kudos,Activity,9238877240
"Jun 10, 2023, 3:16:54 PM",Kudos,Activity,9238760326
"Jun 10, 2023, 3:16:54 PM",Kudos,Activity,9238827169
"Jun 10, 2023, 3:17:01 PM",Kudos,Activity,9238984548
"Jun 10, 2023, 3:17:13 PM",Kudos,Activity,9239156081
"Jun 10, 2023, 3:17:17 PM",Kudos,Activity,9238731968
"Jun 10, 2023, 3:17:18 PM",Kudos,Activity,9238914975
"Jun 10, 2023, 4:13:25 PM",Kudos,Activity,9239951495
"Jun 10, 2023, 6:16:43 PM",Kudos,Activity,9240079047
"Jun 10, 2023, 6:19:34 PM",Kudos,Activity,9240753755
"Jun 10, 2023, 7:45:06 PM",Kudos,Activity,9241145251
"Jun 11, 2023, 3:33:15 AM",Kudos,Activity,9241520834
"Jun 11, 2023, 3:03:14 PM",Kudos,Activity,9245352375
"Jun 11, 2023, 3:03:28 PM",Kudos,Activity,9245955198
"Jun 11, 2023, 4:18:06 PM",Kudos,Activity,9246728415
"Jun 11, 2023, 4:41:46 PM",Kudos,Activity,9246773591
"Jun 11, 2023, 4:42:04 PM",Kudos,Activity,9246723820
"Jun 11, 2023, 9:14:58 PM",Kudos,Activity,9248021812
"Jun 12, 2023, 1:14:52 PM",Kudos,Activity,9251017080
"Jun 12, 2023, 1:14:58 PM",Kudos,Activity,9249157545
"Jun 12, 2023, 1:15:04 PM",Kudos,Activity,9249248688
"Jun 12, 2023, 1:15:21 PM",Kudos,Activity,9248465997
"Jun 12, 2023, 1:15:29 PM",Kudos,Activity,9248434078
"Jun 12, 2023, 1:15:59 PM",Kudos,Activity,9248011693
"Jun 12, 2023, 6:02:05 PM",Kudos,Activity,9252682888
"Jun 13, 2023, 3:24:10 AM",Kudos,Activity,9255018348
"Jun 13, 2023, 3:36:59 AM",Kudos,Activity,9254620615
"Jun 13, 2023, 3:37:37 AM",Kudos,Activity,9255006324
"Jun 13, 2023, 3:37:40 AM",Kudos,Activity,9254612190
"Jun 13, 2023, 3:37:42 AM",Kudos,Activity,9254954905
"Jun 13, 2023, 3:37:45 AM",Kudos,Activity,9254614222
"Jun 13, 2023, 3:37:46 AM",Kudos,Activity,9254877064
"Jun 13, 2023, 3:37:47 AM",Kudos,Activity,9254641119
"Jun 13, 2023, 3:37:49 AM",Kudos,Activity,9254582805
"Jun 13, 2023, 3:37:50 AM",Kudos,Activity,9254566952
"Jun 13, 2023, 3:37:52 AM",Kudos,Activity,9254652838
"Jun 13, 2023, 3:37:53 AM",Kudos,Activity,9254772426
"Jun 13, 2023, 3:37:55 AM",Kudos,Activity,9254627126
"Jun 13, 2023, 3:37:56 AM",Kudos,Activity,9254558677
"Jun 13, 2023, 3:37:57 AM",Kudos,Activity,9254557452
"Jun 13, 2023, 3:37:59 AM",Kudos,Activity,9254696088
"Jun 13, 2023, 3:38:01 AM",Kudos,Activity,9254574184
"Jun 13, 2023, 3:38:21 AM",Kudos,Activity,9254689171
"Jun 13, 2023, 3:38:22 AM",Kudos,Activity,9254639237
"Jun 13, 2023, 3:38:23 AM",Kudos,Activity,9254621627
"Jun 13, 2023, 3:38:27 AM",Kudos,Activity,9254783653
"Jun 13, 2023, 3:38:31 AM",Kudos,Activity,9254837566
"Jun 13, 2023, 3:38:32 AM",Kudos,Activity,9254864876
"Jun 13, 2023, 3:38:38 AM",Kudos,Activity,9254826711
"Jun 13, 2023, 3:38:40 AM",Kudos,Activity,9255006289
"Jun 13, 2023, 3:38:49 AM",Kudos,Activity,9254640892
"Jun 13, 2023, 3:38:51 AM",Kudos,Activity,9254647905
"Jun 13, 2023, 3:38:57 AM",Kudos,Activity,9254640901
"Jun 13, 2023, 3:39:01 AM",Kudos,Activity,9254610482
"Jun 13, 2023, 3:39:02 AM",Kudos,Activity,9254529945
"Jun 13, 2023, 3:39:03 AM",Kudos,Activity,9254548015
"Jun 13, 2023, 3:39:13 AM",Kudos,Activity,9254611194
"Jun 13, 2023, 3:39:24 AM",Kudos,Activity,9254589882
"Jun 13, 2023, 3:42:21 AM",Kudos,Activity,9254549648
"Jun 13, 2023, 3:42:24 AM",Kudos,Activity,9254504185
"Jun 13, 2023, 3:42:27 AM",Kudos,Activity,9254555785
"Jun 13, 2023, 3:42:32 AM",Kudos,Activity,9254551848
"Jun 13, 2023, 12:49:53 PM",Kudos,Activity,9255435116
"Jun 13, 2023, 12:49:57 PM",Kudos,Activity,9257098205
"Jun 13, 2023, 12:50:00 PM",Kudos,Activity,9257124652
"Jun 13, 2023, 3:01:45 PM",Kudos,Activity,9257816488
"Jun 13, 2023, 3:02:00 PM",Kudos,Activity,9257838031
"Jun 13, 2023, 3:02:04 PM",Kudos,Activity,9257819440
"Jun 13, 2023, 3:42:46 PM",Kudos,Activity,9258004781
"Jun 13, 2023, 5:39:42 PM",Kudos,Activity,9254937078
"Jun 13, 2023, 6:30:04 PM",Kudos,Activity,9259397283
"Jun 14, 2023, 1:43:37 AM",Kudos,Activity,9261050535
"Jun 14, 2023, 1:43:38 AM",Kudos,Activity,9261056520
"Jun 14, 2023, 1:47:10 AM",Kudos,Activity,9261332177
"Jun 14, 2023, 1:47:16 AM",Kudos,Activity,9260794293
"Jun 14, 2023, 1:47:22 AM",Kudos,Activity,9261310120
"Jun 14, 2023, 1:47:33 AM",Kudos,Activity,9261231720
"Jun 14, 2023, 1:47:39 AM",Kudos,Activity,9260845809
"Jun 14, 2023, 1:47:50 AM",Kudos,Activity,9260683246
"Jun 14, 2023, 1:47:53 AM",Kudos,Activity,9260721501
"Jun 14, 2023, 1:47:58 AM",Kudos,Activity,9261097920
"Jun 14, 2023, 1:48:00 AM",Kudos,Activity,9261274207
"Jun 14, 2023, 2:13:31 AM",Kudos,Activity,9261065602
"Jun 14, 2023, 2:13:33 AM",Kudos,Activity,9261091671
"Jun 14, 2023, 2:13:37 AM",Kudos,Activity,9261094275
"Jun 14, 2023, 2:15:32 AM",Kudos,Activity,9261475011
"Jun 14, 2023, 2:26:01 AM",Kudos,Activity,9260420638
"Jun 14, 2023, 3:02:19 PM",Kudos,Activity,9263864278
"Jun 14, 2023, 3:02:23 PM",Kudos,Activity,9264331134
"Jun 14, 2023, 3:02:47 PM",Kudos,Activity,9263456188
"Jun 14, 2023, 3:02:49 PM",Kudos,Activity,9263808894
"Jun 14, 2023, 3:02:52 PM",Kudos,Activity,9263622842
"Jun 14, 2023, 3:03:02 PM",Kudos,Activity,9262987214
"Jun 14, 2023, 3:03:05 PM",Kudos,Activity,9262989014
"Jun 14, 2023, 3:03:08 PM",Kudos,Activity,9262987919
"Jun 15, 2023, 1:01:32 PM",Kudos,Activity,9270073759
"Jun 15, 2023, 1:01:43 PM",Kudos,Activity,9270062760
"Jun 15, 2023, 1:01:46 PM",Kudos,Activity,9269573607
"Jun 15, 2023, 1:01:48 PM",Kudos,Activity,9269492713
"Jun 15, 2023, 1:01:49 PM",Kudos,Activity,9270116696
"Jun 15, 2023, 1:01:56 PM",Kudos,Activity,9269792377
"Jun 15, 2023, 1:02:01 PM",Kudos,Activity,9268130642
"Jun 15, 2023, 1:02:04 PM",Kudos,Activity,9267568923
"Jun 15, 2023, 1:02:25 PM",Kudos,Activity,9267441420
"Jun 15, 2023, 1:02:27 PM",Kudos,Activity,9267416430
"Jun 15, 2023, 1:02:37 PM",Kudos,Activity,9267440540
"Jun 15, 2023, 1:02:39 PM",Kudos,Activity,9267634767
"Jun 15, 2023, 1:02:43 PM",Kudos,Activity,9267536296
"Jun 15, 2023, 1:02:44 PM",Kudos,Activity,9267533737
"Jun 15, 2023, 1:02:47 PM",Kudos,Activity,9267468970
"Jun 15, 2023, 1:02:55 PM",Kudos,Activity,9267444400
"Jun 15, 2023, 1:03:02 PM",Kudos,Activity,9267458575
"Jun 15, 2023, 1:05:11 PM",Kudos,Activity,9267164427
"Jun 15, 2023, 1:05:16 PM",Kudos,Activity,9267527151
"Jun 15, 2023, 1:05:19 PM",Kudos,Activity,9267096982
"Jun 15, 2023, 1:05:52 PM",Kudos,Activity,9264831463
"Jun 15, 2023, 2:04:16 PM",Kudos,Activity,9270360800
"Jun 15, 2023, 2:04:25 PM",Kudos,Activity,9270043035
"Jun 15, 2023, 2:04:27 PM",Kudos,Activity,9270237978
"Jun 15, 2023, 6:47:26 PM",Kudos,Activity,9271532046
"Jun 15, 2023, 10:38:34 PM",Kudos,Activity,9273191067
"Jun 15, 2023, 10:38:41 PM",Kudos,Activity,9273180822
"Jun 16, 2023, 5:05:57 PM",Kudos,Activity,9276069496
"Jun 16, 2023, 5:06:00 PM",Kudos,Activity,9276267936
"Jun 16, 2023, 5:06:04 PM",Kudos,Activity,9275992860
"Jun 16, 2023, 5:06:05 PM",Kudos,Activity,9276108333
"Jun 16, 2023, 5:06:11 PM",Kudos,Activity,9276451137
"Jun 16, 2023, 5:06:15 PM",Kudos,Activity,9276779484
"Jun 16, 2023, 5:06:16 PM",Kudos,Activity,9276064853
"Jun 16, 2023, 5:06:17 PM",Kudos,Activity,9276234925
"Jun 16, 2023, 5:06:20 PM",Kudos,Activity,9276762311
"Jun 16, 2023, 5:06:22 PM",Kudos,Activity,9275153530
"Jun 16, 2023, 5:06:28 PM",Kudos,Activity,9276425581
"Jun 16, 2023, 5:06:40 PM",Kudos,Activity,9273650114
"Jun 16, 2023, 5:06:42 PM",Kudos,Activity,9273729477
"Jun 16, 2023, 5:06:53 PM",Kudos,Activity,9273629124
"Jun 16, 2023, 5:06:58 PM",Kudos,Activity,9273651908
"Jun 16, 2023, 5:07:01 PM",Kudos,Activity,9273787068
"Jun 16, 2023, 5:07:03 PM",Kudos,Activity,9274014376
"Jun 16, 2023, 5:07:06 PM",Kudos,Activity,9273703288
"Jun 16, 2023, 5:07:08 PM",Kudos,Activity,9273661506
"Jun 16, 2023, 5:07:09 PM",Kudos,Activity,9273674394
"Jun 16, 2023, 5:07:12 PM",Kudos,Activity,9274075846
"Jun 16, 2023, 5:07:15 PM",Kudos,Activity,9273440850
"Jun 16, 2023, 10:01:05 PM",Kudos,Activity,9278648679
"Jun 16, 2023, 10:55:05 PM",Kudos,Activity,9278904543
"Jun 16, 2023, 11:46:17 PM",Kudos,Activity,9279080975
"Jun 16, 2023, 11:46:21 PM",Kudos,Activity,9279079340
"Jun 17, 2023, 12:05:43 AM",Kudos,Activity,9279132075
"Jun 17, 2023, 12:05:44 AM",Kudos,Activity,9278600015
"Jun 17, 2023, 12:17:20 AM",Kudos,Activity,9279168633
"Jun 17, 2023, 3:05:55 AM",Kudos,Activity,9279506343
"Jun 17, 2023, 4:06:18 AM",Kudos,Activity,9279705883
"Jun 17, 2023, 4:06:20 AM",Kudos,Activity,9279699942
"Jun 17, 2023, 2:30:48 PM",Kudos,Activity,9282791685
"Jun 17, 2023, 4:01:21 PM",Kudos,Activity,9283445252
"Jun 17, 2023, 4:01:37 PM",Kudos,Activity,9283075691
"Jun 17, 2023, 4:01:45 PM",Kudos,Activity,9283227466
"Jun 17, 2023, 4:01:47 PM",Kudos,Activity,9283098131
"Jun 17, 2023, 4:02:02 PM",Kudos,Activity,9282679326
"Jun 17, 2023, 4:02:09 PM",Kudos,Activity,9282617482
"Jun 17, 2023, 4:02:28 PM",Kudos,Activity,9282391800
"Jun 17, 2023, 4:02:30 PM",Kudos,Activity,9282857521
"Jun 17, 2023, 4:02:31 PM",Kudos,Activity,9282197558
"Jun 17, 2023, 4:02:36 PM",Kudos,Activity,9282099903
"Jun 17, 2023, 4:02:36 PM",Kudos,Activity,9267536939
"Jun 17, 2023, 4:02:40 PM",Kudos,Activity,9282441302
"Jun 17, 2023, 4:02:47 PM",Kudos,Activity,9282435905
"Jun 17, 2023, 4:02:49 PM",Kudos,Activity,9282515702
"Jun 17, 2023, 4:03:01 PM",Kudos,Activity,9282419681
"Jun 17, 2023, 4:03:07 PM",Kudos,Activity,9282048040
"Jun 17, 2023, 6:43:11 PM",Kudos,Activity,9284141929
"Jun 17, 2023, 6:43:12 PM",Kudos,Activity,9284256564
"Jun 17, 2023, 6:43:20 PM",Kudos,Activity,9283874991
"Jun 17, 2023, 6:43:31 PM",Kudos,Activity,9283759074
"Jun 17, 2023, 6:43:36 PM",Kudos,Activity,9283484163
"Jun 18, 2023, 2:21:42 AM",Kudos,Activity,9285029435
"Jun 18, 2023, 2:21:45 AM",Kudos,Activity,9285481998
"Jun 18, 2023, 2:21:53 AM",Kudos,Activity,9283495437
"Jun 18, 2023, 2:22:07 AM",Kudos,Activity,9284952264
"Jun 18, 2023, 8:13:35 PM",Kudos,Activity,9290780018
"Jun 18, 2023, 8:13:37 PM",Kudos,Activity,9291005013
"Jun 18, 2023, 8:13:41 PM",Kudos,Activity,9291041732
"Jun 18, 2023, 8:13:54 PM",Kudos,Activity,9290633654
"Jun 18, 2023, 8:13:57 PM",Kudos,Activity,9291277587
"Jun 18, 2023, 8:14:01 PM",Kudos,Activity,9290725094
"Jun 18, 2023, 8:14:05 PM",Kudos,Activity,9290681909
"Jun 18, 2023, 8:14:06 PM",Kudos,Activity,9290630225
"Jun 18, 2023, 8:14:09 PM",Kudos,Activity,9290647231
"Jun 18, 2023, 8:14:26 PM",Kudos,Activity,9291130397
"Jun 18, 2023, 8:14:31 PM",Kudos,Activity,9289258304
"Jun 18, 2023, 8:14:33 PM",Kudos,Activity,9289840047
"Jun 18, 2023, 8:14:37 PM",Kudos,Activity,9289916687
"Jun 18, 2023, 8:14:43 PM",Kudos,Activity,9289628873
"Jun 18, 2023, 10:28:20 PM",Kudos,Activity,9291916505
"Jun 18, 2023, 10:28:33 PM",Kudos,Activity,9291536959
"Jun 18, 2023, 10:28:37 PM",Kudos,Activity,9291618851
"Jun 19, 2023, 1:28:55 PM",Kudos,Activity,9294140019
"Jun 19, 2023, 1:28:59 PM",Kudos,Activity,9294001681
"Jun 19, 2023, 1:29:03 PM",Kudos,Activity,9292317787
"Jun 19, 2023, 1:29:14 PM",Kudos,Activity,9289494509
"Jun 19, 2023, 1:29:17 PM",Kudos,Activity,9291965289
"Jun 19, 2023, 3:15:37 PM",Kudos,Activity,9295030987
"Jun 19, 2023, 3:15:38 PM",Kudos,Activity,9295033957
"Jun 19, 2023, 3:16:00 PM",Kudos,Activity,9294822485
"Jun 19, 2023, 10:42:29 PM",Kudos,Activity,9297220850
"Jun 19, 2023, 11:21:32 PM",Kudos,Activity,9297848714
"Jun 19, 2023, 11:21:35 PM",Kudos,Activity,9297838283
"Jun 19, 2023, 11:21:44 PM",Kudos,Activity,9297832624
"Jun 19, 2023, 11:21:47 PM",Kudos,Activity,9297809193
"Jun 20, 2023, 1:11:02 AM",Kudos,Activity,9298106886
"Jun 20, 2023, 1:11:05 AM",Kudos,Activity,9298172171
"Jun 20, 2023, 1:11:10 AM",Kudos,Activity,9298237412
"Jun 20, 2023, 1:11:17 AM",Kudos,Activity,9298173002
"Jun 20, 2023, 1:11:19 AM",Kudos,Activity,9298183114
"Jun 20, 2023, 1:11:41 AM",Kudos,Activity,9298183210
"Jun 20, 2023, 1:11:43 AM",Kudos,Activity,9298147963
"Jun 20, 2023, 1:11:52 AM",Kudos,Activity,9298122133
"Jun 20, 2023, 1:11:58 AM",Kudos,Activity,9298054026
"Jun 20, 2023, 1:11:59 AM",Kudos,Activity,9298167688
"Jun 20, 2023, 1:12:05 AM",Kudos,Activity,9298116619
"Jun 20, 2023, 1:45:31 AM",Kudos,Activity,9298355076
"Jun 20, 2023, 1:45:57 AM",Kudos,Activity,9298359031
"Jun 20, 2023, 1:46:07 AM",Kudos,Activity,9298397509
"Jun 20, 2023, 1:46:15 AM",Kudos,Activity,9298366228
"Jun 20, 2023, 1:57:09 AM",Kudos,Activity,9298426657
"Jun 20, 2023, 1:57:16 AM",Kudos,Activity,9298440129
"Jun 20, 2023, 1:57:23 AM",Kudos,Activity,9298425741
"Jun 20, 2023, 2:47:40 AM",Kudos,Activity,9298557469
"Jun 20, 2023, 2:06:29 PM",Kudos,Activity,9300611646
"Jun 20, 2023, 2:06:42 PM",Kudos,Activity,9300358282
"Jun 20, 2023, 2:06:45 PM",Kudos,Activity,9300074169
"Jun 20, 2023, 2:06:47 PM",Kudos,Activity,9300381600
"Jun 20, 2023, 2:06:51 PM",Kudos,Activity,9300514894
"Jun 20, 2023, 2:06:59 PM",Kudos,Activity,9300494901
"Jun 20, 2023, 2:07:05 PM",Kudos,Activity,9300516138
"Jun 20, 2023, 2:07:16 PM",Kudos,Activity,9300358342
"Jun 20, 2023, 11:14:01 PM",Kudos,Activity,9304101302
"Jun 20, 2023, 11:14:44 PM",Kudos,Activity,9301514153
"Jun 21, 2023, 11:49:08 PM",Kudos,Activity,9310804054
"Jun 21, 2023, 11:49:12 PM",Kudos,Activity,9307779351
"Jun 21, 2023, 11:49:24 PM",Kudos,Activity,9307781352
"Jun 21, 2023, 11:49:28 PM",Kudos,Activity,9306646695
"Jun 21, 2023, 11:49:31 PM",Kudos,Activity,9306678201
"Jun 21, 2023, 11:49:39 PM",Kudos,Activity,9307061388
"Jun 23, 2023, 2:10:09 PM",Kudos,Activity,9319340223
"Jun 23, 2023, 2:10:12 PM",Kudos,Activity,9319265862
"Jun 23, 2023, 2:10:15 PM",Kudos,Activity,9318434656
"Jun 23, 2023, 2:10:24 PM",Kudos,Activity,9319119340
"Jun 23, 2023, 2:10:37 PM",Kudos,Activity,9319169870
"Jun 23, 2023, 2:10:39 PM",Kudos,Activity,9318930871
"Jun 23, 2023, 2:10:45 PM",Kudos,Activity,9319191727
"Jun 23, 2023, 2:10:58 PM",Kudos,Activity,9316773613
"Jun 23, 2023, 2:11:01 PM",Kudos,Activity,9316810864
"Jun 23, 2023, 2:11:07 PM",Kudos,Activity,9316904949
"Jun 23, 2023, 2:11:42 PM",Kudos,Activity,9316910910
"Jun 23, 2023, 2:11:51 PM",Kudos,Activity,9316359953
"Jun 26, 2023, 12:12:46 AM",Kudos,Activity,9334674751
"Jun 26, 2023, 12:12:51 AM",Kudos,Activity,9334674728
"Jun 26, 2023, 12:13:00 AM",Kudos,Activity,9326392055
"Jun 26, 2023, 12:13:01 AM",Kudos,Activity,9334948547
"Jun 26, 2023, 12:13:02 AM",Kudos,Activity,9329655114
"Jun 26, 2023, 12:13:03 AM",Kudos,Activity,9325910781
"Jun 26, 2023, 12:13:35 AM",Kudos,Activity,9325898932
"Jun 26, 2023, 1:45:01 AM",Kudos,Activity,9335336397
"Jun 26, 2023, 1:45:04 AM",Kudos,Activity,9335392635
"Jun 26, 2023, 1:59:41 PM",Kudos,Activity,9337318355
"Jun 26, 2023, 1:59:49 PM",Kudos,Activity,9337315004
"Jun 26, 2023, 1:59:51 PM",Kudos,Activity,9337642138
"Jun 26, 2023, 1:59:59 PM",Kudos,Activity,9335689986
"Jun 26, 2023, 2:00:04 PM",Kudos,Activity,9335871950
"Jun 26, 2023, 2:00:10 PM",Kudos,Activity,9335691499
"Jun 26, 2023, 5:22:12 PM",Kudos,Activity,9338925642
"Jun 26, 2023, 5:22:22 PM",Kudos,Activity,9337946095
"Jun 26, 2023, 5:22:40 PM",Kudos,Activity,9338227887
"Jun 26, 2023, 5:22:56 PM",Kudos,Post,24692202
"Jun 27, 2023, 1:22:08 AM",Kudos,Activity,9341117290
"Jun 27, 2023, 1:22:19 AM",Kudos,Activity,9341134025
"Jun 27, 2023, 1:22:42 AM",Kudos,Activity,9340810161
"Jun 27, 2023, 1:22:53 AM",Kudos,Activity,9340992632
"Jun 27, 2023, 2:25:57 AM",Kudos,Activity,9341028921
"Jun 27, 2023, 2:25:59 AM",Kudos,Activity,9341089699
"Jun 27, 2023, 2:26:00 AM",Kudos,Activity,9341318847
"Jun 27, 2023, 2:26:02 AM",Kudos,Activity,9340980886
"Jun 27, 2023, 2:26:08 AM",Kudos,Activity,9340971406
"Jun 27, 2023, 2:26:12 AM",Kudos,Activity,9340972729
"Jun 27, 2023, 2:26:14 AM",Kudos,Activity,9341208138
"Jun 27, 2023, 2:26:17 AM",Kudos,Activity,9341205901
"Jun 27, 2023, 2:26:24 AM",Kudos,Activity,9341007412
"Jun 27, 2023, 2:26:29 AM",Kudos,Activity,9341021878
"Jun 27, 2023, 2:26:32 AM",Kudos,Activity,9341035324
"Jun 27, 2023, 2:26:36 AM",Kudos,Activity,9341130507
"Jun 27, 2023, 2:26:49 AM",Kudos,Activity,9341041438
"Jun 27, 2023, 2:26:53 AM",Kudos,Activity,9340994311
"Jun 27, 2023, 2:26:57 AM",Kudos,Activity,9340987754
"Jun 27, 2023, 2:27:01 AM",Kudos,Activity,9341118894
"Jun 27, 2023, 2:27:05 AM",Kudos,Activity,9340993854
"Jun 27, 2023, 2:27:12 AM",Kudos,Activity,9341006713
"Jun 27, 2023, 2:48:43 AM",Kudos,Activity,9341306876
"Jun 27, 2023, 3:38:24 AM",Kudos,Activity,9341199455
"Jun 27, 2023, 1:16:31 PM",Kudos,Activity,9341631258
"Jun 27, 2023, 1:16:36 PM",Kudos,Activity,9342989147
"Jun 27, 2023, 1:16:36 PM",Kudos,Activity,9343009067
"Jun 27, 2023, 1:16:40 PM",Kudos,Activity,9343393656
"Jun 27, 2023, 1:59:53 PM",Kudos,Activity,9343976681
"Jun 27, 2023, 5:52:00 PM",Kudos,Activity,9345460801
"Jun 27, 2023, 5:52:07 PM",Kudos,Activity,9344737221
"Jun 27, 2023, 5:52:11 PM",Kudos,Activity,9344987485
"Jun 27, 2023, 5:52:18 PM",Kudos,Activity,9344548407
"Jun 27, 2023, 5:52:23 PM",Kudos,Activity,9344891416
"Jun 28, 2023, 1:56:02 AM",Kudos,Activity,9347522646
"Jun 28, 2023, 1:56:16 AM",Kudos,Activity,9347651459
"Jun 28, 2023, 1:56:31 AM",Kudos,Activity,9347650606
"Jun 28, 2023, 1:56:38 AM",Kudos,Activity,9347341278
"Jun 28, 2023, 1:57:13 AM",Kudos,Activity,9346863976
"Jun 28, 2023, 1:57:42 AM",Kudos,Activity,9347258963
"Jun 29, 2023, 2:41:44 PM",Kudos,Activity,9354151036
"Jun 29, 2023, 2:41:47 PM",Kudos,Activity,9354160738
"Jun 29, 2023, 2:41:59 PM",Kudos,Activity,9354448015
"Jun 29, 2023, 2:42:03 PM",Kudos,Activity,9356058862
"Jun 29, 2023, 2:42:07 PM",Kudos,Activity,9356502839
"Jun 29, 2023, 2:42:14 PM",Kudos,Activity,9355685578
"Jun 29, 2023, 2:42:18 PM",Kudos,Activity,9356120995
"Jun 29, 2023, 2:42:22 PM",Kudos,Activity,9352969807
"Jun 29, 2023, 2:42:26 PM",Kudos,Activity,9353204938
"Jun 29, 2023, 2:42:30 PM",Kudos,Activity,9353536207
"Jun 29, 2023, 2:42:34 PM",Kudos,Activity,9353995576
"Jun 29, 2023, 2:42:42 PM",Kudos,Activity,9352968907
"Jun 29, 2023, 2:42:45 PM",Kudos,Activity,9353847830
"Jun 29, 2023, 2:42:51 PM",Kudos,Activity,9353726775
"Jun 29, 2023, 2:42:55 PM",Kudos,Activity,9353877525
"Jun 29, 2023, 2:42:57 PM",Kudos,Activity,9353535177
"Jun 29, 2023, 2:43:00 PM",Kudos,Activity,9352134082
"Jun 29, 2023, 2:43:04 PM",Kudos,Activity,9353410209
"Jun 29, 2023, 2:43:06 PM",Kudos,Activity,9353391649
"Jun 29, 2023, 2:43:19 PM",Kudos,Activity,9353671670
"Jun 29, 2023, 2:43:25 PM",Kudos,Activity,9353919015
"Jun 29, 2023, 2:43:26 PM",Kudos,Activity,9353796121
"Jun 29, 2023, 2:43:37 PM",Kudos,Activity,9353288787
"Jun 29, 2023, 2:43:42 PM",Kudos,Activity,9353796433
"Jun 29, 2023, 2:43:52 PM",Kudos,Activity,9348292494
"Jun 29, 2023, 2:44:03 PM",Kudos,Activity,9348341389
"Jun 29, 2023, 2:44:14 PM",Kudos,Activity,9349638797
"Jun 29, 2023, 2:44:19 PM",Kudos,Activity,9349645724
"Jun 29, 2023, 2:44:22 PM",Kudos,Activity,9349933439
"Jun 29, 2023, 2:44:27 PM",Kudos,Activity,9349658859
"Jun 29, 2023, 2:44:36 PM",Kudos,Activity,9349626538
"Jun 29, 2023, 2:57:26 PM",Kudos,Activity,9356931042
"Jun 29, 2023, 11:28:32 PM",Kudos,Activity,9357505601
"Jul 1, 2023, 3:43:31 PM",Kudos,Activity,9367846906
"Jul 1, 2023, 3:43:33 PM",Kudos,Activity,9367822732
"Jul 1, 2023, 3:44:03 PM",Kudos,Activity,9367932822
"Jul 1, 2023, 3:44:07 PM",Kudos,Activity,9367797547
"Jul 1, 2023, 3:44:13 PM",Kudos,Activity,9368215906
"Jul 1, 2023, 3:44:19 PM",Kudos,Activity,9368052106
"Jul 1, 2023, 3:44:22 PM",Kudos,Activity,9367684133
"Jul 1, 2023, 3:44:33 PM",Kudos,Activity,9367681906
"Jul 1, 2023, 3:44:34 PM",Kudos,Activity,9367672655
"Jul 1, 2023, 5:28:16 PM",Kudos,Activity,9367957700
"Jul 1, 2023, 5:28:27 PM",Kudos,Activity,9367700211
"Jul 1, 2023, 5:28:46 PM",Kudos,Activity,9368089913
"Jul 1, 2023, 5:28:54 PM",Kudos,Activity,9364659688
"Jul 1, 2023, 5:29:09 PM",Kudos,Activity,9367674331
"Jul 1, 2023, 5:29:17 PM",Kudos,Activity,9367613144
"Jul 1, 2023, 5:29:38 PM",Kudos,Activity,9368630808
"Jul 1, 2023, 6:51:45 PM",Kudos,Activity,9368077821
"Jul 1, 2023, 7:51:45 PM",Kudos,Activity,9370285790
"Jul 1, 2023, 7:52:00 PM",Kudos,Activity,9369745564
"Jul 2, 2023, 5:42:52 PM",Kudos,Activity,9375690166
"Jul 3, 2023, 4:55:05 PM",Kudos,Activity,9381331364
"Jul 3, 2023, 4:55:06 PM",Kudos,Activity,9381336548
"Jul 3, 2023, 4:55:10 PM",Kudos,Activity,9381335307
"Jul 3, 2023, 4:55:17 PM",Kudos,Activity,9380873456
"Jul 3, 2023, 4:55:22 PM",Kudos,Activity,9379712180
"Jul 3, 2023, 4:55:30 PM",Kudos,Activity,9380324848
"Jul 3, 2023, 4:55:41 PM",Kudos,Activity,9379660764
"Jul 3, 2023, 4:55:55 PM",Kudos,Activity,9377996676
"Jul 3, 2023, 4:55:59 PM",Kudos,Activity,9377845548
"Jul 3, 2023, 4:56:08 PM",Kudos,Activity,9376968380
"Jul 6, 2023, 5:58:07 PM",Kudos,Activity,9400058296
"Jul 6, 2023, 5:58:10 PM",Kudos,Activity,9400690100
"Jul 6, 2023, 5:58:16 PM",Kudos,Activity,9399546573
"Jul 6, 2023, 5:58:39 PM",Kudos,Activity,9398575175
"Jul 6, 2023, 5:58:45 PM",Kudos,Activity,9399128791
"Jul 6, 2023, 5:58:53 PM",Kudos,Activity,9399256883
"Jul 6, 2023, 5:59:26 PM",Kudos,Activity,9396422932
"Jul 6, 2023, 5:59:28 PM",Kudos,Activity,9396664994
"Jul 6, 2023, 5:59:31 PM",Kudos,Activity,9396246896
"Jul 6, 2023, 5:59:49 PM",Kudos,Activity,9396296650
"Jul 6, 2023, 5:59:51 PM",Kudos,Activity,9396422256
"Jul 6, 2023, 5:59:52 PM",Kudos,Activity,9396411708
"Jul 7, 2023, 11:36:16 PM",Kudos,Activity,9408113404
"Jul 7, 2023, 11:36:20 PM",Kudos,Activity,9392689947
"Jul 7, 2023, 11:55:27 PM",Kudos,Activity,9408444470
"Jul 7, 2023, 11:55:45 PM",Kudos,Activity,9405721731
"Jul 7, 2023, 11:55:48 PM",Kudos,Activity,9405649665
"Jul 7, 2023, 11:56:04 PM",Kudos,Activity,9404829987
"Jul 7, 2023, 11:56:06 PM",Kudos,Activity,9403199079
"Jul 7, 2023, 11:56:42 PM",Kudos,Activity,9405281529
"Jul 7, 2023, 11:57:08 PM",Kudos,Activity,9405244285
"Jul 7, 2023, 11:57:12 PM",Kudos,Activity,9396305832
"Jul 8, 2023, 12:05:50 AM",Kudos,Activity,9402906518
"Jul 8, 2023, 12:05:52 AM",Kudos,Activity,9402849631
"Jul 8, 2023, 12:05:55 AM",Kudos,Activity,9407876704
"Jul 8, 2023, 12:06:23 AM",Kudos,Activity,9402938425
"Jul 8, 2023, 12:07:32 AM",Kudos,Activity,9403077968
"Jul 8, 2023, 12:07:38 AM",Kudos,Activity,9402688176
"Jul 8, 2023, 12:07:42 AM",Kudos,Activity,9402825486
"Jul 8, 2023, 12:07:44 AM",Kudos,Activity,9405208644
"Jul 8, 2023, 12:07:49 AM",Kudos,Activity,9402865237
"Jul 8, 2023, 2:21:33 PM",Kudos,Activity,9411728185
"Jul 8, 2023, 2:21:34 PM",Kudos,Activity,9411605202
"Jul 8, 2023, 2:21:46 PM",Kudos,Activity,9411570531
"Jul 8, 2023, 2:21:53 PM",Kudos,Activity,9411928411
"Jul 8, 2023, 2:21:58 PM",Kudos,Activity,9412099434
"Jul 8, 2023, 2:22:01 PM",Kudos,Activity,9411874266
"Jul 8, 2023, 2:22:02 PM",Kudos,Activity,9411850038
"Jul 8, 2023, 2:22:03 PM",Kudos,Activity,9411824296
"Jul 8, 2023, 2:22:06 PM",Kudos,Activity,9411879265
"Jul 8, 2023, 2:22:09 PM",Kudos,Activity,9411711432
"Jul 8, 2023, 2:22:15 PM",Kudos,Activity,9411914509
"Jul 9, 2023, 12:09:01 AM",Kudos,Activity,9414613442
"Jul 10, 2023, 1:26:32 PM",Kudos,Activity,9420326771
"Jul 10, 2023, 9:19:36 PM",Kudos,Activity,9417742796
"Jul 10, 2023, 9:19:55 PM",Kudos,Activity,9415575317
"Jul 10, 2023, 9:20:07 PM",Kudos,Activity,9420386342
"Jul 10, 2023, 11:05:53 PM",Kudos,Activity,9427257683
"Jul 11, 2023, 12:53:05 AM",Kudos,Activity,9427608902
"Jul 11, 2023, 12:53:06 AM",Kudos,Activity,9427636906
"Jul 11, 2023, 12:53:08 AM",Kudos,Activity,9427619313
"Jul 11, 2023, 12:53:09 AM",Kudos,Activity,9427602893
"Jul 11, 2023, 12:53:11 AM",Kudos,Activity,9427538123
"Jul 11, 2023, 12:53:12 AM",Kudos,Activity,9427646206
"Jul 11, 2023, 12:53:16 AM",Kudos,Activity,9427574401
"Jul 11, 2023, 12:53:23 AM",Kudos,Activity,9427583741
"Jul 11, 2023, 12:53:25 AM",Kudos,Activity,9427559163
"Jul 11, 2023, 12:53:27 AM",Kudos,Activity,9427532838
"Jul 11, 2023, 12:53:28 AM",Kudos,Activity,9427533756
"Jul 11, 2023, 12:53:32 AM",Kudos,Activity,9427649721
"Jul 11, 2023, 12:53:36 AM",Kudos,Activity,9427665737
"Jul 11, 2023, 12:53:37 AM",Kudos,Activity,9427533308
"Jul 11, 2023, 12:53:41 AM",Kudos,Activity,9427478659
"Jul 11, 2023, 12:53:45 AM",Kudos,Activity,9427428983
"Jul 11, 2023, 12:53:47 AM",Kudos,Activity,9427504151
"Jul 11, 2023, 12:53:49 AM",Kudos,Activity,9427473443
"Jul 11, 2023, 1:11:16 AM",Kudos,Activity,9427687448
"Jul 11, 2023, 1:11:26 AM",Kudos,Activity,9427098488
"Jul 11, 2023, 1:11:30 AM",Kudos,Activity,9424569750
"Jul 11, 2023, 1:11:59 AM",Kudos,Activity,9427724541
"Jul 11, 2023, 1:22:29 AM",Kudos,Activity,9427758375
"Jul 11, 2023, 1:24:43 AM",Kudos,Activity,9415372307
"Jul 11, 2023, 1:24:46 AM",Kudos,Activity,9415518597
"Jul 11, 2023, 1:25:01 AM",Kudos,Activity,9415467698
"Jul 11, 2023, 1:25:03 AM",Kudos,Activity,9415253727
"Jul 11, 2023, 1:42:42 AM",Kudos,Activity,9427419909
"Jul 11, 2023, 1:42:46 AM",Kudos,Activity,9427214159
"Jul 11, 2023, 1:51:28 AM",Kudos,Activity,9427850386
"Jul 11, 2023, 1:52:03 AM",Kudos,Activity,9427862232
"Jul 11, 2023, 2:22:45 AM",Kudos,Activity,9427904182
"Jul 11, 2023, 2:22:48 AM",Kudos,Activity,9427852220
"Jul 11, 2023, 2:22:53 AM",Kudos,Activity,9427886297
"Jul 11, 2023, 12:51:26 PM",Kudos,Activity,9430151321
"Jul 11, 2023, 12:51:30 PM",Kudos,Activity,9424126887
"Jul 11, 2023, 12:52:15 PM",Kudos,Activity,9427539522
"Jul 11, 2023, 6:01:48 PM",Kudos,Activity,9431269339
"Jul 11, 2023, 6:01:53 PM",Kudos,Activity,9430779561
"Jul 12, 2023, 4:51:38 PM",Kudos,Activity,9436366447
"Jul 12, 2023, 4:51:40 PM",Kudos,Activity,9436211005
"Jul 12, 2023, 4:51:42 PM",Kudos,Activity,9436243416
"Jul 12, 2023, 4:51:44 PM",Kudos,Activity,9436292452
"Jul 12, 2023, 4:51:47 PM",Kudos,Activity,9436557617
"Jul 12, 2023, 4:52:14 PM",Kudos,Activity,9437460540
"Jul 12, 2023, 4:52:17 PM",Kudos,Activity,9434618653
"Jul 12, 2023, 4:52:19 PM",Kudos,Activity,9434158223
"Jul 12, 2023, 4:52:22 PM",Kudos,Activity,9436355314
"Jul 12, 2023, 4:52:30 PM",Kudos,Activity,9434016401
"Jul 12, 2023, 4:52:37 PM",Kudos,Activity,9433258053
"Jul 12, 2023, 4:52:43 PM",Kudos,Activity,9434335018
"Jul 12, 2023, 4:52:50 PM",Kudos,Activity,9434410027
"Jul 12, 2023, 4:52:55 PM",Kudos,Activity,9436783766
"Jul 12, 2023, 4:53:00 PM",Kudos,Activity,9437479594
"Jul 12, 2023, 4:53:11 PM",Kudos,Activity,9437504168
"Jul 12, 2023, 4:53:16 PM",Kudos,Activity,9436630877
"Jul 12, 2023, 4:53:21 PM",Kudos,Activity,9436611131
"Jul 12, 2023, 4:53:23 PM",Kudos,Activity,9436316195
"Jul 12, 2023, 4:53:29 PM",Kudos,Activity,9434257205
"Jul 12, 2023, 4:53:32 PM",Kudos,Activity,9436564043
"Jul 12, 2023, 4:53:36 PM",Kudos,Activity,9433980803
"Jul 12, 2023, 4:53:46 PM",Kudos,Activity,9433715955
"Jul 12, 2023, 11:18:15 PM",Kudos,Activity,9440226280
"Jul 12, 2023, 11:18:28 PM",Kudos,Activity,9440331443
"Jul 12, 2023, 11:18:40 PM",Kudos,Activity,9439672994
"Jul 12, 2023, 11:18:46 PM",Kudos,Activity,9438718029
"Jul 12, 2023, 11:19:14 PM",Kudos,Activity,9440412247
"Jul 13, 2023, 2:40:10 AM",Kudos,Activity,9440706430
"Jul 13, 2023, 2:40:16 AM",Kudos,Activity,9440675869
"Jul 13, 2023, 2:40:20 AM",Kudos,Activity,9440796645
"Jul 13, 2023, 2:40:59 AM",Kudos,Activity,9440528894
"Jul 13, 2023, 2:41:09 AM",Kudos,Activity,9440806427
"Jul 13, 2023, 2:41:13 AM",Kudos,Activity,9440914019
"Jul 13, 2023, 2:41:42 AM",Kudos,Activity,9440534779
"Jul 13, 2023, 2:41:50 AM",Kudos,Activity,9440605543
"Jul 13, 2023, 2:41:56 AM",Kudos,Activity,9440619141
"Jul 13, 2023, 2:42:04 AM",Kudos,Activity,9440415251
"Jul 13, 2023, 2:03:23 PM",Kudos,Activity,9443660569
"Jul 13, 2023, 2:03:56 PM",Kudos,Activity,9443310634
"Jul 13, 2023, 2:04:41 PM",Kudos,Activity,9443552433
"Jul 13, 2023, 2:05:18 PM",Kudos,Activity,9431266341
"Jul 13, 2023, 2:05:47 PM",Kudos,Activity,9443352876
"Jul 13, 2023, 2:05:59 PM",Kudos,Activity,9442573581
"Jul 13, 2023, 2:06:07 PM",Kudos,Activity,9442759150
"Jul 13, 2023, 2:06:11 PM",Kudos,Activity,9442938888
"Jul 13, 2023, 6:53:28 PM",Kudos,Activity,9445362056
"Jul 13, 2023, 6:54:30 PM",Kudos,Activity,9444968122
"Jul 13, 2023, 9:50:14 PM",Kudos,Activity,9443164024
"Jul 13, 2023, 9:50:29 PM",Kudos,Activity,9436833667
"Jul 13, 2023, 9:50:33 PM",Kudos,Activity,9430358064
"Jul 13, 2023, 9:50:35 PM",Kudos,Activity,9427545095
"Jul 13, 2023, 10:43:30 PM",Kudos,Activity,9446437886
"Jul 13, 2023, 10:45:36 PM",Kudos,Activity,9446276192
"Jul 13, 2023, 10:45:42 PM",Kudos,Activity,9446410892
"Jul 13, 2023, 10:48:27 PM",Kudos,Activity,9446129251
"Jul 14, 2023, 1:57:44 AM",Kudos,Activity,9447088551
"Jul 14, 2023, 1:58:44 AM",Kudos,Activity,9446893849
"Jul 14, 2023, 1:58:46 AM",Kudos,Activity,9446804367
"Jul 14, 2023, 1:59:39 AM",Kudos,Activity,9446777743
"Jul 14, 2023, 1:59:43 AM",Kudos,Activity,9446714522
"Jul 14, 2023, 1:59:52 AM",Kudos,Activity,9446708323
"Jul 14, 2023, 1:59:53 AM",Kudos,Activity,9446724225
"Jul 14, 2023, 2:00:00 AM",Kudos,Activity,9446545790
"Jul 14, 2023, 2:00:11 AM",Kudos,Activity,9447119300
"Jul 14, 2023, 3:40:42 AM",Kudos,Activity,9447247647
"Jul 14, 2023, 3:40:46 AM",Kudos,Activity,9447228272
"Jul 14, 2023, 12:02:35 PM",Kudos,Activity,9448932401
"Jul 14, 2023, 12:02:41 PM",Kudos,Activity,9448887474
"Jul 14, 2023, 1:39:43 PM",Kudos,Activity,9449370223
"Jul 14, 2023, 1:39:48 PM",Kudos,Activity,9449379518
"Jul 14, 2023, 1:39:55 PM",Kudos,Activity,9449599527
"Jul 14, 2023, 1:39:59 PM",Kudos,Activity,9449374377
"Jul 14, 2023, 1:40:06 PM",Kudos,Activity,9449549113
"Jul 14, 2023, 1:40:25 PM",Kudos,Activity,9449219297
"Jul 14, 2023, 1:40:59 PM",Kudos,Activity,9449284047
"Jul 14, 2023, 1:41:09 PM",Kudos,Activity,9449693779
"Jul 14, 2023, 6:44:25 PM",Kudos,Activity,9450527659
"Jul 14, 2023, 6:44:31 PM",Kudos,Activity,9451022296
"Jul 14, 2023, 6:44:37 PM",Kudos,Activity,9450936408
"Jul 14, 2023, 6:44:52 PM",Kudos,Activity,9449700364
"Jul 14, 2023, 6:44:55 PM",Kudos,Activity,9450299357
"Jul 14, 2023, 7:53:05 PM",Kudos,Activity,9450723150
"Jul 15, 2023, 1:01:29 AM",Kudos,Activity,9452582260
"Jul 15, 2023, 1:22:13 AM",Kudos,Activity,9452634216
"Jul 15, 2023, 1:50:56 AM",Kudos,Activity,9452728697
"Jul 15, 2023, 2:23:44 AM",Kudos,Activity,9415169509
"Jul 15, 2023, 2:23:46 AM",Kudos,Activity,9425042679
"Jul 15, 2023, 2:23:57 AM",Kudos,Activity,9387025904
"Jul 15, 2023, 2:53:19 AM",Kudos,Activity,9452871005
"Jul 15, 2023, 2:01:02 PM",Kudos,Activity,9455838315
"Jul 15, 2023, 2:01:15 PM",Kudos,Activity,9455382634
"Jul 15, 2023, 2:01:27 PM",Kudos,Activity,9455334846
"Jul 15, 2023, 2:01:31 PM",Kudos,Activity,9455612596
"Jul 15, 2023, 2:01:33 PM",Kudos,Activity,9455439143
"Jul 15, 2023, 2:01:42 PM",Kudos,Activity,9455605652
"Jul 15, 2023, 2:01:44 PM",Kudos,Activity,9455573141
"Jul 15, 2023, 2:01:49 PM",Kudos,Activity,9455488189
"Jul 15, 2023, 2:02:01 PM",Kudos,Activity,9455344915
"Jul 15, 2023, 2:02:05 PM",Kudos,Activity,9453323800
"Jul 15, 2023, 2:02:19 PM",Kudos,Activity,9455349500
"Jul 15, 2023, 2:02:19 PM",Kudos,Activity,9455354180
"Jul 15, 2023, 2:51:33 PM",Kudos,Activity,9456220574
"Jul 15, 2023, 5:04:51 PM",Kudos,Activity,9457049197
"Jul 15, 2023, 5:04:56 PM",Kudos,Activity,9457046988
"Jul 15, 2023, 5:05:03 PM",Kudos,Activity,9456467617
"Jul 15, 2023, 5:05:20 PM",Kudos,Activity,9456651995
"Jul 15, 2023, 5:05:24 PM",Kudos,Activity,9456709872
"Jul 15, 2023, 8:07:43 PM",Kudos,Activity,9457601920
"Jul 15, 2023, 8:07:50 PM",Kudos,Activity,9457463817
"Jul 15, 2023, 9:46:15 PM",Kudos,Activity,9458115617
"Jul 15, 2023, 9:46:28 PM",Kudos,Activity,9458135264
"Jul 15, 2023, 9:46:31 PM",Kudos,Activity,9457791755
"Jul 15, 2023, 9:47:00 PM",Kudos,Activity,9457818529
"Jul 15, 2023, 9:47:06 PM",Kudos,Activity,9457657846
"Jul 15, 2023, 9:47:09 PM",Kudos,Activity,9457211153
"Jul 15, 2023, 9:47:12 PM",Kudos,Activity,9457293888
"Jul 15, 2023, 11:13:45 PM",Kudos,Activity,9458316179
"Jul 15, 2023, 11:13:51 PM",Kudos,Activity,9458395755
"Jul 16, 2023, 3:37:58 AM",Kudos,Activity,9458772212
"Jul 16, 2023, 3:38:33 AM",Kudos,Activity,9458832414
"Jul 16, 2023, 3:38:34 AM",Kudos,Activity,9458804845
"Jul 16, 2023, 3:38:35 AM",Kudos,Activity,9458799830
"Jul 16, 2023, 3:38:39 AM",Kudos,Activity,9458575116
"Jul 16, 2023, 4:28:51 AM",Kudos,Activity,9459230914
"Jul 17, 2023, 1:15:35 AM",Kudos,Activity,9462542921
"Jul 17, 2023, 1:15:36 AM",Kudos,Activity,9463608643
"Jul 17, 2023, 1:16:16 AM",Kudos,Activity,9459358785
"Jul 17, 2023, 1:16:47 AM",Kudos,Activity,9465068120
"Jul 17, 2023, 1:16:54 AM",Kudos,Activity,9464364063
"Jul 17, 2023, 1:17:05 AM",Kudos,Activity,9464834600
"Jul 17, 2023, 1:17:11 AM",Kudos,Activity,9465042161
"Jul 17, 2023, 1:17:21 AM",Kudos,Activity,9459357381
"Jul 17, 2023, 1:17:25 AM",Kudos,Activity,9462756554
"Jul 17, 2023, 1:18:20 AM",Kudos,Activity,9462997687
"Jul 17, 2023, 1:18:27 AM",Kudos,Activity,9462054330
"Jul 17, 2023, 1:18:31 AM",Kudos,Activity,9461599700
"Jul 17, 2023, 1:18:35 AM",Kudos,Activity,9462010006
"Jul 17, 2023, 1:18:42 AM",Kudos,Activity,9464454215
"Jul 17, 2023, 3:02:32 AM",Kudos,Activity,9465467316
"Jul 17, 2023, 3:22:12 AM",Kudos,Activity,9465626641
"Jul 17, 2023, 3:22:15 AM",Kudos,Activity,9465627809
"Jul 17, 2023, 12:16:58 PM",Kudos,Activity,9466002809
"Jul 17, 2023, 1:05:10 PM",Kudos,Activity,9467741728
"Jul 17, 2023, 1:05:15 PM",Kudos,Activity,9467559981
"Jul 17, 2023, 1:05:32 PM",Kudos,Activity,9466263747
"Jul 17, 2023, 3:10:29 PM",Kudos,Activity,9468192131
"Jul 17, 2023, 3:10:37 PM",Kudos,Activity,9468044284
"Jul 17, 2023, 3:40:34 PM",Kudos,Activity,9468191041
"Jul 17, 2023, 3:51:56 PM",Kudos,Activity,9468667131
"Jul 17, 2023, 3:52:02 PM",Kudos,Activity,9468466399
"Jul 17, 2023, 5:55:55 PM",Kudos,Activity,9469500732
"Jul 19, 2023, 2:50:13 PM",Kudos,Activity,9478322674
"Jul 19, 2023, 2:50:40 PM",Kudos,Activity,9480666947
"Jul 21, 2023, 2:10:15 AM",Kudos,Activity,9491187772
"Jul 21, 2023, 2:10:32 AM",Kudos,Activity,9491173797
"Jul 21, 2023, 2:10:39 AM",Kudos,Activity,9491220144
"Jul 21, 2023, 2:10:42 AM",Kudos,Activity,9491210005
"Jul 21, 2023, 2:10:49 AM",Kudos,Activity,9491058819
"Jul 21, 2023, 2:10:50 AM",Kudos,Activity,9490926163
"Jul 21, 2023, 2:10:51 AM",Kudos,Activity,9490993317
"Jul 21, 2023, 2:10:56 AM",Kudos,Activity,9487746692
"Jul 21, 2023, 2:10:58 AM",Kudos,Activity,9490965896
"Jul 21, 2023, 2:11:19 AM",Kudos,Activity,9485429414
"Jul 25, 2023, 12:38:34 AM",Kudos,Activity,9515377034
"Jul 25, 2023, 12:38:41 AM",Kudos,Activity,9515380745
"Jul 25, 2023, 12:38:42 AM",Kudos,Activity,9515456455
"Jul 25, 2023, 12:38:43 AM",Kudos,Activity,9515448948
"Jul 25, 2023, 12:38:44 AM",Kudos,Activity,9515375835
"Jul 25, 2023, 12:38:48 AM",Kudos,Activity,9515380361
"Jul 25, 2023, 12:38:54 AM",Kudos,Activity,9515435105
"Jul 25, 2023, 12:38:57 AM",Kudos,Activity,9515418634
"Jul 25, 2023, 12:39:04 AM",Kudos,Activity,9515454207
"Jul 25, 2023, 12:39:07 AM",Kudos,Activity,9515386773
"Jul 25, 2023, 12:39:09 AM",Kudos,Activity,9515391803
"Jul 25, 2023, 12:39:14 AM",Kudos,Activity,9515416460
"Jul 25, 2023, 12:39:19 AM",Kudos,Activity,9515392100
"Jul 25, 2023, 12:39:25 AM",Kudos,Activity,9515414189
"Jul 25, 2023, 12:39:33 AM",Kudos,Activity,9515350748
"Jul 25, 2023, 12:39:33 AM",Kudos,Activity,9515370840
"Jul 25, 2023, 12:40:07 AM",Kudos,Activity,9514487462
"Jul 25, 2023, 12:40:14 AM",Kudos,Activity,9514961370
"Jul 25, 2023, 12:40:21 AM",Kudos,Activity,9515166546
"Jul 25, 2023, 12:40:26 AM",Kudos,Activity,9515314499
"Jul 25, 2023, 12:40:31 AM",Kudos,Activity,9515167510
"Jul 25, 2023, 12:40:38 AM",Kudos,Activity,9515345045
"Jul 25, 2023, 12:40:40 AM",Kudos,Activity,9515348406
"Jul 25, 2023, 12:44:38 AM",Kudos,Activity,9515510546
"Jul 25, 2023, 12:57:40 AM",Kudos,Activity,9515536900
"Jul 25, 2023, 1:27:56 AM",Kudos,Activity,9515641029
"Jul 25, 2023, 1:37:14 AM",Kudos,Activity,9515674809
"Jul 25, 2023, 2:18:05 AM",Kudos,Activity,9515733541
"Jul 25, 2023, 2:18:19 AM",Kudos,Activity,9515742174
"Jul 25, 2023, 3:14:38 AM",Kudos,Activity,9515696213
"Jul 25, 2023, 3:24:50 AM",Kudos,Activity,9515857826
"Jul 25, 2023, 3:26:37 AM",Kudos,Activity,9515917690
"Jul 25, 2023, 1:47:51 PM",Kudos,Activity,9518107018
"Jul 25, 2023, 1:48:29 PM",Kudos,Activity,9517542490
"Jul 25, 2023, 1:48:34 PM",Kudos,Activity,9517202397
"Jul 25, 2023, 1:48:45 PM",Kudos,Activity,9518406352
"Jul 25, 2023, 1:49:01 PM",Kudos,Activity,9518130566
"Jul 25, 2023, 2:06:59 PM",Kudos,Activity,9515453586
"Jul 25, 2023, 2:19:35 PM",Kudos,Activity,9518755149
"Jul 25, 2023, 8:22:19 PM",Kudos,Activity,9520166575
"Jul 27, 2023, 2:00:41 AM",Kudos,Activity,9528641720
"Jul 27, 2023, 2:00:43 AM",Kudos,Activity,9528654567
"Jul 27, 2023, 2:01:00 AM",Kudos,Activity,9528532729
"Jul 27, 2023, 2:19:22 AM",Kudos,Activity,9528382525
"Jul 27, 2023, 2:19:38 AM",Kudos,Activity,9528341780
"Jul 27, 2023, 2:19:51 AM",Kudos,Activity,9528824180
"Jul 27, 2023, 2:20:05 AM",Kudos,Activity,9528364679
"Jul 27, 2023, 2:42:06 AM",Kudos,Activity,9528868390
"Jul 27, 2023, 2:42:19 AM",Kudos,Activity,9528868863
"Jul 27, 2023, 1:39:20 PM",Kudos,Activity,9530811127
"Jul 27, 2023, 2:22:24 PM",Kudos,Activity,9531528339
"Jul 27, 2023, 5:05:39 PM",Kudos,Activity,9531692357
"Jul 27, 2023, 5:44:44 PM",Kudos,Activity,9532682681
"Jul 27, 2023, 5:44:50 PM",Kudos,Activity,9532668984
"Jul 27, 2023, 5:45:09 PM",Kudos,Activity,9531113359
"Jul 27, 2023, 9:28:05 PM",Kudos,Activity,9533455384
"Jul 27, 2023, 9:28:37 PM",Kudos,Activity,9533450078
"Jul 29, 2023, 12:01:16 AM",Kudos,Activity,9540063014
"Jul 29, 2023, 4:14:21 AM",Kudos,Activity,9537028094
"Jul 29, 2023, 4:14:29 AM",Kudos,Activity,9539945197
"Jul 29, 2023, 4:14:36 AM",Kudos,Activity,9539023354
"Jul 29, 2023, 4:14:53 AM",Kudos,Activity,9537915658
"Jul 29, 2023, 4:47:27 AM",Kudos,Activity,9540469182
"Jul 29, 2023, 9:39:38 PM",Kudos,Activity,9543481400
"Jul 29, 2023, 9:39:40 PM",Kudos,Activity,9543247455
"Jul 29, 2023, 9:39:50 PM",Kudos,Activity,9543712903
"Jul 29, 2023, 9:39:58 PM",Kudos,Activity,9536686276
"Jul 29, 2023, 9:40:09 PM",Kudos,Activity,9542625732
"Jul 29, 2023, 9:40:17 PM",Kudos,Activity,9534887659
"Jul 29, 2023, 9:40:20 PM",Kudos,Activity,9534485171
"Aug 1, 2023, 2:55:07 AM",Kudos,Activity,9559414896
"Aug 1, 2023, 2:55:22 AM",Kudos,Activity,9559070368
"Aug 1, 2023, 2:55:24 AM",Kudos,Activity,9559086553
"Aug 1, 2023, 2:55:26 AM",Kudos,Activity,9559357819
"Aug 1, 2023, 2:55:28 AM",Kudos,Activity,9559172866
"Aug 1, 2023, 2:55:30 AM",Kudos,Activity,9559137032
"Aug 1, 2023, 2:55:31 AM",Kudos,Activity,9559387365
"Aug 1, 2023, 2:55:34 AM",Kudos,Activity,9559386731
"Aug 1, 2023, 2:55:38 AM",Kudos,Activity,9559256581
"Aug 1, 2023, 2:55:39 AM",Kudos,Activity,9559060790
"Aug 1, 2023, 2:55:40 AM",Kudos,Activity,9559122054
"Aug 1, 2023, 2:55:42 AM",Kudos,Activity,9559188236
"Aug 1, 2023, 2:55:45 AM",Kudos,Activity,9559297419
"Aug 1, 2023, 2:55:46 AM",Kudos,Activity,9558970039
"Aug 1, 2023, 2:56:26 AM",Kudos,Activity,9559046191
"Aug 1, 2023, 2:56:41 AM",Kudos,Activity,9555645379
"Aug 1, 2023, 2:57:02 AM",Kudos,Activity,9551101539
"Aug 1, 2023, 2:57:32 AM",Kudos,Activity,9558942485
"Aug 1, 2023, 2:57:39 AM",Kudos,Activity,9559125166
"Aug 1, 2023, 2:57:43 AM",Kudos,Activity,9559123925
"Aug 1, 2023, 2:57:48 AM",Kudos,Activity,9557370659
"Aug 1, 2023, 2:57:50 AM",Kudos,Activity,9552862867
"Aug 1, 2023, 2:57:59 AM",Kudos,Activity,9559486090
"Aug 1, 2023, 2:58:01 AM",Kudos,Activity,9559034819
"Aug 1, 2023, 2:58:05 AM",Kudos,Activity,9543868014
"Aug 1, 2023, 2:58:21 AM",Kudos,Activity,9559058537
"Aug 1, 2023, 3:35:49 AM",Kudos,Activity,9559538037
"Aug 1, 2023, 12:58:47 PM",Kudos,Activity,9561805802
"Aug 1, 2023, 1:42:36 PM",Kudos,Activity,9562051616
"Aug 1, 2023, 1:43:16 PM",Kudos,Activity,9562181394
"Aug 1, 2023, 10:31:52 PM",Kudos,Activity,9565264280
"Aug 2, 2023, 1:37:14 PM",Kudos,Activity,9568442855
"Aug 2, 2023, 1:37:21 PM",Kudos,Activity,9567996864
"Aug 2, 2023, 1:37:24 PM",Kudos,Activity,9568046223
"Aug 2, 2023, 1:37:24 PM",Kudos,Activity,9568059003
"Aug 2, 2023, 1:37:43 PM",Kudos,Activity,9566035743
"Aug 2, 2023, 1:37:47 PM",Kudos,Activity,9565847250
"Aug 2, 2023, 1:38:08 PM",Kudos,Activity,9566268432
"Aug 2, 2023, 1:38:18 PM",Kudos,Activity,9566367410
"Aug 2, 2023, 1:38:32 PM",Kudos,Activity,9566061870
"Aug 2, 2023, 1:38:47 PM",Kudos,Activity,9566269183
"Aug 2, 2023, 1:38:48 PM",Kudos,Activity,9566269440
"Aug 2, 2023, 1:38:50 PM",Kudos,Activity,9565911435
"Aug 2, 2023, 1:38:54 PM",Kudos,Activity,9565878153
"Aug 2, 2023, 1:38:56 PM",Kudos,Activity,9565961095
"Aug 2, 2023, 1:39:06 PM",Kudos,Activity,9565444702
"Aug 2, 2023, 1:39:15 PM",Kudos,Activity,9568062175
"Aug 2, 2023, 1:39:16 PM",Kudos,Activity,9568049187
"Aug 2, 2023, 8:52:03 PM",Kudos,Activity,9569886297
"Aug 3, 2023, 4:27:11 AM",Kudos,Activity,9572301812
"Aug 3, 2023, 4:27:12 AM",Kudos,Activity,9572672285
"Aug 3, 2023, 4:27:35 AM",Kudos,Activity,9572461107
"Aug 3, 2023, 4:27:37 AM",Kudos,Activity,9572149160
"Aug 3, 2023, 4:27:39 AM",Kudos,Activity,9572148432
"Aug 3, 2023, 4:27:43 AM",Kudos,Activity,9572535901
"Aug 3, 2023, 4:27:48 AM",Kudos,Activity,9572177316
"Aug 3, 2023, 4:27:51 AM",Kudos,Activity,9572215341
"Aug 3, 2023, 4:27:52 AM",Kudos,Activity,9572121977
"Aug 3, 2023, 4:27:54 AM",Kudos,Activity,9572533069
"Aug 3, 2023, 4:27:56 AM",Kudos,Activity,9572476296
"Aug 3, 2023, 4:27:58 AM",Kudos,Activity,9572179929
"Aug 3, 2023, 4:28:02 AM",Kudos,Activity,9572418220
"Aug 3, 2023, 4:28:03 AM",Kudos,Activity,9572190640
"Aug 3, 2023, 4:28:11 AM",Kudos,Activity,9571592111
"Aug 3, 2023, 4:29:24 AM",Kudos,Activity,9572286864
"Aug 3, 2023, 4:29:27 AM",Kudos,Activity,9572665990
"Aug 3, 2023, 4:29:30 AM",Kudos,Activity,9572226305
"Aug 3, 2023, 4:29:33 AM",Kudos,Activity,9572085213
"Aug 3, 2023, 4:29:35 AM",Kudos,Activity,9571728489
"Aug 3, 2023, 4:29:36 AM",Kudos,Activity,9571631811
"Aug 3, 2023, 4:29:41 AM",Kudos,Activity,9571671335
"Aug 3, 2023, 4:29:48 AM",Kudos,Activity,9572806580
"Aug 3, 2023, 11:28:00 AM",Kudos,Activity,9574412163
"Aug 3, 2023, 11:28:26 AM",Kudos,Activity,9572063923
"Aug 3, 2023, 2:26:27 PM",Kudos,Activity,9574895463
"Aug 3, 2023, 2:26:41 PM",Kudos,Activity,9574685475
"Aug 3, 2023, 2:26:51 PM",Kudos,Activity,9575181945
"Aug 3, 2023, 2:26:56 PM",Kudos,Activity,9574622618
"Aug 3, 2023, 2:26:59 PM",Kudos,Activity,9574623679
"Aug 4, 2023, 12:02:10 AM",Kudos,Activity,9578492984
"Aug 4, 2023, 12:02:15 AM",Kudos,Activity,9578481946
"Aug 4, 2023, 12:02:17 AM",Kudos,Activity,9578468021
"Aug 4, 2023, 12:02:21 AM",Kudos,Activity,9578459628
"Aug 4, 2023, 12:02:41 AM",Kudos,Activity,9578456735
"Aug 4, 2023, 3:54:21 AM",Kudos,Activity,9579032398
"Aug 4, 2023, 2:16:03 PM",Kudos,Activity,9579125637
"Aug 4, 2023, 2:16:06 PM",Kudos,Activity,9579055284
"Aug 4, 2023, 2:16:09 PM",Kudos,Activity,9581000181
"Aug 4, 2023, 2:45:39 PM",Kudos,Activity,9581750349
"Aug 4, 2023, 8:17:15 PM",Kudos,Activity,9583269924
"Aug 4, 2023, 8:17:17 PM",Kudos,Activity,9582773640
"Aug 4, 2023, 8:17:50 PM",Kudos,Activity,9582859939
"Aug 4, 2023, 11:34:45 PM",Kudos,Activity,9583961468
"Aug 4, 2023, 11:34:47 PM",Kudos,Activity,9584161900
"Aug 4, 2023, 11:34:51 PM",Kudos,Activity,9583879379
"Aug 4, 2023, 11:34:54 PM",Kudos,Activity,9583792518
"Aug 4, 2023, 11:34:56 PM",Kudos,Activity,9583653361
"Aug 4, 2023, 11:35:02 PM",Kudos,Activity,9583709225
"Aug 5, 2023, 1:01:13 AM",Kudos,Activity,9584407090
"Aug 5, 2023, 1:01:26 AM",Kudos,Activity,9584465219
"Aug 5, 2023, 1:01:29 AM",Kudos,Activity,9584465523
"Aug 5, 2023, 1:56:23 AM",Kudos,Activity,9584540518
"Aug 5, 2023, 1:56:27 AM",Kudos,Activity,9584480726
"Aug 6, 2023, 4:31:44 AM",Kudos,Activity,9589970124
"Aug 6, 2023, 4:47:23 PM",Kudos,Activity,9593937223
"Aug 6, 2023, 4:47:28 PM",Kudos,Activity,9595262945
"Aug 6, 2023, 4:47:48 PM",Kudos,Activity,9593156013
"Aug 6, 2023, 4:47:54 PM",Kudos,Activity,9594003462
"Aug 6, 2023, 4:48:02 PM",Kudos,Activity,9593852166
"Aug 6, 2023, 4:48:06 PM",Kudos,Activity,9593937732
"Aug 6, 2023, 4:48:12 PM",Kudos,Activity,9594081417
"Aug 6, 2023, 4:48:18 PM",Kudos,Activity,9594128545
"Aug 6, 2023, 4:48:23 PM",Kudos,Activity,9594451017
"Aug 6, 2023, 4:48:40 PM",Kudos,Activity,9593934827
"Aug 6, 2023, 4:48:44 PM",Kudos,Activity,9594197807
"Aug 6, 2023, 5:03:58 PM",Kudos,Activity,9595374263
"Aug 6, 2023, 5:04:02 PM",Kudos,Activity,9595383437
"Aug 7, 2023, 2:34:11 AM",Kudos,Activity,9597152362
"Aug 7, 2023, 2:34:19 AM",Kudos,Activity,9596434764
"Aug 7, 2023, 2:34:23 AM",Kudos,Activity,9596548812
"Aug 7, 2023, 2:34:26 AM",Kudos,Activity,9596789531
"Aug 7, 2023, 2:34:28 AM",Kudos,Activity,9596838832
"Aug 7, 2023, 2:34:33 AM",Kudos,Activity,9597121830
"Aug 7, 2023, 2:34:37 AM",Kudos,Activity,9596796680
"Aug 7, 2023, 2:34:39 AM",Kudos,Activity,9596813861
"Aug 7, 2023, 2:34:41 AM",Kudos,Activity,9597093037
"Aug 7, 2023, 2:34:48 AM",Kudos,Activity,9596027844
"Aug 7, 2023, 2:34:59 AM",Kudos,Activity,9596030209
"Aug 7, 2023, 2:35:08 AM",Kudos,Activity,9596281403
"Aug 7, 2023, 2:35:16 AM",Kudos,Activity,9596717919
"Aug 7, 2023, 2:35:27 AM",Kudos,Activity,9595516921
"Aug 7, 2023, 2:35:33 AM",Kudos,Activity,9595718152
"Aug 7, 2023, 5:41:21 PM",Kudos,Activity,9600191324
"Aug 7, 2023, 5:42:03 PM",Kudos,Activity,9599290139
"Aug 7, 2023, 5:42:14 PM",Kudos,Activity,9600784851
"Aug 7, 2023, 5:42:19 PM",Kudos,Activity,9597423595
"Aug 7, 2023, 5:42:22 PM",Kudos,Activity,9600759454
"Aug 7, 2023, 5:42:25 PM",Kudos,Activity,9597410780
"Aug 7, 2023, 5:42:27 PM",Kudos,Activity,9599409486
"Aug 7, 2023, 10:43:48 PM",Kudos,Activity,9602140204
"Aug 8, 2023, 1:44:56 AM",Kudos,Activity,9603409917
"Aug 8, 2023, 2:02:59 AM",Kudos,Activity,9603449580
"Aug 8, 2023, 2:15:04 AM",Kudos,Activity,9603478297
"Aug 8, 2023, 3:08:09 AM",Kudos,Activity,9603468022
"Aug 8, 2023, 3:08:13 AM",Kudos,Activity,9603484926
"Aug 8, 2023, 3:08:17 AM",Kudos,Activity,9603179843
"Aug 8, 2023, 3:08:18 AM",Kudos,Activity,9603334984
"Aug 8, 2023, 3:08:18 AM",Kudos,Activity,9603204062
"Aug 8, 2023, 3:08:24 AM",Kudos,Activity,9603292316
"Aug 8, 2023, 3:08:25 AM",Kudos,Activity,9603169500
"Aug 8, 2023, 3:08:27 AM",Kudos,Activity,9603206250
"Aug 8, 2023, 3:08:29 AM",Kudos,Activity,9603154944
"Aug 8, 2023, 3:08:33 AM",Kudos,Activity,9603235474
"Aug 8, 2023, 3:08:40 AM",Kudos,Activity,9602817028
"Aug 8, 2023, 3:08:42 AM",Kudos,Activity,9602793181
"Aug 8, 2023, 3:08:50 AM",Kudos,Activity,9603200551
"Aug 8, 2023, 3:08:51 AM",Kudos,Activity,9603157364
"Aug 8, 2023, 3:08:52 AM",Kudos,Activity,9603212577
"Aug 8, 2023, 3:08:56 AM",Kudos,Activity,9603119983
"Aug 8, 2023, 3:08:57 AM",Kudos,Activity,9603130433
"Aug 8, 2023, 3:08:59 AM",Kudos,Activity,9603128449
"Aug 8, 2023, 3:09:00 AM",Kudos,Activity,9603138619
"Aug 8, 2023, 3:09:04 AM",Kudos,Activity,9603123799
"Aug 8, 2023, 3:09:14 AM",Kudos,Activity,9602899454
"Aug 8, 2023, 3:09:16 AM",Kudos,Activity,9603102268
"Aug 8, 2023, 3:09:19 AM",Kudos,Activity,9602781662
"Aug 8, 2023, 3:09:23 AM",Kudos,Activity,9602957041
"Aug 8, 2023, 3:09:25 AM",Kudos,Activity,9602949346
"Aug 8, 2023, 3:09:27 AM",Kudos,Activity,9602953256
"Aug 8, 2023, 3:09:29 AM",Kudos,Activity,9603198934
"Aug 8, 2023, 3:09:30 AM",Kudos,Activity,9603145012
"Aug 8, 2023, 3:09:33 AM",Kudos,Activity,9603124716
"Aug 8, 2023, 3:09:38 AM",Kudos,Activity,9603256918
"Aug 8, 2023, 3:09:42 AM",Kudos,Activity,9603162205
"Aug 8, 2023, 3:09:44 AM",Kudos,Activity,9602919793
"Aug 8, 2023, 1:30:54 PM",Kudos,Activity,9605673861
"Aug 8, 2023, 5:01:44 PM",Kudos,Activity,9606374330
"Aug 8, 2023, 5:01:50 PM",Kudos,Activity,9605228929
"Aug 8, 2023, 5:01:51 PM",Kudos,Activity,9605364600
"Aug 8, 2023, 5:01:53 PM",Kudos,Activity,9605095700
"Aug 8, 2023, 5:01:56 PM",Kudos,Activity,9605829428
"Aug 8, 2023, 5:02:17 PM",Kudos,Activity,9605342335
"Aug 8, 2023, 5:02:21 PM",Kudos,Activity,9606071869
"Aug 8, 2023, 5:02:23 PM",Kudos,Activity,9606243154
"Aug 8, 2023, 5:02:25 PM",Kudos,Activity,9606234513
"Aug 8, 2023, 5:02:31 PM",Kudos,Activity,9606061598
"Aug 8, 2023, 5:02:43 PM",Kudos,Activity,9606149078
"Aug 8, 2023, 5:02:52 PM",Kudos,Activity,9604019592
"Aug 8, 2023, 5:03:00 PM",Kudos,Activity,9603577296
"Aug 8, 2023, 11:30:40 PM",Kudos,Activity,9609579333
"Aug 8, 2023, 11:48:58 PM",Kudos,Activity,9609796144
"Aug 9, 2023, 12:07:38 AM",Kudos,Activity,9609858382
"Aug 9, 2023, 12:09:32 AM",Kudos,Activity,9609818402
"Aug 9, 2023, 12:09:39 AM",Kudos,Activity,9609797531
"Aug 9, 2023, 12:09:49 AM",Kudos,Activity,9609618633
"Aug 9, 2023, 12:09:51 AM",Kudos,Activity,9609490726
"Aug 9, 2023, 12:09:58 AM",Kudos,Activity,9609448723
"Aug 9, 2023, 12:10:01 AM",Kudos,Activity,9608424116
"Aug 9, 2023, 12:10:05 AM",Kudos,Activity,9609180539
"Aug 9, 2023, 1:10:43 AM",Kudos,Activity,9609923783
"Aug 9, 2023, 1:53:24 AM",Kudos,Activity,9610255997
"Aug 9, 2023, 1:53:26 AM",Kudos,Activity,9610230965
"Aug 9, 2023, 2:36:27 AM",Kudos,Activity,9610293055
"Aug 9, 2023, 2:37:02 AM",Kudos,Activity,9609977323
"Aug 9, 2023, 12:45:06 PM",Kudos,Activity,9612331722
"Aug 9, 2023, 12:45:34 PM",Kudos,Activity,9612732718
"Aug 9, 2023, 12:45:38 PM",Kudos,Activity,9612577049
"Aug 9, 2023, 12:45:41 PM",Kudos,Activity,9612633152
"Aug 9, 2023, 12:46:14 PM",Kudos,Activity,9612835299
"Aug 9, 2023, 12:46:27 PM",Kudos,Activity,9612038838
"Aug 9, 2023, 1:04:41 PM",Kudos,Activity,9612891929
"Aug 9, 2023, 1:04:43 PM",Kudos,Activity,9612918500
"Aug 9, 2023, 1:04:46 PM",Kudos,Activity,9612144038
"Aug 9, 2023, 2:12:34 PM",Kudos,Activity,9613001709
"Aug 9, 2023, 2:12:45 PM",Kudos,Activity,9613277677
"Aug 9, 2023, 2:12:50 PM",Kudos,Activity,9613144997
"Aug 9, 2023, 5:23:59 PM",Kudos,Activity,9614090415
"Aug 9, 2023, 5:24:02 PM",Kudos,Activity,9613658234
"Aug 9, 2023, 5:24:10 PM",Kudos,Activity,9613684695
"Aug 9, 2023, 10:20:25 PM",Kudos,Activity,9614909672
"Aug 9, 2023, 10:20:42 PM",Kudos,Activity,9616230401
"Aug 9, 2023, 11:43:13 PM",Kudos,Activity,9616486536
"Aug 9, 2023, 11:43:16 PM",Kudos,Activity,9616421974
"Aug 9, 2023, 11:43:29 PM",Kudos,Activity,9615092393
"Aug 9, 2023, 11:43:33 PM",Kudos,Activity,9615444239
"Aug 9, 2023, 11:43:41 PM",Kudos,Activity,9615093983
"Aug 10, 2023, 1:53:33 AM",Kudos,Activity,9617023370
"Aug 10, 2023, 1:53:37 AM",Kudos,Activity,9616740762
"Aug 10, 2023, 1:53:42 AM",Kudos,Activity,9616676229
"Aug 10, 2023, 1:53:43 AM",Kudos,Activity,9616744087
"Aug 10, 2023, 1:53:45 AM",Kudos,Activity,9616706697
"Aug 10, 2023, 1:53:49 AM",Kudos,Activity,9616918050
"Aug 10, 2023, 1:53:51 AM",Kudos,Activity,9616640731
"Aug 10, 2023, 1:53:55 AM",Kudos,Activity,9616668860
"Aug 10, 2023, 1:54:03 AM",Kudos,Activity,9616669747
"Aug 10, 2023, 1:54:08 AM",Kudos,Activity,9616766223
"Aug 10, 2023, 1:54:11 AM",Kudos,Activity,9616880260
"Aug 10, 2023, 1:54:15 AM",Kudos,Activity,9616745929
"Aug 10, 2023, 3:14:00 AM",Kudos,Activity,9617194986
"Aug 10, 2023, 1:35:56 PM",Kudos,Activity,9619468765
"Aug 10, 2023, 2:08:22 PM",Kudos,Activity,9619214289
"Aug 10, 2023, 2:08:25 PM",Kudos,Activity,9619526497
"Aug 10, 2023, 2:08:28 PM",Kudos,Activity,9619776777
"Aug 10, 2023, 2:08:32 PM",Kudos,Activity,9619323847
"Aug 10, 2023, 2:08:38 PM",Kudos,Activity,9619817092
"Aug 10, 2023, 2:08:42 PM",Kudos,Activity,9619510816
"Aug 10, 2023, 2:08:45 PM",Kudos,Activity,9619206965
"Aug 10, 2023, 2:08:49 PM",Kudos,Activity,9618925234
"Aug 10, 2023, 2:08:51 PM",Kudos,Activity,9617408989
"Aug 10, 2023, 2:08:54 PM",Kudos,Activity,9617412409
"Aug 10, 2023, 2:28:50 PM",Kudos,Activity,9620144841
"Aug 11, 2023, 1:21:58 AM",Kudos,Activity,9623515965
"Aug 11, 2023, 1:22:18 AM",Kudos,Activity,9623417530
"Aug 11, 2023, 1:53:52 AM",Kudos,Activity,9623651870
"Aug 11, 2023, 1:53:56 AM",Kudos,Activity,9623618333
"Aug 11, 2023, 2:42:52 AM",Kudos,Activity,9623774638
"Aug 11, 2023, 3:43:18 AM",Kudos,Activity,9623814969
"Aug 11, 2023, 12:04:56 PM",Kudos,Activity,9625784687
"Aug 11, 2023, 12:05:50 PM",Kudos,Activity,9622962576
"Aug 11, 2023, 12:06:48 PM",Kudos,Activity,9623278797
"Aug 11, 2023, 12:07:00 PM",Kudos,Activity,9622868279
"Aug 11, 2023, 1:23:45 PM",Kudos,Activity,9626252805
"Aug 11, 2023, 3:17:23 PM",Kudos,Activity,9626501849
"Aug 11, 2023, 3:17:25 PM",Kudos,Activity,9626327506
"Aug 11, 2023, 3:17:44 PM",Kudos,Activity,9626878828
"Aug 11, 2023, 3:17:56 PM",Kudos,Activity,9626065611
"Aug 11, 2023, 5:47:17 PM",Kudos,Activity,9627846990
"Aug 12, 2023, 1:29:57 AM",Kudos,Activity,9629526796
"Aug 12, 2023, 1:30:05 AM",Kudos,Activity,9628935386
"Aug 12, 2023, 1:30:15 AM",Kudos,Activity,9629036016
"Aug 12, 2023, 1:30:24 AM",Kudos,Activity,9629027106
"Aug 12, 2023, 1:30:27 AM",Kudos,Activity,9629560953
"Aug 12, 2023, 1:30:37 AM",Kudos,Activity,9629028462
"Aug 12, 2023, 1:30:41 AM",Kudos,Activity,9629039428
"Aug 12, 2023, 1:30:49 AM",Kudos,Activity,9628662300
"Aug 12, 2023, 1:30:52 AM",Kudos,Activity,9627996375
"Aug 12, 2023, 1:30:54 AM",Kudos,Activity,9628102559
"Aug 12, 2023, 1:30:57 AM",Kudos,Activity,9628546457
"Aug 12, 2023, 2:27:03 PM",Kudos,Activity,9633051069
"Aug 12, 2023, 2:27:05 PM",Kudos,Activity,9632781674
"Aug 12, 2023, 2:27:13 PM",Kudos,Activity,9632856236
"Aug 12, 2023, 2:27:17 PM",Kudos,Activity,9633010559
"Aug 12, 2023, 2:27:21 PM",Kudos,Activity,9632636572
"Aug 12, 2023, 2:27:23 PM",Kudos,Activity,9633000396
"Aug 12, 2023, 2:27:28 PM",Kudos,Activity,9632779970
"Aug 12, 2023, 2:27:33 PM",Kudos,Activity,9631995437
"Aug 12, 2023, 2:27:39 PM",Kudos,Activity,9632615778
"Aug 12, 2023, 2:27:49 PM",Kudos,Activity,9632284166
"Aug 12, 2023, 2:27:55 PM",Kudos,Activity,9632599003
"Aug 12, 2023, 2:28:05 PM",Kudos,Activity,9632472642
"Aug 12, 2023, 2:28:06 PM",Kudos,Activity,9632439676
"Aug 12, 2023, 2:28:07 PM",Kudos,Activity,9632442522
"Aug 12, 2023, 2:28:36 PM",Kudos,Activity,9632168679
"Aug 12, 2023, 2:28:38 PM",Kudos,Activity,9632627764
"Aug 12, 2023, 2:28:54 PM",Kudos,Activity,9632528908
"Aug 12, 2023, 2:29:00 PM",Kudos,Activity,9632679902
"Aug 12, 2023, 8:54:35 PM",Kudos,Activity,9634981968
"Aug 12, 2023, 8:54:43 PM",Kudos,Activity,9633249817
"Aug 12, 2023, 8:54:50 PM",Kudos,Activity,9633627411
"Aug 12, 2023, 8:54:57 PM",Kudos,Activity,9633588606
"Aug 12, 2023, 8:54:59 PM",Kudos,Activity,9633299800
"Aug 12, 2023, 8:55:01 PM",Kudos,Activity,9634495706
"Aug 12, 2023, 8:55:08 PM",Kudos,Activity,9635041875
"Aug 12, 2023, 8:55:24 PM",Kudos,Activity,9633416050
"Aug 12, 2023, 8:55:35 PM",Kudos,Activity,9634496423
"Aug 12, 2023, 8:55:44 PM",Kudos,Activity,9635034738
"Aug 12, 2023, 8:55:49 PM",Kudos,Activity,9633140495
"Aug 12, 2023, 8:56:27 PM",Kudos,Activity,9633173542
"Aug 12, 2023, 10:44:22 PM",Kudos,Activity,9635514324
"Aug 12, 2023, 10:45:26 PM",Kudos,Activity,9635386874
"Aug 12, 2023, 10:45:28 PM",Kudos,Activity,9635386779
"Aug 12, 2023, 10:45:32 PM",Kudos,Activity,9635386900
"Aug 13, 2023, 1:32:33 AM",Kudos,Activity,9635810735
"Aug 14, 2023, 2:58:51 AM",Kudos,Activity,9642992837
"Aug 14, 2023, 2:58:53 AM",Kudos,Activity,9643081245
"Aug 14, 2023, 2:58:57 AM",Kudos,Activity,9642873776
"Aug 14, 2023, 2:59:01 AM",Kudos,Activity,9642853549
"Aug 14, 2023, 2:59:04 AM",Kudos,Activity,9641772633
"Aug 14, 2023, 2:59:06 AM",Kudos,Activity,9641687095
"Aug 14, 2023, 2:59:13 AM",Kudos,Activity,9640511837
"Aug 14, 2023, 2:59:15 AM",Kudos,Activity,9641311211
"Aug 14, 2023, 2:59:18 AM",Kudos,Activity,9641647670
"Aug 14, 2023, 2:59:26 AM",Kudos,Activity,9636612100
"Aug 14, 2023, 2:59:30 AM",Kudos,Activity,9639388541
"Aug 14, 2023, 2:59:46 AM",Kudos,Activity,9641823097
"Aug 14, 2023, 2:59:52 AM",Kudos,Activity,9639549383
"Aug 14, 2023, 2:59:59 AM",Kudos,Activity,9639458799
"Aug 14, 2023, 3:00:06 AM",Kudos,Activity,9642035762
"Aug 14, 2023, 3:00:16 AM",Kudos,Activity,9639257841
"Aug 14, 2023, 3:00:21 AM",Kudos,Activity,9639812179
"Aug 14, 2023, 3:00:25 AM",Kudos,Activity,9642548620
"Aug 14, 2023, 3:00:29 AM",Kudos,Activity,9638768442
"Aug 14, 2023, 3:00:31 AM",Kudos,Activity,9640751902
"Aug 14, 2023, 3:00:43 AM",Kudos,Activity,9641883153
"Aug 14, 2023, 3:00:43 AM",Kudos,Activity,9642575480
"Aug 14, 2023, 3:00:46 AM",Kudos,Activity,9642720535
"Aug 14, 2023, 3:00:56 AM",Kudos,Activity,9641762333
"Aug 14, 2023, 3:01:06 AM",Kudos,Activity,9642732678
"Aug 14, 2023, 3:01:33 AM",Kudos,Activity,9642773891
"Aug 14, 2023, 3:01:37 AM",Kudos,Activity,9641406862
"Aug 14, 2023, 3:01:40 AM",Kudos,Activity,9642135373
"Aug 14, 2023, 3:01:48 AM",Kudos,Activity,9642231851
"Aug 14, 2023, 3:01:54 AM",Kudos,Activity,9636607623
"Aug 14, 2023, 11:19:58 AM",Kudos,Activity,9644590047
"Aug 14, 2023, 12:21:43 PM",Kudos,Activity,9644848343
"Aug 14, 2023, 1:05:24 PM",Kudos,Activity,9632658067
"Aug 14, 2023, 1:05:42 PM",Kudos,Activity,9633029414
"Aug 14, 2023, 1:06:04 PM",Kudos,Activity,9633414227
"Aug 14, 2023, 1:19:25 PM",Kudos,Activity,9645210978
"Aug 14, 2023, 4:34:59 PM",Kudos,Activity,9645735769
"Aug 14, 2023, 8:56:07 PM",Kudos,Activity,9647965432
"Aug 14, 2023, 8:56:11 PM",Kudos,Activity,9648020936
"Aug 15, 2023, 2:34:16 AM",Kudos,Activity,9649209825
"Aug 15, 2023, 2:34:16 AM",Kudos,Activity,9648928173
"Aug 15, 2023, 2:34:44 AM",Kudos,Activity,9649141574
"Aug 15, 2023, 2:34:45 AM",Kudos,Activity,9648970953
"Aug 15, 2023, 2:34:47 AM",Kudos,Activity,9649021340
"Aug 15, 2023, 2:34:48 AM",Kudos,Activity,9648985858
"Aug 15, 2023, 2:34:50 AM",Kudos,Activity,9649280443
"Aug 15, 2023, 2:34:52 AM",Kudos,Activity,9648955125
"Aug 15, 2023, 2:34:56 AM",Kudos,Activity,9649178788
"Aug 15, 2023, 2:34:59 AM",Kudos,Activity,9648949413
"Aug 15, 2023, 2:35:07 AM",Kudos,Activity,9648995509
"Aug 15, 2023, 2:35:14 AM",Kudos,Activity,9648924603
"Aug 15, 2023, 2:35:16 AM",Kudos,Activity,9648938863
"Aug 15, 2023, 2:35:19 AM",Kudos,Activity,9648991738
"Aug 15, 2023, 2:35:22 AM",Kudos,Activity,9649020192
"Aug 15, 2023, 2:35:24 AM",Kudos,Activity,9648997438
"Aug 15, 2023, 2:35:26 AM",Kudos,Activity,9649105890
"Aug 15, 2023, 2:35:30 AM",Kudos,Activity,9648942493
"Aug 15, 2023, 2:35:31 AM",Kudos,Activity,9648964518
"Aug 15, 2023, 2:35:34 AM",Kudos,Activity,9648935162
"Aug 15, 2023, 2:35:35 AM",Kudos,Activity,9648985084
"Aug 15, 2023, 2:35:38 AM",Kudos,Activity,9649010105
"Aug 15, 2023, 2:35:40 AM",Kudos,Activity,9649114494
"Aug 15, 2023, 2:35:43 AM",Kudos,Activity,9648868740
"Aug 15, 2023, 2:35:46 AM",Kudos,Activity,9648742088
"Aug 15, 2023, 2:35:50 AM",Kudos,Activity,9648915190
"Aug 15, 2023, 2:35:55 AM",Kudos,Activity,9649029085
"Aug 15, 2023, 2:35:58 AM",Kudos,Activity,9649059931
"Aug 15, 2023, 2:36:00 AM",Kudos,Activity,9648982652
"Aug 15, 2023, 2:36:03 AM",Kudos,Activity,9648935390
"Aug 15, 2023, 3:22:23 AM",Kudos,Activity,9649362735
"Aug 15, 2023, 3:22:28 AM",Kudos,Activity,9649424603
"Aug 15, 2023, 11:32:54 AM",Kudos,Activity,9651489524
"Aug 15, 2023, 2:06:33 PM",Kudos,Activity,9652657969
"Aug 15, 2023, 2:06:36 PM",Kudos,Activity,9651979639
"Aug 15, 2023, 2:06:51 PM",Kudos,Activity,9652309802
"Aug 15, 2023, 2:06:54 PM",Kudos,Activity,9651834880
"Aug 15, 2023, 3:05:13 PM",Kudos,Activity,9652821521
"Aug 15, 2023, 3:05:16 PM",Kudos,Activity,9653016458
"Aug 15, 2023, 4:27:39 PM",Kudos,Activity,9653337045
"Aug 15, 2023, 4:27:43 PM",Kudos,Activity,9653250653
"Aug 15, 2023, 8:30:38 PM",Kudos,Activity,9653915063
"Aug 15, 2023, 8:30:51 PM",Kudos,Activity,9654317039
"Aug 15, 2023, 8:30:54 PM",Kudos,Activity,9654985160
"Aug 15, 2023, 8:30:55 PM",Kudos,Activity,9651357621
"Aug 15, 2023, 8:31:00 PM",Kudos,Activity,9653644577
"Aug 16, 2023, 12:22:14 AM",Kudos,Activity,9656100605
"Aug 16, 2023, 12:22:16 AM",Kudos,Activity,9656142658
"Aug 16, 2023, 12:22:24 AM",Kudos,Activity,9656102504
"Aug 16, 2023, 12:22:24 AM",Kudos,Activity,9656101479
"Aug 16, 2023, 12:22:34 AM",Kudos,Activity,9655920412
"Aug 16, 2023, 12:22:35 AM",Kudos,Activity,9655804713
"Aug 16, 2023, 12:22:40 AM",Kudos,Activity,9655873328
"Aug 16, 2023, 12:22:45 AM",Kudos,Activity,9655534887
"Aug 16, 2023, 12:22:47 AM",Kudos,Activity,9655712741
"Aug 16, 2023, 12:22:51 AM",Kudos,Activity,9655902260
"Aug 16, 2023, 12:22:58 AM",Kudos,Post,25274234
"Aug 16, 2023, 2:17:08 PM",Kudos,Activity,9656470976
"Aug 16, 2023, 2:17:19 PM",Kudos,Activity,9656178345
"Aug 16, 2023, 2:17:25 PM",Kudos,Activity,9656240752
"Aug 16, 2023, 2:17:31 PM",Kudos,Activity,9656296684
"Aug 16, 2023, 2:18:03 PM",Kudos,Activity,9658991087
"Aug 16, 2023, 2:20:25 PM",Kudos,Activity,9658135864
"Aug 16, 2023, 2:20:27 PM",Kudos,Activity,9658971510
"Aug 16, 2023, 2:20:32 PM",Kudos,Activity,9659236336
"Aug 16, 2023, 2:20:35 PM",Kudos,Activity,9658521553
"Aug 16, 2023, 2:20:36 PM",Kudos,Activity,9658494935
"Aug 16, 2023, 2:20:48 PM",Kudos,Activity,9658519274
"Aug 16, 2023, 2:20:48 PM",Kudos,Activity,9658486286
"Aug 16, 2023, 2:20:55 PM",Kudos,Activity,9656316652
"Aug 16, 2023, 3:31:21 PM",Kudos,Activity,9659603341
"Aug 16, 2023, 10:34:33 PM",Kudos,Activity,9662455660
"Aug 16, 2023, 10:34:37 PM",Kudos,Activity,9662365069
"Aug 16, 2023, 10:34:41 PM",Kudos,Activity,9661546160
"Aug 16, 2023, 10:34:43 PM",Kudos,Activity,9660960415
"Aug 16, 2023, 10:34:51 PM",Kudos,Activity,9662202603
"Aug 16, 2023, 10:34:54 PM",Kudos,Post,25282713
"Aug 16, 2023, 10:35:00 PM",Kudos,Activity,9659726261
"Aug 17, 2023, 2:37:13 AM",Kudos,Activity,9663087431
"Aug 17, 2023, 2:37:17 AM",Kudos,Activity,9663061209
"Aug 17, 2023, 2:37:20 AM",Kudos,Activity,9662970945
"Aug 17, 2023, 2:37:21 AM",Kudos,Activity,9663004711
"Aug 17, 2023, 2:37:26 AM",Kudos,Activity,9662777022
"Aug 17, 2023, 2:37:35 AM",Kudos,Activity,9663076641
"Aug 17, 2023, 2:37:38 AM",Kudos,Activity,9662864540
"Aug 17, 2023, 2:37:46 AM",Kudos,Activity,9663144861
"Aug 17, 2023, 2:37:49 AM",Kudos,Activity,9662914171
"Aug 17, 2023, 2:38:02 AM",Kudos,Activity,9663046108
"Aug 17, 2023, 2:38:06 AM",Kudos,Activity,9662924690
"Aug 17, 2023, 2:38:11 AM",Kudos,Activity,9662763134
"Aug 17, 2023, 2:38:15 AM",Kudos,Activity,9662610503
"Aug 17, 2023, 2:38:20 AM",Kudos,Activity,9662794681
"Aug 17, 2023, 2:38:24 AM",Kudos,Activity,9662906626
"Aug 17, 2023, 2:38:43 AM",Kudos,Activity,9662537385
"Aug 17, 2023, 2:39:02 AM",Kudos,Activity,9662512140
"Aug 17, 2023, 4:48:57 PM",Kudos,Activity,9667165188
"Aug 17, 2023, 4:49:00 PM",Kudos,Activity,9666090151
"Aug 17, 2023, 4:49:04 PM",Kudos,Activity,9666358788
"Aug 17, 2023, 4:50:14 PM",Kudos,Activity,9665045096
"Aug 18, 2023, 1:19:56 AM",Kudos,Activity,9669474926
"Aug 18, 2023, 1:20:07 AM",Kudos,Activity,9669504649
"Aug 18, 2023, 1:20:20 AM",Kudos,Activity,9669089595
"Aug 18, 2023, 1:20:34 AM",Kudos,Activity,9669579808
"Aug 18, 2023, 1:20:37 AM",Kudos,Activity,9669404550
"Aug 18, 2023, 1:20:57 AM",Kudos,Activity,9669456145
"Aug 18, 2023, 1:21:00 AM",Kudos,Activity,9668787111
"Aug 18, 2023, 3:34:43 AM",Kudos,Activity,9669812810
"Aug 18, 2023, 3:34:44 AM",Kudos,Activity,9669831157
"Aug 18, 2023, 3:34:48 AM",Kudos,Activity,9669960954
"Aug 18, 2023, 5:09:17 PM",Kudos,Activity,9672301009
"Aug 18, 2023, 5:09:21 PM",Kudos,Activity,9673022686
"Aug 18, 2023, 5:09:43 PM",Kudos,Activity,9672429993
"Aug 18, 2023, 5:09:45 PM",Kudos,Activity,9672707315
"Aug 18, 2023, 5:09:48 PM",Kudos,Activity,9672115775
"Aug 18, 2023, 5:09:54 PM",Kudos,Activity,9672295785
"Aug 18, 2023, 5:09:57 PM",Kudos,Activity,9671966874
"Aug 18, 2023, 5:10:00 PM",Kudos,Activity,9671618390
"Aug 18, 2023, 5:10:15 PM",Kudos,Activity,9672294393
"Aug 18, 2023, 5:10:18 PM",Kudos,Activity,9672502644
"Aug 18, 2023, 5:10:20 PM",Kudos,Activity,9672592252
"Aug 18, 2023, 5:10:28 PM",Kudos,Activity,9669782788
"Aug 19, 2023, 2:48:51 AM",Kudos,Activity,9675377693
"Aug 19, 2023, 2:49:12 AM",Kudos,Activity,9675365160
"Aug 19, 2023, 2:49:25 AM",Kudos,Activity,9675104081
"Aug 19, 2023, 2:49:33 AM",Kudos,Activity,9674840766
"Aug 19, 2023, 2:49:46 AM",Kudos,Activity,9675498897
"Aug 19, 2023, 2:50:10 AM",Kudos,Activity,9675496480
"Aug 23, 2023, 3:18:02 AM",Kudos,Activity,9701297799
"Aug 23, 2023, 3:18:06 AM",Kudos,Activity,9682333596
"Aug 23, 2023, 3:18:06 AM",Kudos,Activity,9702228620
"Aug 23, 2023, 3:18:22 AM",Kudos,Activity,9702195899
"Aug 23, 2023, 3:18:28 AM",Kudos,Activity,9702239575
"Aug 23, 2023, 3:18:38 AM",Kudos,Activity,9701384274
"Aug 23, 2023, 3:18:44 AM",Kudos,Activity,9701964642
"Aug 23, 2023, 3:18:49 AM",Kudos,Activity,9688795410
"Aug 23, 2023, 3:18:50 AM",Kudos,Activity,9702228433
"Aug 23, 2023, 3:18:53 AM",Kudos,Activity,9701299321
"Aug 23, 2023, 3:18:56 AM",Kudos,Activity,9702151401
"Aug 23, 2023, 3:19:00 AM",Kudos,Activity,9701910831
"Aug 23, 2023, 3:19:04 AM",Kudos,Activity,9700072172
"Aug 23, 2023, 3:19:06 AM",Kudos,Activity,9699781663
"Aug 23, 2023, 3:19:07 AM",Kudos,Activity,9699783189
"Aug 23, 2023, 3:19:12 AM",Kudos,Activity,9702000491
"Aug 23, 2023, 3:19:22 AM",Kudos,Activity,9701898214
"Aug 23, 2023, 3:19:33 AM",Kudos,Activity,9701315528
"Aug 23, 2023, 3:19:59 AM",Kudos,Activity,9698033077
"Aug 23, 2023, 3:20:01 AM",Kudos,Activity,9688717038
"Aug 23, 2023, 3:20:35 AM",Kudos,Activity,9694154100
"Aug 23, 2023, 3:20:36 AM",Kudos,Activity,9694176083
"Aug 23, 2023, 3:20:55 AM",Kudos,Activity,9695462951
"Aug 23, 2023, 3:21:02 AM",Kudos,Activity,9695156809
"Aug 23, 2023, 3:21:04 AM",Kudos,Activity,9695140824
"Aug 23, 2023, 3:21:08 AM",Kudos,Activity,9688635977
"Aug 23, 2023, 3:21:10 AM",Kudos,Activity,9689211784
"Aug 23, 2023, 3:21:12 AM",Kudos,Activity,9695210915
"Aug 23, 2023, 3:21:15 AM",Kudos,Activity,9697999567
"Aug 23, 2023, 3:21:21 AM",Kudos,Activity,9695233906
"Aug 23, 2023, 3:21:24 AM",Kudos,Activity,9695421935
"Aug 23, 2023, 4:07:37 PM",Kudos,Activity,9704982383
"Aug 24, 2023, 1:41:41 AM",Kudos,Activity,9709003127
"Aug 24, 2023, 1:42:09 AM",Kudos,Activity,9708994405
"Aug 24, 2023, 1:42:16 AM",Kudos,Activity,9708960690
"Aug 24, 2023, 1:42:18 AM",Kudos,Activity,9708926583
"Aug 24, 2023, 1:42:49 AM",Kudos,Activity,9708865644
"Aug 24, 2023, 1:42:52 AM",Kudos,Activity,9708859918
"Aug 24, 2023, 1:42:57 AM",Kudos,Activity,9708768745
"Aug 24, 2023, 1:43:09 AM",Kudos,Activity,9708845092
"Aug 24, 2023, 1:43:15 AM",Kudos,Activity,9708938326
"Aug 24, 2023, 1:43:42 AM",Kudos,Activity,9704961336
"Aug 24, 2023, 3:11:42 PM",Kudos,Activity,9711480822
"Aug 24, 2023, 3:11:46 PM",Kudos,Activity,9711341926
"Aug 24, 2023, 3:11:51 PM",Kudos,Activity,9709297768
"Aug 24, 2023, 3:12:19 PM",Kudos,Activity,9711420614
"Aug 24, 2023, 3:12:30 PM",Kudos,Activity,9711854495
"Aug 24, 2023, 3:12:32 PM",Kudos,Activity,9711670435
"Aug 24, 2023, 3:12:34 PM",Kudos,Activity,9711537145
"Aug 24, 2023, 3:12:46 PM",Kudos,Activity,9709138714
"Aug 25, 2023, 2:23:56 PM",Kudos,Activity,9717688150
"Aug 25, 2023, 2:24:04 PM",Kudos,Activity,9717403086
"Aug 25, 2023, 2:24:09 PM",Kudos,Activity,9715792060
"Aug 25, 2023, 2:24:28 PM",Kudos,Activity,9717853845
"Aug 28, 2023, 1:31:54 PM",Kudos,Activity,9733442568
"Aug 28, 2023, 1:31:56 PM",Kudos,Activity,9731859649
"Aug 28, 2023, 1:32:02 PM",Kudos,Activity,9731859630
"Aug 28, 2023, 1:32:03 PM",Kudos,Activity,9733322537
"Aug 28, 2023, 1:32:05 PM",Kudos,Activity,9734226639
"Aug 28, 2023, 1:32:39 PM",Kudos,Activity,9735994083
"Aug 28, 2023, 1:32:42 PM",Kudos,Activity,9730702014
"Aug 28, 2023, 1:32:43 PM",Kudos,Activity,9733934624
"Aug 28, 2023, 1:32:46 PM",Kudos,Activity,9733263557
"Aug 28, 2023, 1:32:49 PM",Kudos,Activity,9733827104
"Aug 28, 2023, 1:32:50 PM",Kudos,Activity,9733827057
"Aug 28, 2023, 1:32:55 PM",Kudos,Activity,9736082304
"Aug 28, 2023, 1:32:57 PM",Kudos,Activity,9731868306
"Aug 28, 2023, 1:33:04 PM",Kudos,Activity,9731964030
"Aug 28, 2023, 1:33:10 PM",Kudos,Activity,9736116890
"Aug 28, 2023, 1:33:29 PM",Kudos,Activity,9732720020
"Aug 28, 2023, 1:33:33 PM",Kudos,Activity,9731063585
"Aug 28, 2023, 1:33:35 PM",Kudos,Activity,9733322548
"Aug 28, 2023, 1:33:37 PM",Kudos,Activity,9731868275
"Aug 28, 2023, 1:33:43 PM",Kudos,Activity,9733704254
"Aug 28, 2023, 1:33:45 PM",Kudos,Activity,9731709349
"Aug 28, 2023, 1:33:50 PM",Kudos,Activity,9732704903
"Aug 28, 2023, 1:33:56 PM",Kudos,Activity,9733689858
"Aug 28, 2023, 1:33:58 PM",Kudos,Activity,9734125661
"Aug 28, 2023, 1:34:03 PM",Kudos,Activity,9732078365
"Aug 28, 2023, 1:34:05 PM",Kudos,Activity,9730808680
"Aug 28, 2023, 1:34:09 PM",Kudos,Activity,9736429876
"Aug 29, 2023, 5:11:34 PM",Kudos,Activity,9739917120
"Aug 29, 2023, 5:11:49 PM",Kudos,Activity,9743001957
"Aug 29, 2023, 5:11:51 PM",Kudos,Post,25429723
"Aug 29, 2023, 5:11:54 PM",Kudos,Activity,9739471850
"Aug 29, 2023, 5:11:59 PM",Kudos,Post,25429687
"Aug 29, 2023, 5:12:05 PM",Kudos,Activity,9739964791
"Aug 29, 2023, 5:12:08 PM",Kudos,Activity,9739837037
"Aug 29, 2023, 5:12:10 PM",Kudos,Activity,9739962981
"Aug 29, 2023, 5:12:11 PM",Kudos,Activity,9740014685
"Aug 29, 2023, 5:12:19 PM",Kudos,Activity,9740226128
"Aug 29, 2023, 5:12:23 PM",Kudos,Activity,9739847693
"Aug 29, 2023, 5:12:24 PM",Kudos,Activity,9739940878
"Aug 29, 2023, 5:12:26 PM",Kudos,Activity,9739850240
"Aug 29, 2023, 5:12:32 PM",Kudos,Activity,9742795411
"Aug 29, 2023, 5:12:34 PM",Kudos,Activity,9739690784
"Aug 29, 2023, 5:12:46 PM",Kudos,Activity,9739817715
"Aug 29, 2023, 5:12:48 PM",Kudos,Activity,9740449786
"Aug 29, 2023, 5:12:50 PM",Kudos,Activity,9739843960
"Aug 29, 2023, 5:12:56 PM",Kudos,Activity,9740052941
"Aug 29, 2023, 5:12:59 PM",Kudos,Activity,9741648111
"Aug 29, 2023, 5:13:02 PM",Kudos,Activity,9739794049
"Aug 29, 2023, 5:13:03 PM",Kudos,Activity,9739804608
"Aug 29, 2023, 5:13:08 PM",Kudos,Activity,9743071234
"Aug 29, 2023, 5:13:14 PM",Kudos,Activity,9742201168
"Aug 29, 2023, 5:13:25 PM",Kudos,Activity,9739765900
"Aug 29, 2023, 5:13:26 PM",Kudos,Activity,9739760313
"Aug 31, 2023, 4:12:14 PM",Kudos,Activity,9753278970
"Aug 31, 2023, 4:12:21 PM",Kudos,Activity,9755986676
"Aug 31, 2023, 4:12:26 PM",Kudos,Activity,9754999509
"Aug 31, 2023, 4:12:27 PM",Kudos,Activity,9755218368
"Aug 31, 2023, 4:12:29 PM",Kudos,Activity,9755000786
"Aug 31, 2023, 4:13:06 PM",Kudos,Activity,9756585586
"Aug 31, 2023, 4:13:23 PM",Kudos,Activity,9755306721
"Sep 6, 2023, 11:06:21 PM",Kudos,Activity,9798451546
"Sep 6, 2023, 11:06:25 PM",Kudos,Activity,9798413973
"Sep 6, 2023, 11:06:28 PM",Kudos,Activity,9798270122
"Sep 6, 2023, 11:06:34 PM",Kudos,Activity,9797451883
"Sep 6, 2023, 11:06:38 PM",Kudos,Activity,9798012679
"Sep 6, 2023, 11:06:42 PM",Kudos,Activity,9797202930
"Sep 6, 2023, 11:07:05 PM",Kudos,Activity,9791916687
"May 4, 2024, 1:10:37 PM",Kudos,Activity,11329548810
"May 4, 2024, 1:10:49 PM",Kudos,Post,29398998
"May 4, 2024, 1:11:10 PM",Kudos,Activity,11326100716
"May 4, 2024, 1:11:35 PM",Kudos,Activity,11325900610
"May 5, 2024, 4:36:01 PM",Kudos,Activity,11338921702
"May 5, 2024, 4:36:23 PM",Kudos,Activity,11338502433
"May 5, 2024, 4:36:28 PM",Kudos,Activity,11337508210
"May 8, 2024, 2:33:02 AM",Kudos,Activity,11357077564
"May 8, 2024, 2:33:04 AM",Kudos,Activity,11357086044
"May 17, 2024, 2:41:51 AM",Kudos,Activity,11428355432
"May 17, 2024, 2:41:54 AM",Kudos,Activity,11428333898
"May 17, 2024, 2:42:12 AM",Kudos,Activity,11428402803
"May 17, 2024, 2:42:20 AM",Kudos,Activity,11428466804
"May 17, 2024, 2:42:24 AM",Kudos,Activity,11428577306
"May 17, 2024, 2:42:53 AM",Kudos,Activity,11428032463
"May 17, 2024, 2:43:26 AM",Kudos,Activity,11424536828
"May 17, 2024, 2:43:28 AM",Kudos,Activity,11424014873
"May 17, 2024, 2:43:47 AM",Kudos,Activity,11425693471
"May 17, 2024, 2:58:57 AM",Kudos,Activity,11404966351
"May 17, 2024, 3:00:23 AM",Kudos,Activity,11419945175
"May 17, 2024, 3:01:11 AM",Kudos,Activity,11381147231
"May 17, 2024, 3:02:59 AM",Kudos,Activity,11250203973
"May 17, 2024, 3:03:03 AM",Kudos,Activity,11223709682
"May 17, 2024, 2:25:33 PM",Kudos,Activity,11430743956
"May 17, 2024, 2:25:38 PM",Kudos,Activity,11430826326
"May 17, 2024, 2:25:50 PM",Kudos,Activity,11431473462
"May 17, 2024, 2:25:55 PM",Kudos,Activity,11431030993
"May 17, 2024, 10:14:10 PM",Kudos,Activity,11434200472
"May 18, 2024, 7:06:50 PM",Kudos,Activity,11441765474
"May 18, 2024, 7:06:58 PM",Kudos,Activity,11441787084
"May 18, 2024, 7:07:01 PM",Kudos,Activity,11441502693
"May 18, 2024, 7:07:06 PM",Kudos,Activity,11441068679
"May 18, 2024, 7:07:08 PM",Kudos,Activity,11440769049
"May 18, 2024, 7:07:32 PM",Kudos,Activity,11439155485
"May 18, 2024, 7:07:33 PM",Kudos,Activity,11440472336
"May 22, 2024, 5:05:01 PM",Kudos,Activity,11470729774
"May 22, 2024, 5:05:09 PM",Kudos,Activity,11470700933
"May 22, 2024, 5:05:18 PM",Kudos,Activity,11469955203
"May 22, 2024, 5:06:30 PM",Kudos,Activity,11467676560
"May 22, 2024, 5:06:35 PM",Kudos,Activity,11466588940
"May 22, 2024, 5:06:40 PM",Kudos,Activity,11462651045
"May 22, 2024, 5:06:45 PM",Kudos,Activity,11466026727
"May 22, 2024, 5:06:49 PM",Kudos,Activity,11467001559
"May 23, 2024, 1:21:09 PM",Kudos,Activity,11475480618
"May 23, 2024, 1:21:32 PM",Kudos,Activity,11473561308
"May 23, 2024, 1:21:52 PM",Kudos,Activity,11475366088
"May 23, 2024, 1:22:00 PM",Kudos,Activity,11474992409
"May 23, 2024, 1:22:25 PM",Kudos,Activity,11477830176
"May 23, 2024, 1:22:27 PM",Kudos,Activity,11477655340
"May 23, 2024, 1:22:31 PM",Kudos,Activity,11477738334
"May 23, 2024, 1:22:36 PM",Kudos,Activity,11473917436
"May 23, 2024, 1:22:45 PM",Kudos,Activity,11474452437
"May 23, 2024, 1:22:48 PM",Kudos,Activity,11475513628
"May 24, 2024, 10:37:14 AM",Kudos,Activity,11483261039
"May 24, 2024, 10:37:26 AM",Kudos,Activity,11483021273
"May 24, 2024, 10:37:59 AM",Kudos,Activity,11482863771
"May 24, 2024, 10:38:58 AM",Kudos,Activity,11451728084
"May 24, 2024, 12:21:29 PM",Kudos,Activity,11485767214
"May 24, 2024, 7:36:32 PM",Kudos,Activity,11486691747
"May 24, 2024, 7:36:39 PM",Kudos,Activity,11488361880
"May 24, 2024, 7:36:52 PM",Kudos,Activity,11488298437
"May 24, 2024, 7:36:58 PM",Kudos,Activity,11487069410
"May 24, 2024, 7:37:04 PM",Kudos,Activity,11486534907
"May 25, 2024, 4:18:59 PM",Kudos,Activity,11495070615
"May 25, 2024, 4:19:01 PM",Kudos,Activity,11495247356
"May 25, 2024, 4:19:04 PM",Kudos,Activity,11495168558
"May 25, 2024, 4:19:07 PM",Kudos,Activity,11495059969
"May 25, 2024, 9:39:35 PM",Kudos,Activity,11496890143
"May 26, 2024, 12:57:48 AM",Kudos,Activity,11497668178
"May 26, 2024, 12:58:06 AM",Kudos,Activity,11497053270
"May 26, 2024, 12:58:17 AM",Kudos,Activity,11495883368
"May 26, 2024, 12:58:28 AM",Kudos,Activity,11495512448
"May 26, 2024, 2:00:32 PM",Kudos,Activity,11502158196
"May 26, 2024, 2:00:49 PM",Kudos,Activity,11501856880
"May 26, 2024, 2:00:54 PM",Kudos,Activity,11501960678
"May 26, 2024, 2:01:00 PM",Kudos,Activity,11502129671
"May 26, 2024, 2:01:24 PM",Kudos,Activity,11501627328
"May 26, 2024, 2:01:30 PM",Kudos,Activity,11501280015
"May 26, 2024, 2:01:44 PM",Kudos,Activity,11501061987
"May 26, 2024, 2:03:12 PM",Kudos,Activity,11498071743
"May 27, 2024, 2:15:01 PM",Kudos,Activity,11509220575
"May 27, 2024, 2:15:04 PM",Kudos,Activity,11509197905
"May 27, 2024, 2:15:06 PM",Kudos,Activity,11509139029
"May 27, 2024, 2:15:26 PM",Kudos,Activity,11509117507
"May 27, 2024, 2:15:27 PM",Kudos,Activity,11509072045
"May 27, 2024, 2:15:36 PM",Kudos,Activity,11508936633
"May 27, 2024, 2:15:38 PM",Kudos,Activity,11508889891
"May 27, 2024, 2:15:42 PM",Kudos,Activity,11508765088
"May 27, 2024, 2:15:44 PM",Kudos,Activity,11508763969
"May 27, 2024, 2:15:46 PM",Kudos,Activity,11508767143
"May 27, 2024, 2:15:52 PM",Kudos,Activity,11508930995
"May 27, 2024, 2:23:41 PM",Kudos,Activity,11509085293
"May 27, 2024, 3:21:42 PM",Kudos,Activity,11509777461
"May 27, 2024, 3:21:59 PM",Kudos,Activity,11509549456
"May 27, 2024, 3:22:03 PM",Kudos,Activity,11509577505
"May 27, 2024, 4:56:06 PM",Kudos,Activity,11510572089
"May 27, 2024, 6:02:36 PM",Kudos,Activity,11510847261
"May 27, 2024, 6:02:50 PM",Kudos,Activity,11510855830
"May 27, 2024, 11:39:08 PM",Kudos,Activity,11512697707
"May 27, 2024, 11:39:10 PM",Kudos,Activity,11512299206
"May 27, 2024, 11:39:22 PM",Kudos,Activity,11512300086
"May 27, 2024, 11:39:25 PM",Kudos,Activity,11511899404
"May 27, 2024, 11:39:33 PM",Kudos,Activity,11511303146
"May 27, 2024, 11:39:38 PM",Kudos,Activity,11511299320
"May 27, 2024, 11:39:41 PM",Kudos,Activity,11511866901
"May 27, 2024, 11:39:44 PM",Kudos,Activity,11511867101
"May 27, 2024, 11:39:56 PM",Kudos,Activity,11512024519
"May 28, 2024, 12:48:34 AM",Kudos,Activity,11513231103
"May 28, 2024, 2:32:07 AM",Kudos,Activity,11513545165
"May 28, 2024, 2:32:24 AM",Kudos,Activity,11513407325
"May 28, 2024, 2:32:34 AM",Kudos,Activity,11513503083
"May 28, 2024, 6:08:05 PM",Kudos,Activity,11518626421
"May 28, 2024, 6:08:06 PM",Kudos,Activity,11518438152
"May 28, 2024, 6:08:13 PM",Kudos,Activity,11515828474
"May 28, 2024, 6:08:30 PM",Kudos,Activity,11515638530
"May 28, 2024, 6:08:32 PM",Kudos,Activity,11516432384
"May 28, 2024, 6:08:44 PM",Kudos,Activity,11516929046
"May 29, 2024, 4:11:07 PM",Kudos,Activity,11524649541
"May 29, 2024, 4:11:13 PM",Kudos,Activity,11520733985
"May 29, 2024, 4:11:30 PM",Kudos,Activity,11524085018
"May 29, 2024, 4:11:38 PM",Kudos,Activity,11521410118
"May 29, 2024, 4:11:42 PM",Kudos,Activity,11520151406
"May 29, 2024, 4:11:50 PM",Kudos,Activity,11520391462
"May 29, 2024, 4:12:08 PM",Kudos,Activity,11521461382
"May 29, 2024, 4:12:11 PM",Kudos,Activity,11521466957
"May 29, 2024, 4:12:14 PM",Kudos,Activity,11520983300
"May 29, 2024, 4:12:15 PM",Kudos,Activity,11520977943
"May 29, 2024, 4:12:30 PM",Kudos,Post,29940632
"May 30, 2024, 12:56:36 AM",Kudos,Activity,11528833579
"May 30, 2024, 12:56:43 AM",Kudos,Activity,11528297153
"May 30, 2024, 12:56:59 AM",Kudos,Activity,11528592946
"May 30, 2024, 12:57:05 AM",Kudos,Activity,11528815595
"May 30, 2024, 2:15:32 PM",Kudos,Activity,11532294314
"May 30, 2024, 2:15:40 PM",Kudos,Activity,11532761468
"May 30, 2024, 2:16:15 PM",Kudos,Activity,11529225408
"May 30, 2024, 2:16:19 PM",Kudos,Activity,11532724887
"May 30, 2024, 2:16:41 PM",Kudos,Activity,11529205998
"May 30, 2024, 2:17:16 PM",Kudos,Activity,11529216086
"May 30, 2024, 2:17:33 PM",Kudos,Activity,11528386378
"May 31, 2024, 2:50:32 AM",Kudos,Activity,11536814603
"May 31, 2024, 2:50:32 AM",Kudos,Activity,11537135080
"May 31, 2024, 2:50:45 AM",Kudos,Activity,11537011612
"May 31, 2024, 2:51:11 AM",Kudos,Activity,11536680293
"May 31, 2024, 2:51:19 AM",Kudos,Activity,11536708902
"May 31, 2024, 2:51:21 AM",Kudos,Activity,11536683771
"May 31, 2024, 2:51:24 AM",Kudos,Activity,11536677697
"May 31, 2024, 2:51:33 AM",Kudos,Activity,11536673817
"May 31, 2024, 2:51:42 AM",Kudos,Activity,11535792279
"May 31, 2024, 2:51:45 AM",Kudos,Activity,11534243634
"May 31, 2024, 2:51:48 AM",Kudos,Activity,11536073468
"May 31, 2024, 2:51:52 AM",Kudos,Activity,11536154321
"May 31, 2024, 2:51:55 AM",Kudos,Post,29986602
"May 31, 2024, 1:46:02 PM",Kudos,Activity,11539930375
"May 31, 2024, 1:46:10 PM",Kudos,Activity,11539879467
"May 31, 2024, 1:46:12 PM",Kudos,Activity,11539568957
"May 31, 2024, 9:24:45 PM",Kudos,Activity,11541847469
"May 31, 2024, 9:24:47 PM",Kudos,Activity,11541930947
"May 31, 2024, 9:24:50 PM",Kudos,Activity,11542477729
"May 31, 2024, 9:24:55 PM",Kudos,Activity,11541384698
"May 31, 2024, 9:24:58 PM",Kudos,Activity,11542545988
"Jun 8, 2024, 8:34:18 PM",Kudos,Activity,11606348256
"Jun 8, 2024, 8:34:35 PM",Kudos,Activity,11603510463
"Jun 8, 2024, 8:34:44 PM",Kudos,Activity,11606372670
"Jun 8, 2024, 8:34:49 PM",Kudos,Activity,11603514940
"Jun 8, 2024, 8:35:19 PM",Kudos,Activity,11603467714
"Jun 8, 2024, 8:35:21 PM",Kudos,Post,30137610
"Jun 8, 2024, 8:35:23 PM",Kudos,Activity,11603792137
"Jun 8, 2024, 8:35:32 PM",Kudos,Activity,11604373038
"Jun 8, 2024, 8:35:51 PM",Kudos,Activity,11606161635
"Jun 8, 2024, 8:35:55 PM",Kudos,Activity,11605509469
"Jun 8, 2024, 8:35:57 PM",Kudos,Activity,11603552509
"Jun 8, 2024, 8:36:15 PM",Kudos,Activity,11603712598
"Jun 8, 2024, 8:36:18 PM",Kudos,Activity,11603272729
"Jun 10, 2024, 2:21:43 PM",Kudos,Activity,11618031972
"Jun 10, 2024, 2:21:48 PM",Kudos,Activity,11618294795
"Jun 10, 2024, 2:22:00 PM",Kudos,Activity,11615538997
"Jun 10, 2024, 2:22:22 PM",Kudos,Activity,11619157704
"Jun 10, 2024, 2:22:24 PM",Kudos,Activity,11618707026
"Jun 10, 2024, 2:22:31 PM",Kudos,Activity,11614645682
"Jun 10, 2024, 2:23:26 PM",Kudos,Activity,11618264361
"Jun 26, 2024, 1:36:06 AM",Kudos,Activity,11740287118
"Jul 13, 2024, 2:06:14 PM",Kudos,Activity,11877581633
"Jul 13, 2024, 2:06:25 PM",Kudos,Activity,11873339111
"Jul 13, 2024, 2:13:43 PM",Kudos,Activity,11877456879
"Jul 16, 2024, 12:19:17 AM",Kudos,Activity,11897817525
"Jul 16, 2024, 12:20:28 AM",Kudos,Activity,11890980704
"Jul 16, 2024, 12:20:39 AM",Kudos,Activity,11897858679
"Jul 16, 2024, 12:20:47 AM",Kudos,Activity,11897859024
"Jul 16, 2024, 2:15:04 AM",Kudos,Activity,11882647847
"Jul 16, 2024, 2:15:13 AM",Kudos,Activity,11898317526
"Jul 16, 2024, 2:15:18 AM",Kudos,Activity,11898166494
"Jul 16, 2024, 2:15:29 AM",Kudos,Activity,11898186885
"Jul 16, 2024, 2:21:57 AM",Kudos,Activity,11898364785
"Aug 2, 2024, 12:28:07 PM",Kudos,Activity,12043076178
"Aug 2, 2024, 3:04:20 PM",Kudos,Activity,12044035072
"Aug 2, 2024, 3:04:28 PM",Kudos,Activity,12043484918
"Aug 3, 2024, 2:01:49 AM",Kudos,Activity,12043425789
"Aug 3, 2024, 2:01:51 AM",Kudos,Activity,12043441319
"Aug 3, 2024, 2:01:53 AM",Kudos,Activity,12043441544
"Aug 3, 2024, 2:02:25 AM",Kudos,Activity,12047154641
"Aug 3, 2024, 2:02:31 AM",Kudos,Activity,12047505954
"Aug 3, 2024, 2:02:35 AM",Kudos,Activity,12047118420
"Aug 3, 2024, 2:02:45 AM",Kudos,Activity,12046808587
"Aug 3, 2024, 2:03:00 AM",Kudos,Activity,12045559043
"Aug 3, 2024, 2:03:17 AM",Kudos,Post,31332160
"Aug 3, 2024, 2:03:33 AM",Kudos,Post,31325831
"Aug 3, 2024, 2:13:11 AM",Kudos,Activity,12047353258
"Aug 3, 2024, 2:13:23 AM",Kudos,Activity,12047858374
"Aug 3, 2024, 1:02:22 PM",Kudos,Activity,12051359425
"Aug 3, 2024, 1:02:45 PM",Kudos,Activity,12051046654
"Aug 3, 2024, 1:02:57 PM",Kudos,Activity,12051508468
"Aug 4, 2024, 12:41:08 AM",Kudos,Activity,12055931497
"Aug 4, 2024, 12:41:19 AM",Kudos,Activity,12055065864
"Aug 4, 2024, 12:41:21 AM",Kudos,Activity,12055084510
"Aug 4, 2024, 12:41:31 AM",Kudos,Activity,12052327354
"Aug 4, 2024, 12:41:38 AM",Kudos,Activity,12052685050
"Aug 4, 2024, 12:41:40 AM",Kudos,Activity,12052970129
"Aug 4, 2024, 12:41:50 AM",Kudos,Activity,12052772425
"Aug 4, 2024, 12:48:55 PM",Kudos,Activity,12059957479
"Aug 4, 2024, 12:49:08 PM",Kudos,Activity,12060041797
"Aug 4, 2024, 12:49:12 PM",Kudos,Activity,12059698383
"Aug 4, 2024, 12:49:20 PM",Kudos,Activity,12059781317
"Aug 4, 2024, 12:49:23 PM",Kudos,Activity,12057810274
"Aug 4, 2024, 1:44:19 PM",Kudos,Activity,12060382639
"Aug 4, 2024, 1:44:31 PM",Kudos,Activity,12060528571
"Aug 4, 2024, 3:50:33 PM",Kudos,Activity,12061683350
"Aug 4, 2024, 3:50:35 PM",Kudos,Activity,12061683145
"Aug 4, 2024, 3:50:37 PM",Kudos,Activity,12061590558
"Aug 4, 2024, 5:10:57 PM",Kudos,Activity,12062471789
"Aug 4, 2024, 5:11:13 PM",Kudos,Activity,12062327283
"Aug 4, 2024, 6:40:30 PM",Kudos,Activity,12062811536
"Aug 4, 2024, 6:40:31 PM",Kudos,Activity,12063051929
"Aug 4, 2024, 6:40:33 PM",Kudos,Activity,12063143168
"Aug 4, 2024, 9:43:12 PM",Kudos,Activity,12064024733
"Aug 5, 2024, 12:46:42 AM",Kudos,Activity,12052052495
"Aug 5, 2024, 12:46:43 AM",Kudos,Activity,12064818238
"Aug 5, 2024, 12:46:54 AM",Kudos,Activity,12064566317
"Aug 5, 2024, 12:46:56 AM",Kudos,Activity,12064343539
"Aug 5, 2024, 12:47:08 AM",Kudos,Activity,12064221345
"Aug 5, 2024, 3:02:02 AM",Kudos,Activity,12064862980
"Aug 5, 2024, 3:02:06 AM",Kudos,Activity,12064927742
"Aug 5, 2024, 12:58:36 PM",Kudos,Activity,12067926078
"Aug 5, 2024, 12:58:38 PM",Kudos,Activity,12067454396
"Aug 5, 2024, 12:58:45 PM",Kudos,Activity,12067724225
"Aug 5, 2024, 12:58:49 PM",Kudos,Activity,12067580546
"Aug 5, 2024, 1:41:17 PM",Kudos,Activity,12068294316
"Aug 5, 2024, 1:41:20 PM",Kudos,Activity,12068351747
"Aug 5, 2024, 4:56:40 PM",Kudos,Activity,12069793681
"Aug 5, 2024, 4:56:47 PM",Kudos,Activity,12069287797
"Aug 5, 2024, 4:56:57 PM",Kudos,Activity,12069295515
"Aug 5, 2024, 6:39:04 PM",Kudos,Activity,12070028272
"Aug 5, 2024, 6:39:10 PM",Kudos,Activity,12043330436
"Aug 5, 2024, 6:39:28 PM",Kudos,Activity,12043335569
"Aug 5, 2024, 10:13:20 PM",Kudos,Activity,12072215680
"Aug 5, 2024, 10:13:30 PM",Kudos,Activity,12071756457
"Aug 6, 2024, 1:58:14 AM",Kudos,Activity,12073228394
"Aug 6, 2024, 1:58:18 AM",Kudos,Activity,12073244968
"Aug 6, 2024, 1:58:21 AM",Kudos,Activity,12072932519
"Aug 6, 2024, 1:58:29 AM",Kudos,Activity,12073132187
"Aug 6, 2024, 1:58:32 AM",Kudos,Activity,12073101058
"Aug 6, 2024, 1:58:35 AM",Kudos,Activity,12072986636
"Aug 6, 2024, 1:58:40 AM",Kudos,Activity,12072951545
"Aug 6, 2024, 1:58:43 AM",Kudos,Activity,12073093994
"Aug 6, 2024, 1:58:49 AM",Kudos,Activity,12072941884
"Aug 6, 2024, 1:59:07 AM",Kudos,Activity,12072962044
"Aug 6, 2024, 1:59:11 AM",Kudos,Activity,12073001457
"Aug 6, 2024, 1:59:13 AM",Kudos,Activity,12072893938
"Aug 6, 2024, 1:59:15 AM",Kudos,Activity,12072969213
"Aug 6, 2024, 1:59:24 AM",Kudos,Activity,12072948537
"Aug 6, 2024, 1:59:34 AM",Kudos,Activity,12072670512
"Aug 6, 2024, 1:59:41 AM",Kudos,Activity,12072827402
"Aug 6, 2024, 1:59:44 AM",Kudos,Activity,12072897307
"Aug 6, 2024, 2:00:40 AM",Kudos,Activity,12072416836
"Aug 6, 2024, 2:04:30 AM",Kudos,Activity,12073037864
"Aug 6, 2024, 2:04:31 AM",Kudos,Activity,12072982054
"Aug 6, 2024, 2:04:38 AM",Kudos,Activity,12073155354
"Aug 6, 2024, 2:04:53 AM",Kudos,Activity,12073219570
"Aug 6, 2024, 2:26:52 AM",Kudos,Activity,12073300824
"Aug 6, 2024, 3:10:17 AM",Kudos,Activity,12073526483
"Aug 6, 2024, 3:10:22 AM",Kudos,Activity,12073498574
"Aug 6, 2024, 9:51:29 AM",Kudos,Activity,12073692032
"Aug 6, 2024, 1:05:02 PM",Kudos,Activity,12076676135
"Aug 6, 2024, 1:05:05 PM",Kudos,Activity,12075897034
"Aug 6, 2024, 1:05:10 PM",Kudos,Activity,12076399838
"Aug 6, 2024, 1:05:13 PM",Kudos,Activity,12076624001
"Aug 6, 2024, 1:05:18 PM",Kudos,Activity,12076762268
"Aug 6, 2024, 1:05:21 PM",Kudos,Activity,12076341034
"Aug 6, 2024, 1:05:25 PM",Kudos,Activity,12076337649
"Aug 6, 2024, 1:57:56 PM",Kudos,Activity,12077244272
"Aug 6, 2024, 1:59:17 PM",Kudos,Activity,12064874383
"Aug 6, 2024, 5:10:28 PM",Kudos,Activity,12078690019
"Aug 6, 2024, 5:10:31 PM",Kudos,Activity,12078905351
"Aug 6, 2024, 5:10:33 PM",Kudos,Activity,12077796898
"Aug 6, 2024, 5:10:47 PM",Kudos,Activity,12078955566
"Aug 6, 2024, 5:10:51 PM",Kudos,Activity,12077664132
"Aug 6, 2024, 6:10:00 PM",Kudos,Activity,12079599536
"Aug 6, 2024, 7:52:20 PM",Kudos,Activity,12080075061
"Aug 7, 2024, 9:55:35 AM",Kudos,Activity,12082020866
"Aug 7, 2024, 9:55:38 AM",Kudos,Activity,12082980493
"Aug 7, 2024, 11:18:15 AM",Kudos,Activity,12085067485
"Aug 7, 2024, 11:18:17 AM",Kudos,Activity,12085068705
"Aug 7, 2024, 11:18:22 AM",Kudos,Activity,12085065737
"Aug 7, 2024, 11:18:24 AM",Kudos,Activity,12085170618
"Aug 7, 2024, 11:18:25 AM",Kudos,Activity,12085122860
"Aug 7, 2024, 11:18:32 AM",Kudos,Activity,12085261124
"Aug 7, 2024, 4:58:37 PM",Kudos,Activity,12085337221
"Aug 7, 2024, 8:16:26 PM",Kudos,Activity,12088240577
"Aug 7, 2024, 8:16:33 PM",Kudos,Activity,12085530037
"Aug 7, 2024, 9:03:15 PM",Kudos,Activity,12085620980
"Aug 8, 2024, 2:29:02 PM",Kudos,Activity,12095363778
"Aug 8, 2024, 2:29:22 PM",Kudos,Activity,12095448767
"Aug 8, 2024, 2:29:24 PM",Kudos,Activity,12095205878
"Aug 8, 2024, 2:29:32 PM",Kudos,Activity,12094728400
"Aug 8, 2024, 2:29:35 PM",Kudos,Activity,12095410015
"Aug 8, 2024, 2:29:38 PM",Kudos,Activity,12094687327
"Aug 8, 2024, 2:29:43 PM",Kudos,Activity,12094410146
"Aug 8, 2024, 2:29:47 PM",Kudos,Activity,12091133553
"Aug 8, 2024, 2:29:52 PM",Kudos,Activity,12091019364
"Aug 8, 2024, 2:29:55 PM",Kudos,Activity,12086051413
"Aug 8, 2024, 2:29:57 PM",Kudos,Activity,12086064066
"Aug 8, 2024, 2:29:57 PM",Kudos,Activity,12091163747
"Aug 8, 2024, 2:29:59 PM",Kudos,Activity,12094210557
"Aug 8, 2024, 2:30:29 PM",Kudos,Activity,12091072253
"Aug 8, 2024, 2:30:51 PM",Kudos,Activity,12091607968
"Aug 8, 2024, 2:30:55 PM",Kudos,Activity,12091021462
"Aug 8, 2024, 2:31:15 PM",Kudos,Activity,12090902778
"Aug 8, 2024, 2:31:25 PM",Kudos,Activity,12091155712
"Aug 8, 2024, 2:31:32 PM",Kudos,Activity,12090985813
"Aug 8, 2024, 2:31:33 PM",Kudos,Activity,12091344692
"Aug 8, 2024, 2:31:36 PM",Kudos,Activity,12091297291
"Aug 8, 2024, 2:31:49 PM",Kudos,Activity,12094464640
"Aug 8, 2024, 4:53:27 PM",Kudos,Activity,12096105480
"Aug 8, 2024, 5:32:09 PM",Kudos,Activity,12096854772
"Aug 8, 2024, 6:37:28 PM",Kudos,Activity,12097349177
"Aug 9, 2024, 1:24:06 PM",Kudos,Activity,12102526086
"Aug 9, 2024, 1:30:15 PM",Kudos,Post,31481209
"Aug 9, 2024, 1:31:53 PM",Kudos,Activity,12103143985
"Aug 9, 2024, 1:35:20 PM",Kudos,Activity,12102912579
"Aug 9, 2024, 1:35:24 PM",Kudos,Activity,12103170138
"Aug 9, 2024, 2:12:30 PM",Kudos,Activity,12102692202
"Aug 9, 2024, 2:12:42 PM",Kudos,Activity,12102447053
"Aug 9, 2024, 2:12:47 PM",Kudos,Activity,12102895747
"Aug 9, 2024, 2:18:36 PM",Kudos,Activity,12103221496
"Aug 9, 2024, 3:25:50 PM",Kudos,Activity,12103933807
"Aug 9, 2024, 3:25:50 PM",Kudos,Activity,12091054881
"Aug 9, 2024, 4:04:50 PM",Kudos,Activity,12104233123
"Aug 9, 2024, 5:14:15 PM",Kudos,Activity,12104519321
"Aug 9, 2024, 11:34:46 PM",Kudos,Activity,12106701590
"Aug 10, 2024, 3:33:35 PM",Kudos,Activity,12111296513
"Aug 10, 2024, 3:33:39 PM",Kudos,Activity,12110974716
"Aug 10, 2024, 3:33:53 PM",Kudos,Activity,12111198808
"Aug 10, 2024, 3:33:55 PM",Kudos,Activity,12110900105
"Aug 10, 2024, 3:33:58 PM",Kudos,Activity,12111240136
"Aug 10, 2024, 3:34:09 PM",Kudos,Activity,12111349186
"Aug 10, 2024, 3:34:10 PM",Kudos,Activity,12111279263
"Aug 10, 2024, 3:34:13 PM",Kudos,Activity,12110906766
"Aug 10, 2024, 3:34:15 PM",Kudos,Activity,12110906883
"Aug 10, 2024, 3:34:17 PM",Kudos,Activity,12111834515
"Aug 10, 2024, 3:34:21 PM",Kudos,Activity,12110974585
"Aug 10, 2024, 7:02:14 PM",Kudos,Activity,12113970317
"Aug 10, 2024, 8:11:07 PM",Kudos,Activity,12114064893
"Aug 10, 2024, 8:11:24 PM",Kudos,Activity,12113873203
"Aug 10, 2024, 8:11:39 PM",Kudos,Activity,12112812757
"Aug 10, 2024, 8:11:49 PM",Kudos,Activity,12112386159
"Aug 11, 2024, 1:04:51 AM",Kudos,Activity,12115569057
"Aug 11, 2024, 1:04:55 AM",Kudos,Activity,12114961475
"Aug 11, 2024, 2:39:43 AM",Kudos,Activity,12114497212
"Aug 11, 2024, 2:39:44 AM",Kudos,Activity,12114344903
"Aug 11, 2024, 2:39:47 AM",Kudos,Activity,12072955476
"Aug 11, 2024, 5:05:46 PM",Kudos,Activity,12121083198
"Aug 11, 2024, 8:00:44 PM",Kudos,Activity,12122670208
"Aug 11, 2024, 8:00:46 PM",Kudos,Activity,12122869003
"Aug 11, 2024, 8:00:48 PM",Kudos,Post,31548639
"Aug 11, 2024, 8:01:43 PM",Kudos,Activity,12123169550
"Aug 11, 2024, 8:01:44 PM",Kudos,Activity,12122422226
"Aug 11, 2024, 8:01:48 PM",Kudos,Activity,12122377394
"Aug 11, 2024, 8:01:52 PM",Kudos,Activity,12122377660
"Aug 11, 2024, 8:01:53 PM",Kudos,Activity,12122357186
"Aug 11, 2024, 8:02:13 PM",Kudos,Activity,12121771349
"Aug 11, 2024, 8:02:15 PM",Kudos,Activity,12120967036
"Aug 11, 2024, 8:02:47 PM",Kudos,Activity,12121083142
"Aug 11, 2024, 8:03:03 PM",Kudos,Activity,12120951108
"Aug 12, 2024, 2:36:31 AM",Kudos,Activity,12123823696
"Aug 12, 2024, 2:36:36 AM",Kudos,Activity,12123646095
"Aug 12, 2024, 2:36:39 AM",Kudos,Activity,12124350959
"Aug 12, 2024, 2:36:40 AM",Kudos,Activity,12123419437
"Aug 12, 2024, 2:36:43 AM",Kudos,Activity,12123954133
"Aug 12, 2024, 2:36:45 AM",Kudos,Activity,12123923365
"Aug 12, 2024, 2:36:46 AM",Kudos,Activity,12123906153
"Aug 12, 2024, 2:36:51 AM",Kudos,Activity,12123286653
"Aug 12, 2024, 2:36:52 AM",Kudos,Activity,12123960834
"Aug 12, 2024, 4:17:38 PM",Kudos,Activity,12129050506
"Aug 12, 2024, 4:17:44 PM",Kudos,Activity,12128876267
"Aug 12, 2024, 4:17:46 PM",Kudos,Activity,12128788791
"Aug 12, 2024, 4:17:52 PM",Kudos,Activity,12128208494
"Aug 12, 2024, 4:17:58 PM",Kudos,Activity,12127396987
"Aug 12, 2024, 4:18:05 PM",Kudos,Activity,12127663738
"Aug 13, 2024, 1:17:56 AM",Kudos,Activity,12132374134
"Aug 13, 2024, 1:23:04 AM",Kudos,Activity,12132410043
"Aug 13, 2024, 1:23:09 AM",Kudos,Activity,12132605260
"Aug 13, 2024, 1:23:12 AM",Kudos,Activity,12132553104
"Aug 13, 2024, 1:23:26 AM",Kudos,Activity,12132352501
"Aug 13, 2024, 1:25:16 AM",Kudos,Activity,12132131368
"Aug 13, 2024, 1:25:19 AM",Kudos,Activity,12131681445
"Aug 13, 2024, 1:25:40 AM",Kudos,Activity,12132457376
"Aug 13, 2024, 1:25:50 AM",Kudos,Activity,12130211913
"Aug 13, 2024, 1:26:06 AM",Kudos,Activity,12131716099
"Aug 13, 2024, 1:29:19 AM",Kudos,Activity,12132353254
"Aug 13, 2024, 1:29:21 AM",Kudos,Activity,12132336452
"Aug 13, 2024, 1:29:24 AM",Kudos,Activity,12132347333
"Aug 13, 2024, 1:29:25 AM",Kudos,Activity,12132353858
"Aug 13, 2024, 1:29:28 AM",Kudos,Activity,12132679967
"Aug 13, 2024, 1:29:29 AM",Kudos,Activity,12132676171
"Aug 13, 2024, 1:30:41 AM",Kudos,Activity,12132573707
"Aug 13, 2024, 1:30:46 AM",Kudos,Activity,12132323333
"Aug 13, 2024, 1:30:49 AM",Kudos,Activity,12132481842
"Aug 13, 2024, 1:30:50 AM",Kudos,Activity,12132475212
"Aug 13, 2024, 1:30:54 AM",Kudos,Activity,12132395922
"Aug 13, 2024, 1:30:57 AM",Kudos,Activity,12132390397
"Aug 13, 2024, 1:31:09 AM",Kudos,Activity,12132380664
"Aug 13, 2024, 1:31:16 AM",Kudos,Activity,12132555429
"Aug 13, 2024, 1:31:19 AM",Kudos,Activity,12132591306
"Aug 13, 2024, 1:31:24 AM",Kudos,Activity,12132371174
"Aug 13, 2024, 1:31:27 AM",Kudos,Activity,12132374501
"Aug 13, 2024, 1:31:39 AM",Kudos,Activity,12111663624
"Aug 13, 2024, 1:31:42 AM",Kudos,Activity,12132509935
"Aug 13, 2024, 1:57:26 AM",Kudos,Activity,12132763406
"Aug 13, 2024, 1:59:59 AM",Kudos,Activity,12132802707
"Aug 13, 2024, 2:04:27 AM",Kudos,Activity,12132818251
"Aug 13, 2024, 3:28:28 AM",Kudos,Activity,12133044261
"Aug 13, 2024, 12:00:06 PM",Kudos,Activity,12135896670
"Aug 13, 2024, 1:40:55 PM",Kudos,Activity,12136687082
"Aug 13, 2024, 1:41:06 PM",Kudos,Activity,12136114203
"Aug 13, 2024, 2:21:36 PM",Kudos,Activity,12136871014
"Aug 13, 2024, 2:58:16 PM",Kudos,Activity,12137281528
"Aug 13, 2024, 11:34:52 PM",Kudos,Activity,12141114676
"Aug 13, 2024, 11:35:10 PM",Kudos,Activity,12140890580
"Aug 13, 2024, 11:35:14 PM",Kudos,Activity,12140654322
"Aug 13, 2024, 11:35:17 PM",Kudos,Activity,12140639108
"Aug 13, 2024, 11:35:19 PM",Kudos,Post,31588202
"Aug 13, 2024, 11:35:26 PM",Kudos,Activity,12140787720
"Aug 13, 2024, 11:46:06 PM",Kudos,Activity,12141190915
"Aug 14, 2024, 1:47:04 AM",Kudos,Activity,12141518443
"Aug 14, 2024, 1:47:35 AM",Kudos,Activity,12141656986
"Aug 14, 2024, 1:47:36 AM",Kudos,Activity,12141645215
"Aug 14, 2024, 1:47:39 AM",Kudos,Activity,12141447137
"Aug 14, 2024, 1:47:53 AM",Kudos,Activity,12141524496
"Aug 14, 2024, 12:04:44 PM",Kudos,Activity,12142160434
"Aug 14, 2024, 12:04:53 PM",Kudos,Activity,12144718773
"Aug 14, 2024, 1:44:38 PM",Kudos,Activity,12145585338
"Aug 14, 2024, 1:44:48 PM",Kudos,Activity,12145588644
"Aug 14, 2024, 1:44:55 PM",Kudos,Activity,12145573949
"Aug 14, 2024, 1:45:01 PM",Kudos,Activity,12145152756
"Aug 14, 2024, 1:45:09 PM",Kudos,Activity,12145297572
"Aug 14, 2024, 1:45:16 PM",Kudos,Activity,12141227845
"Aug 14, 2024, 4:43:41 PM",Kudos,Activity,12146808597
"Aug 14, 2024, 4:43:45 PM",Kudos,Activity,12146691114
"Aug 14, 2024, 4:43:55 PM",Kudos,Activity,12146696594
"Aug 14, 2024, 4:43:58 PM",Kudos,Activity,12146846422
"Aug 15, 2024, 3:24:32 AM",Kudos,Activity,12149988160
"Aug 15, 2024, 3:24:35 AM",Kudos,Activity,12149808701
"Aug 15, 2024, 3:24:41 AM",Kudos,Activity,12149726770
"Aug 15, 2024, 3:24:43 AM",Kudos,Post,31612516
"Aug 15, 2024, 3:25:04 AM",Kudos,Activity,12150000377
"Aug 15, 2024, 3:25:15 AM",Kudos,Activity,12149413752
"Aug 15, 2024, 3:25:19 AM",Kudos,Activity,12149875732
"Aug 15, 2024, 3:25:21 AM",Kudos,Activity,12150280295
"Aug 15, 2024, 3:25:27 AM",Kudos,Activity,12149803568
"Aug 15, 2024, 3:25:33 AM",Kudos,Activity,12149807726
"Aug 15, 2024, 3:25:38 AM",Kudos,Activity,12149973376
"Aug 15, 2024, 3:25:40 AM",Kudos,Activity,12149939736
"Aug 15, 2024, 3:25:47 AM",Kudos,Activity,12149912504
"Aug 15, 2024, 3:25:49 AM",Kudos,Activity,12150300150
"Aug 15, 2024, 3:25:52 AM",Kudos,Activity,12149429877
"Aug 15, 2024, 3:25:55 AM",Kudos,Activity,12149836721
"Aug 15, 2024, 3:26:00 AM",Kudos,Activity,12149551687
"Aug 17, 2024, 3:57:49 PM",Kudos,Activity,12171419656
"Aug 17, 2024, 5:04:25 PM",Kudos,Activity,12172372725
"Aug 17, 2024, 5:04:26 PM",Kudos,Activity,12172369420
"Aug 17, 2024, 5:04:29 PM",Kudos,Activity,12172191371
"Aug 17, 2024, 5:04:33 PM",Kudos,Activity,12172219537
"Aug 17, 2024, 5:04:35 PM",Kudos,Activity,12172123020
"Aug 17, 2024, 5:04:38 PM",Kudos,Activity,12172014790
"Aug 17, 2024, 5:04:39 PM",Kudos,Activity,12172147156
"Aug 20, 2024, 1:20:30 AM",Kudos,Activity,12191322918
"Aug 20, 2024, 1:20:45 AM",Kudos,Activity,12191650031
"Aug 20, 2024, 1:21:02 AM",Kudos,Activity,12191850115
"Aug 20, 2024, 1:21:09 AM",Kudos,Activity,12191394802
"Aug 20, 2024, 1:21:13 AM",Kudos,Activity,12186375629
"Aug 20, 2024, 1:21:24 AM",Kudos,Activity,12191752986
"Aug 20, 2024, 1:21:33 AM",Kudos,Activity,12191641723
"Aug 20, 2024, 1:29:07 AM",Kudos,Activity,12191905531
"Aug 20, 2024, 1:29:17 AM",Kudos,Activity,12191752139
"Aug 20, 2024, 1:29:21 AM",Kudos,Activity,12191901451
"Aug 20, 2024, 1:29:25 AM",Kudos,Activity,12191654650
"Aug 20, 2024, 1:29:28 AM",Kudos,Activity,12191658593
"Aug 20, 2024, 1:29:32 AM",Kudos,Activity,12191657231
"Aug 20, 2024, 1:29:35 AM",Kudos,Activity,12191880936
"Aug 20, 2024, 1:29:42 AM",Kudos,Activity,12191828963
"Aug 20, 2024, 1:29:49 AM",Kudos,Activity,12191805450
"Aug 20, 2024, 1:29:53 AM",Kudos,Activity,12191776586
"Aug 20, 2024, 1:30:03 AM",Kudos,Activity,12191833395
"Aug 20, 2024, 1:30:20 AM",Kudos,Activity,12191718770
"Aug 20, 2024, 1:30:23 AM",Kudos,Activity,12191659559
"Aug 20, 2024, 1:30:27 AM",Kudos,Activity,12191712868
"Aug 20, 2024, 1:30:29 AM",Kudos,Activity,12191694295
"Aug 20, 2024, 1:30:33 AM",Kudos,Activity,12191670935
"Aug 20, 2024, 1:30:36 AM",Kudos,Activity,12191690716
"Aug 20, 2024, 1:30:37 AM",Kudos,Activity,12191701669
"Aug 20, 2024, 1:30:40 AM",Kudos,Activity,12191703148
"Aug 20, 2024, 1:31:06 AM",Kudos,Activity,12191093698
"Aug 20, 2024, 11:44:34 AM",Kudos,Activity,12192469961
"Aug 20, 2024, 11:44:39 AM",Kudos,Activity,12192469996
"Aug 20, 2024, 11:44:44 AM",Kudos,Post,31737475
"Aug 20, 2024, 11:44:47 AM",Kudos,Activity,12192603650
"Aug 20, 2024, 11:44:53 AM",Kudos,Activity,12192303396
"Aug 20, 2024, 12:33:52 PM",Kudos,Activity,12195351030
"Aug 20, 2024, 11:34:08 PM",Kudos,Activity,12200469821
"Aug 20, 2024, 11:34:20 PM",Kudos,Activity,12200416242
"Aug 20, 2024, 11:34:21 PM",Kudos,Activity,12200066653
"Aug 20, 2024, 11:34:30 PM",Kudos,Activity,12199979048
"Aug 20, 2024, 11:34:34 PM",Kudos,Activity,12200114617
"Aug 20, 2024, 11:34:42 PM",Kudos,Activity,12198757694
"Aug 20, 2024, 11:34:49 PM",Kudos,Activity,12197920123
"Aug 20, 2024, 11:34:56 PM",Kudos,Activity,12200385928
"Aug 20, 2024, 11:35:04 PM",Kudos,Activity,12198743223
"Aug 20, 2024, 11:35:13 PM",Kudos,Activity,12191476955
"Aug 20, 2024, 11:35:31 PM",Kudos,Activity,12195922885
"Aug 20, 2024, 11:35:55 PM",Kudos,Activity,12199238228
"Aug 21, 2024, 3:50:50 PM",Kudos,Activity,12204656365
"Aug 21, 2024, 3:51:01 PM",Kudos,Activity,12204856534
"Aug 21, 2024, 3:51:06 PM",Kudos,Activity,12205186602
"Aug 21, 2024, 3:51:10 PM",Kudos,Activity,12200957879
"Aug 21, 2024, 3:51:13 PM",Kudos,Activity,12204906355
"Aug 21, 2024, 3:51:14 PM",Kudos,Activity,12204685012
"Aug 21, 2024, 3:51:20 PM",Kudos,Activity,12204711784
"Aug 21, 2024, 3:51:26 PM",Kudos,Activity,12204817755
"Aug 21, 2024, 3:51:29 PM",Kudos,Activity,12200942955
"Aug 22, 2024, 12:32:39 AM",Kudos,Activity,12209575562
"Aug 22, 2024, 12:32:44 AM",Kudos,Activity,12209643674
"Aug 22, 2024, 12:32:50 AM",Kudos,Activity,12209655725
"Aug 22, 2024, 12:32:53 AM",Kudos,Activity,12209383804
"Aug 22, 2024, 12:33:02 AM",Kudos,Activity,12209562932
"Aug 22, 2024, 12:33:04 AM",Kudos,Activity,12209569995
"Aug 22, 2024, 12:33:22 AM",Kudos,Activity,12206752767
"Aug 22, 2024, 1:00:14 AM",Kudos,Activity,12209736469
"Aug 22, 2024, 1:00:20 AM",Kudos,Activity,12209702820
"Aug 22, 2024, 1:00:56 AM",Kudos,Activity,12209741698
"Aug 22, 2024, 1:53:30 PM",Kudos,Activity,12212837530
"Aug 22, 2024, 1:53:39 PM",Kudos,Activity,12212309937
"Aug 22, 2024, 1:53:47 PM",Kudos,Activity,12212274783
"Aug 22, 2024, 1:53:52 PM",Kudos,Activity,12209844142
"Aug 22, 2024, 1:54:01 PM",Kudos,Activity,12212275066
"Aug 22, 2024, 1:54:10 PM",Kudos,Activity,12210019529
"Aug 22, 2024, 1:54:16 PM",Kudos,Activity,12213346836
"Aug 22, 2024, 1:54:20 PM",Kudos,Activity,12209911192
"Aug 22, 2024, 1:54:26 PM",Kudos,Activity,12212728801
"Aug 22, 2024, 1:54:36 PM",Kudos,Activity,12209913231
"Aug 22, 2024, 1:54:42 PM",Kudos,Activity,12209913180
"Aug 22, 2024, 1:54:47 PM",Kudos,Activity,12210165560
"Aug 22, 2024, 2:59:29 PM",Kudos,Activity,12213910359
"Aug 22, 2024, 7:22:14 PM",Kudos,Activity,12215956572
"Aug 22, 2024, 7:22:18 PM",Kudos,Activity,12213030739
"Aug 22, 2024, 7:22:20 PM",Kudos,Activity,12214366520
"Aug 22, 2024, 7:22:24 PM",Kudos,Post,31787715
"Aug 23, 2024, 2:32:03 AM",Kudos,Activity,12218047262
"Aug 23, 2024, 2:32:06 AM",Kudos,Activity,12217636402
"Aug 23, 2024, 1:59:50 PM",Kudos,Activity,12221657950
"Aug 23, 2024, 1:59:52 PM",Kudos,Activity,12221040203
"Aug 23, 2024, 1:59:57 PM",Kudos,Activity,12221317838
"Aug 23, 2024, 2:00:02 PM",Kudos,Activity,12221934633
"Aug 23, 2024, 2:00:07 PM",Kudos,Activity,12221805433
"Aug 23, 2024, 2:00:11 PM",Kudos,Activity,12221427140
"Aug 23, 2024, 2:00:20 PM",Kudos,Activity,12221352544
"Aug 23, 2024, 2:00:24 PM",Kudos,Activity,12220278983
"Aug 24, 2024, 2:21:24 PM",Kudos,Activity,12229678698
"Aug 24, 2024, 2:21:25 PM",Kudos,Activity,12229427356
"Aug 24, 2024, 2:21:33 PM",Kudos,Activity,12229403141
"Aug 24, 2024, 2:21:39 PM",Kudos,Activity,12229704337
"Aug 24, 2024, 2:21:43 PM",Kudos,Activity,12230098960
"Aug 24, 2024, 2:21:47 PM",Kudos,Activity,12230300380
"Aug 27, 2024, 1:22:27 AM",Kudos,Activity,12251227430
"Aug 27, 2024, 1:22:28 AM",Kudos,Activity,12251132691
"Aug 27, 2024, 1:22:36 AM",Kudos,Activity,12251138157
"Aug 27, 2024, 1:22:39 AM",Kudos,Activity,12251141041
"Aug 27, 2024, 1:22:41 AM",Kudos,Activity,12251026896
"Aug 27, 2024, 1:22:50 AM",Kudos,Activity,12251048157
"Aug 27, 2024, 1:22:53 AM",Kudos,Activity,12251127564
"Aug 27, 2024, 1:22:58 AM",Kudos,Activity,12251065990
"Aug 27, 2024, 1:23:01 AM",Kudos,Activity,12251076837
"Aug 27, 2024, 1:23:04 AM",Kudos,Activity,12251184075
"Aug 27, 2024, 1:23:07 AM",Kudos,Activity,12251029969
"Aug 27, 2024, 1:23:09 AM",Kudos,Activity,12251046846
"Aug 27, 2024, 1:23:13 AM",Kudos,Activity,12251124032
"Aug 27, 2024, 1:23:20 AM",Kudos,Activity,12251136085
"Aug 27, 2024, 1:23:22 AM",Kudos,Activity,12251123656
"Aug 27, 2024, 1:23:25 AM",Kudos,Activity,12250763109
"Aug 27, 2024, 1:23:27 AM",Kudos,Activity,12250843266
"Aug 27, 2024, 1:25:37 AM",Kudos,Activity,12250550556
"Aug 27, 2024, 1:25:40 AM",Kudos,Activity,12249818463
"Aug 27, 2024, 1:25:42 AM",Kudos,Activity,12249814303
"Aug 27, 2024, 1:25:45 AM",Kudos,Activity,12250860907
"Aug 27, 2024, 1:25:48 AM",Kudos,Activity,12250966215
"Aug 27, 2024, 1:25:50 AM",Kudos,Activity,12249804384
"Aug 27, 2024, 1:38:25 AM",Kudos,Activity,12251410034
"Aug 27, 2024, 2:17:58 AM",Kudos,Activity,12239027471
"Aug 27, 2024, 2:18:05 AM",Kudos,Activity,12251358654
"Aug 27, 2024, 2:18:28 AM",Kudos,Activity,12251169554
"Aug 27, 2024, 2:45:33 AM",Kudos,Activity,12251616624
"Aug 27, 2024, 2:45:46 AM",Kudos,Activity,12251529501
"Aug 27, 2024, 2:45:52 AM",Kudos,Activity,12251473925
"Aug 27, 2024, 2:46:10 AM",Kudos,Activity,12251329301
"Aug 27, 2024, 2:56:35 AM",Kudos,Activity,12251615005
"Aug 27, 2024, 11:07:29 AM",Kudos,Activity,12245939815
"Aug 27, 2024, 11:07:39 AM",Kudos,Activity,12251176100
"Aug 27, 2024, 11:07:41 AM",Kudos,Activity,12242903860
"Aug 27, 2024, 11:08:12 AM",Kudos,Activity,12253983558
"Aug 27, 2024, 11:08:21 AM",Kudos,Activity,12253986638
"Aug 31, 2024, 2:40:12 PM",Kudos,Activity,12289416599
"Aug 31, 2024, 2:40:25 PM",Kudos,Activity,12289690159
"Aug 31, 2024, 2:40:40 PM",Kudos,Activity,12289340340
"Aug 31, 2024, 2:41:01 PM",Kudos,Activity,12289025826
"Aug 31, 2024, 2:55:33 PM",Kudos,Activity,12289639247
"Aug 31, 2024, 2:55:42 PM",Kudos,Activity,12290059041
"Aug 31, 2024, 2:55:47 PM",Kudos,Activity,12289868926
"Aug 31, 2024, 2:55:50 PM",Kudos,Activity,12289891696
"Aug 31, 2024, 2:55:56 PM",Kudos,Activity,12289869239
"Aug 31, 2024, 2:56:24 PM",Kudos,Post,31967428
"Aug 31, 2024, 2:56:30 PM",Kudos,Activity,12289583136
"Aug 31, 2024, 2:56:37 PM",Kudos,Activity,12289094762
"Aug 31, 2024, 2:56:41 PM",Kudos,Activity,12289238608
"Aug 31, 2024, 2:56:48 PM",Kudos,Activity,12289574010
"Aug 31, 2024, 2:56:52 PM",Kudos,Activity,12289766924
"Aug 31, 2024, 2:57:12 PM",Kudos,Activity,12284814958
"Aug 31, 2024, 2:57:14 PM",Kudos,Activity,12284439428
"Aug 31, 2024, 2:57:22 PM",Kudos,Activity,12289553561
"Aug 31, 2024, 2:57:26 PM",Kudos,Activity,12288723051
"Aug 31, 2024, 2:57:33 PM",Kudos,Activity,12289536085
"Aug 31, 2024, 2:57:37 PM",Kudos,Activity,12288764489
"Aug 31, 2024, 2:57:44 PM",Kudos,Activity,12288794479
"Aug 31, 2024, 2:57:48 PM",Kudos,Activity,12289548913
"Aug 31, 2024, 2:57:53 PM",Kudos,Activity,12289389744
"Aug 31, 2024, 4:05:20 PM",Kudos,Activity,12290688858
"Aug 31, 2024, 4:05:22 PM",Kudos,Activity,12290437019
"Aug 31, 2024, 4:05:25 PM",Kudos,Activity,12290372725
"Aug 31, 2024, 4:05:31 PM",Kudos,Activity,12290310216
"Aug 31, 2024, 4:05:40 PM",Kudos,Activity,12290337431
"Sep 3, 2024, 1:09:09 AM",Kudos,Activity,12310879915
"Sep 3, 2024, 1:09:13 AM",Kudos,Activity,12309848525
"Sep 3, 2024, 1:09:24 AM",Kudos,Activity,12309456217
"Sep 3, 2024, 1:09:31 AM",Kudos,Activity,12310865245
"Sep 3, 2024, 1:09:41 AM",Kudos,Activity,12310875938
"Sep 3, 2024, 1:09:47 AM",Kudos,Activity,12306904870
"Sep 3, 2024, 1:10:03 AM",Kudos,Activity,12306131143
"Sep 3, 2024, 1:10:12 AM",Kudos,Activity,12305639529
"Sep 3, 2024, 1:10:28 AM",Kudos,Activity,12307293357
"Sep 3, 2024, 1:10:31 AM",Kudos,Activity,12306569962
"Sep 3, 2024, 1:10:36 AM",Kudos,Activity,12305791524
"Sep 3, 2024, 1:10:42 AM",Kudos,Activity,12309627308
"Sep 3, 2024, 1:42:34 AM",Kudos,Activity,12310951170
"Sep 3, 2024, 1:42:40 AM",Kudos,Activity,12310900643
"Sep 3, 2024, 1:42:47 AM",Kudos,Activity,12311060842
"Sep 3, 2024, 1:42:48 AM",Kudos,Activity,12310903324
"Sep 3, 2024, 1:42:51 AM",Kudos,Activity,12310965171
"Sep 3, 2024, 1:42:53 AM",Kudos,Activity,12310927421
"Sep 3, 2024, 1:42:57 AM",Kudos,Activity,12310921406
"Sep 3, 2024, 1:43:01 AM",Kudos,Activity,12310915838
"Sep 3, 2024, 1:43:02 AM",Kudos,Activity,12310967528
"Sep 3, 2024, 1:43:05 AM",Kudos,Activity,12310922166
"Sep 3, 2024, 1:43:10 AM",Kudos,Activity,12311098211
"Sep 3, 2024, 2:46:53 AM",Kudos,Activity,12311348856
"Sep 3, 2024, 12:22:53 PM",Kudos,Activity,12307516733
"Sep 3, 2024, 12:23:13 PM",Kudos,Activity,12311335496
"Oct 13, 2024, 12:31:56 AM",Kudos,Activity,12637320612
"Nov 28, 2024, 9:13:55 PM",Kudos,Activity,13002037790
"Dec 4, 2024, 7:51:14 PM",Kudos,Activity,13034343152
"Feb 27, 2025, 11:38:23 PM",Kudos,Activity,13743584433
"Mar 1, 2025, 4:24:06 PM",Kudos,Activity,13760216129
"Mar 1, 2025, 6:20:30 PM",Kudos,Activity,13760337014
"Mar 1, 2025, 6:20:42 PM",Kudos,Activity,13760125511
"Mar 1, 2025, 6:21:24 PM",Kudos,Activity,13760227533
"Mar 1, 2025, 6:21:41 PM",Kudos,Activity,13760490067
"Mar 1, 2025, 6:21:55 PM",Kudos,Activity,13760234500
"Mar 1, 2025, 6:21:57 PM",Kudos,Activity,13760251087
"Mar 1, 2025, 6:26:01 PM",Kudos,Activity,13760216198
"Mar 1, 2025, 6:45:20 PM",Kudos,Activity,13760162616
"Mar 1, 2025, 6:46:36 PM",Kudos,Activity,13761370733
"Mar 1, 2025, 6:46:42 PM",Kudos,Activity,13760846459
"Mar 1, 2025, 6:46:48 PM",Kudos,Activity,13753922426
"Mar 1, 2025, 6:47:57 PM",Kudos,Activity,13761063554
"Mar 1, 2025, 7:07:40 PM",Kudos,Activity,13761825518
"Mar 1, 2025, 9:04:57 PM",Kudos,Activity,13762745915
"Mar 1, 2025, 9:04:59 PM",Kudos,Activity,13759975809
"Mar 1, 2025, 10:40:52 PM",Kudos,Activity,13763312467
"Mar 2, 2025, 12:08:02 AM",Kudos,Activity,13763236419
"Mar 2, 2025, 12:50:29 AM",Kudos,Activity,13763890599
"Mar 2, 2025, 2:19:57 PM",Kudos,Activity,13760202836
"Mar 2, 2025, 2:19:59 PM",Kudos,Activity,13760112140
"Mar 2, 2025, 2:31:12 PM",Kudos,Activity,13762716034
"Mar 2, 2025, 6:28:00 PM",Kudos,Activity,13770932047
"Mar 2, 2025, 6:28:08 PM",Kudos,Activity,13770221208
"Mar 2, 2025, 8:17:26 PM",Kudos,Activity,13772274780
"Mar 2, 2025, 8:17:29 PM",Kudos,Activity,13771928477
"Mar 3, 2025, 2:49:45 AM",Kudos,Activity,13773947596
"Mar 3, 2025, 2:10:39 PM",Kudos,Activity,13776951848
"Mar 3, 2025, 6:28:53 PM",Kudos,Activity,13777208305
"Mar 3, 2025, 7:38:32 PM",Kudos,Activity,13779910128
"Mar 4, 2025, 1:15:58 AM",Kudos,Activity,13780974406
"Mar 4, 2025, 1:16:00 AM",Kudos,Post,35467404
"Mar 4, 2025, 1:26:54 AM",Kudos,Activity,13782443579
"Mar 4, 2025, 1:52:58 AM",Kudos,Activity,13782421474
"Mar 4, 2025, 1:52:59 AM",Kudos,Activity,13782490062
"Mar 4, 2025, 1:53:08 AM",Kudos,Activity,13782505201
"Mar 4, 2025, 1:53:32 AM",Kudos,Activity,13782496510
"Mar 4, 2025, 1:53:34 AM",Kudos,Activity,13782440655
"Mar 4, 2025, 1:54:06 AM",Kudos,Activity,13782462675
"Mar 4, 2025, 1:54:11 AM",Kudos,Activity,13782555792
"Mar 4, 2025, 2:17:19 AM",Kudos,Activity,13782468093
"Mar 4, 2025, 2:17:20 AM",Kudos,Activity,13782470166
"Mar 4, 2025, 1:36:14 PM",Kudos,Activity,13786022982
"Mar 4, 2025, 5:57:52 PM",Kudos,Activity,13785368408
"Mar 5, 2025, 5:37:00 PM",Kudos,Activity,13793488295
"Mar 5, 2025, 5:37:07 PM",Kudos,Activity,13793489468
"Mar 5, 2025, 6:43:51 PM",Kudos,Activity,13798588448
"Mar 5, 2025, 8:47:29 PM",Kudos,Activity,13792134183
"Mar 5, 2025, 8:47:35 PM",Kudos,Activity,13791262269
"Mar 6, 2025, 3:36:57 AM",Kudos,Activity,13801717724
"Mar 6, 2025, 3:37:49 AM",Kudos,Activity,13800996710
"Mar 6, 2025, 3:38:05 AM",Kudos,Activity,13801648477
"Mar 6, 2025, 3:38:19 AM",Kudos,Activity,13801652931
"Mar 6, 2025, 3:38:34 AM",Kudos,Activity,13801521851
"Mar 7, 2025, 10:59:23 AM",Kudos,Activity,13809971176
"Mar 7, 2025, 12:55:36 PM",Kudos,Activity,13813383256
"Mar 7, 2025, 2:52:43 PM",Kudos,Activity,13814052628
"Mar 7, 2025, 5:05:56 PM",Kudos,Activity,13814717610
"Mar 7, 2025, 11:36:52 PM",Kudos,Activity,13818289624
"Mar 7, 2025, 11:37:03 PM",Kudos,Activity,13817989070
"Mar 8, 2025, 1:03:49 AM",Kudos,Activity,13818735294
"Mar 8, 2025, 2:30:03 PM",Kudos,Activity,13823713041
"Mar 8, 2025, 8:27:42 PM",Kudos,Activity,13826831970
"Mar 8, 2025, 8:27:56 PM",Kudos,Activity,13826693229
"Mar 8, 2025, 8:28:04 PM",Kudos,Activity,13826418465
"Mar 8, 2025, 8:28:31 PM",Kudos,Activity,13826001857
"Mar 8, 2025, 8:29:09 PM",Kudos,Activity,13825952605
"Mar 8, 2025, 8:29:16 PM",Kudos,Activity,13825589354
"Mar 8, 2025, 10:49:49 PM",Kudos,Activity,13827183924
"Mar 9, 2025, 12:35:27 PM",Kudos,Activity,13832285396
"Mar 9, 2025, 6:56:55 PM",Kudos,Activity,13834668965
"Mar 9, 2025, 11:31:14 PM",Kudos,Activity,13838089628
"Mar 9, 2025, 11:31:37 PM",Kudos,Activity,13837810000
"Mar 9, 2025, 11:31:43 PM",Kudos,Activity,13838479960
"Mar 9, 2025, 11:32:00 PM",Kudos,Activity,13838473937
"Mar 10, 2025, 12:18:15 AM",Kudos,Activity,13838867577
"Mar 10, 2025, 12:21:49 AM",Kudos,Activity,13838885119
"Mar 10, 2025, 1:33:47 AM",Kudos,Activity,13839115890
"Mar 10, 2025, 11:22:22 AM",Kudos,Activity,13840044024
"Mar 10, 2025, 11:22:33 AM",Kudos,Activity,13838984104
"Mar 10, 2025, 11:22:43 AM",Kudos,Post,35606532
"Mar 10, 2025, 12:28:02 PM",Kudos,Activity,13841937824
"Mar 10, 2025, 1:52:59 PM",Kudos,Activity,13842273447
"Mar 10, 2025, 1:59:03 PM",Kudos,Activity,13824780611
"Mar 10, 2025, 1:59:05 PM",Kudos,Activity,13824776518
"Mar 10, 2025, 1:59:17 PM",Kudos,Activity,13817914230
"Mar 10, 2025, 1:59:34 PM",Kudos,Activity,13824279975
"Mar 10, 2025, 1:59:45 PM",Kudos,Activity,13824768427
"Mar 10, 2025, 2:03:59 PM",Kudos,Activity,13824409075
"Mar 10, 2025, 2:04:01 PM",Kudos,Activity,13824439160
"Mar 10, 2025, 2:04:05 PM",Kudos,Activity,13825008252
"Mar 10, 2025, 2:04:16 PM",Kudos,Activity,13824130839
"Mar 10, 2025, 2:04:50 PM",Kudos,Activity,13838599419
"Mar 10, 2025, 2:04:53 PM",Kudos,Activity,13838601089
"Mar 10, 2025, 2:05:03 PM",Kudos,Activity,13824922614
"Mar 10, 2025, 2:12:44 PM",Kudos,Activity,13810427531
"Mar 10, 2025, 6:43:51 PM",Kudos,Activity,13844912051
"Mar 10, 2025, 10:50:55 PM",Kudos,Activity,13847087018
"Mar 11, 2025, 1:35:31 AM",Kudos,Activity,13847586333
"Mar 11, 2025, 1:35:32 AM",Kudos,Activity,13847587112
"Mar 11, 2025, 1:35:35 AM",Kudos,Activity,13848066534
"Mar 11, 2025, 1:35:37 AM",Kudos,Activity,13847850529
"Mar 11, 2025, 1:35:39 AM",Kudos,Activity,13848030931
"Mar 11, 2025, 1:35:42 AM",Kudos,Activity,13847740424
"Mar 11, 2025, 1:35:43 AM",Kudos,Activity,13847819414
"Mar 11, 2025, 1:35:59 AM",Kudos,Activity,13847481869
"Mar 11, 2025, 1:36:02 AM",Kudos,Activity,13847839729
"Mar 11, 2025, 1:36:04 AM",Kudos,Activity,13848013738
"Mar 11, 2025, 1:36:06 AM",Kudos,Activity,13847754802
"Mar 11, 2025, 1:36:15 AM",Kudos,Activity,13847751583
"Mar 11, 2025, 1:36:16 AM",Kudos,Activity,13848067001
"Mar 11, 2025, 1:36:18 AM",Kudos,Activity,13847759088
"Mar 11, 2025, 1:36:22 AM",Kudos,Activity,13847907250
"Mar 11, 2025, 1:36:32 AM",Kudos,Activity,13847666716
"Mar 11, 2025, 1:36:44 AM",Kudos,Post,35627663
"Mar 11, 2025, 1:36:55 AM",Kudos,Activity,13847744188
"Mar 11, 2025, 1:36:56 AM",Kudos,Activity,13847650686
"Mar 11, 2025, 1:36:59 AM",Kudos,Activity,13847737342
"Mar 11, 2025, 1:37:04 AM",Kudos,Activity,13847562460
"Mar 11, 2025, 1:37:07 AM",Kudos,Activity,13847559235
"Mar 11, 2025, 1:37:11 AM",Kudos,Activity,13847681442
"Mar 11, 2025, 1:37:14 AM",Kudos,Activity,13847453204
"Mar 11, 2025, 1:37:16 AM",Kudos,Activity,13847691933
"Mar 11, 2025, 1:37:19 AM",Kudos,Activity,13847978378
"Mar 11, 2025, 1:49:57 AM",Kudos,Activity,13847766524
"Mar 11, 2025, 1:49:57 AM",Kudos,Activity,13847852901
"Mar 11, 2025, 1:50:01 AM",Kudos,Activity,13848162462
"Mar 11, 2025, 3:04:13 AM",Kudos,Activity,13845994909
"Mar 11, 2025, 3:04:20 AM",Kudos,Activity,13845651688
"Mar 11, 2025, 3:05:07 AM",Kudos,Activity,13838218038
"Mar 11, 2025, 3:07:44 AM",Kudos,Activity,13848430993
"Mar 11, 2025, 3:07:48 AM",Kudos,Post,35629570
"Mar 11, 2025, 10:48:04 AM",Kudos,Activity,13850510152
"Mar 11, 2025, 2:22:03 PM",Kudos,Activity,13851538678
"Mar 11, 2025, 2:29:55 PM",Kudos,Activity,13847785465
"Mar 11, 2025, 2:30:19 PM",Kudos,Activity,13824838855
"Mar 11, 2025, 2:59:35 PM",Kudos,Activity,13852569445
"Mar 11, 2025, 5:01:08 PM",Kudos,Activity,13853448007
"Mar 11, 2025, 5:33:56 PM",Kudos,Activity,13853850192
"Mar 11, 2025, 6:49:05 PM",Kudos,Activity,13854724663
"Mar 11, 2025, 11:56:05 PM",Kudos,Activity,13857103686
"Mar 11, 2025, 11:56:12 PM",Kudos,Activity,13856978474
"Mar 12, 2025, 12:01:13 AM",Kudos,Activity,13856975570
"Mar 12, 2025, 9:46:42 AM",Kudos,Activity,13857759863
"Mar 12, 2025, 9:46:51 AM",Kudos,Activity,13857643523
"Mar 12, 2025, 12:18:46 PM",Kudos,Activity,13851866119
"Mar 12, 2025, 1:05:38 PM",Kudos,Activity,13861402100
"Mar 12, 2025, 1:53:07 PM",Kudos,Activity,13861777518
"Mar 12, 2025, 5:13:31 PM",Kudos,Activity,13863221976
"Mar 12, 2025, 5:13:58 PM",Kudos,Activity,13862980114
"Mar 12, 2025, 5:14:02 PM",Kudos,Activity,13863110487
"Mar 12, 2025, 5:39:14 PM",Kudos,Activity,13863586263
"Mar 12, 2025, 6:05:48 PM",Kudos,Activity,13863905961
"Mar 12, 2025, 6:46:27 PM",Kudos,Activity,13864190831
"Mar 12, 2025, 7:13:01 PM",Kudos,Activity,13864455053
"Mar 12, 2025, 7:31:26 PM",Kudos,Activity,13864776058
"Mar 12, 2025, 8:43:48 PM",Kudos,Activity,13865403245
"Mar 12, 2025, 9:42:11 PM",Kudos,Activity,13865015966
"Mar 12, 2025, 9:42:13 PM",Kudos,Activity,13865833776
"Mar 12, 2025, 9:51:15 PM",Kudos,Activity,13861559701
"Mar 12, 2025, 10:07:37 PM",Kudos,Activity,13865991879
"Mar 12, 2025, 10:39:45 PM",Kudos,Activity,13866209621
"Mar 12, 2025, 10:53:50 PM",Kudos,Activity,13866264309
"Mar 12, 2025, 11:31:53 PM",Kudos,Activity,13866613197
"Mar 12, 2025, 11:59:13 PM",Kudos,Activity,13866687150
"Mar 12, 2025, 11:59:54 PM",Kudos,Activity,13866631906
"Mar 13, 2025, 12:00:06 AM",Kudos,Activity,13866608762
"Mar 13, 2025, 12:01:16 AM",Kudos,Activity,13866808078
"Mar 13, 2025, 12:10:18 AM",Kudos,Activity,13866860156
"Mar 13, 2025, 12:10:28 AM",Kudos,Activity,13866871399
"Mar 13, 2025, 9:53:23 AM",Kudos,Post,35663913
"Mar 13, 2025, 10:04:58 AM",Kudos,Activity,13866925664
"Mar 13, 2025, 10:05:08 AM",Kudos,Activity,13866927641
"Mar 13, 2025, 10:05:14 AM",Kudos,Activity,13866974615
"Mar 13, 2025, 10:05:17 AM",Kudos,Activity,13867065353
"Mar 13, 2025, 10:05:21 AM",Kudos,Activity,13867254676
"Mar 13, 2025, 10:05:25 AM",Kudos,Activity,13867103025
"Mar 13, 2025, 10:05:28 AM",Kudos,Activity,13866936281
"Mar 13, 2025, 10:51:33 AM",Kudos,Activity,13869491558
"Mar 13, 2025, 11:23:45 AM",Kudos,Activity,13869621651
"Mar 13, 2025, 12:50:04 PM",Kudos,Post,35670538
"Mar 13, 2025, 12:50:18 PM",Kudos,Activity,13870481007
"Mar 13, 2025, 1:13:10 PM",Kudos,Activity,13870671348
"Mar 13, 2025, 3:28:06 PM",Kudos,Activity,13871470439
"Mar 13, 2025, 10:24:50 PM",Kudos,Activity,13875453379
"Mar 13, 2025, 10:25:00 PM",Kudos,Activity,13875039501
"Mar 13, 2025, 11:49:11 PM",Kudos,Activity,13876274197
"Mar 13, 2025, 11:49:25 PM",Kudos,Activity,13876248539
"Mar 13, 2025, 11:59:21 PM",Kudos,Activity,13876314631
"Mar 14, 2025, 12:45:49 AM",Kudos,Activity,13876489113
"Mar 14, 2025, 12:11:07 PM",Kudos,Activity,13877250931
"Mar 14, 2025, 12:11:08 PM",Kudos,Activity,13875735537
"Mar 14, 2025, 12:11:12 PM",Kudos,Activity,13877021595
"Mar 14, 2025, 12:11:21 PM",Kudos,Activity,13876693818
"Mar 14, 2025, 12:11:31 PM",Kudos,Activity,13876472015
"Mar 14, 2025, 12:11:33 PM",Kudos,Activity,13876649342
"Mar 14, 2025, 12:11:35 PM",Kudos,Activity,13876608461
"Mar 14, 2025, 12:41:25 PM",Kudos,Activity,13879767419
"Mar 14, 2025, 12:52:28 PM",Kudos,Activity,13879843035
"Mar 14, 2025, 2:43:45 PM",Kudos,Activity,13880550874
"Mar 14, 2025, 3:11:40 PM",Kudos,Activity,13880865286
"Mar 14, 2025, 5:40:51 PM",Kudos,Activity,13881794640
"Mar 14, 2025, 5:40:58 PM",Kudos,Activity,13881980327
"Mar 14, 2025, 5:41:07 PM",Kudos,Activity,13881742151
"Mar 14, 2025, 6:34:21 PM",Kudos,Activity,13876259622
"Mar 14, 2025, 7:02:07 PM",Kudos,Activity,13882516099
"Mar 14, 2025, 7:58:56 PM",Kudos,Activity,13882881497
"Mar 14, 2025, 7:58:59 PM",Kudos,Activity,13882835281
"Mar 14, 2025, 7:59:08 PM",Kudos,Activity,13882644843
"Mar 14, 2025, 9:00:26 PM",Kudos,Activity,13883208225
"Mar 14, 2025, 9:00:54 PM",Kudos,Activity,13882516443
"Mar 14, 2025, 11:26:43 PM",Kudos,Activity,13883944458
"Mar 15, 2025, 12:08:28 AM",Kudos,Activity,13884451520
"Mar 15, 2025, 12:08:54 AM",Kudos,Activity,13884402222
"Mar 15, 2025, 12:09:00 AM",Kudos,Activity,13884268835
"Mar 15, 2025, 12:25:05 AM",Kudos,Activity,13884558544
"Mar 15, 2025, 12:15:56 PM",Kudos,Activity,13888203713
"Mar 15, 2025, 1:51:08 PM",Kudos,Activity,13888518679
"Mar 15, 2025, 3:16:36 PM",Kudos,Activity,13889216954
"Mar 15, 2025, 3:16:37 PM",Kudos,Activity,13889212369
"Mar 15, 2025, 3:16:39 PM",Kudos,Activity,13889217547
"Mar 15, 2025, 4:30:09 PM",Kudos,Activity,13889530094
"Mar 15, 2025, 4:30:23 PM",Kudos,Activity,13889251685
"Mar 15, 2025, 7:12:01 PM",Kudos,Activity,13889994426
"Mar 15, 2025, 7:12:11 PM",Kudos,Activity,13889558377
"Mar 15, 2025, 8:12:41 PM",Kudos,Activity,13890676401
"Mar 15, 2025, 9:23:11 PM",Kudos,Activity,13891975395
"Mar 15, 2025, 9:23:30 PM",Kudos,Activity,13892246650
"Mar 15, 2025, 9:24:54 PM",Kudos,Activity,13891633181
"Mar 16, 2025, 12:13:30 AM",Kudos,Activity,13893381164
"Mar 16, 2025, 12:13:40 AM",Kudos,Activity,13893380495
"Mar 16, 2025, 2:25:47 PM",Kudos,Activity,13898670436
"Mar 16, 2025, 2:25:54 PM",Kudos,Activity,13899126501
"Mar 16, 2025, 2:26:07 PM",Kudos,Activity,13898645531
"Mar 16, 2025, 2:26:14 PM",Kudos,Activity,13898306831
"Mar 16, 2025, 2:36:45 PM",Kudos,Activity,13899313613
"Mar 16, 2025, 3:48:06 PM",Kudos,Activity,13899922706
"Mar 16, 2025, 7:18:24 PM",Kudos,Activity,13901658493
"Mar 16, 2025, 7:18:32 PM",Kudos,Activity,13901966104
"Mar 16, 2025, 7:18:41 PM",Kudos,Activity,13901388182
"Mar 16, 2025, 7:18:43 PM",Kudos,Activity,13901149798
"Mar 16, 2025, 7:18:45 PM",Kudos,Activity,13901287417
"Mar 16, 2025, 7:18:52 PM",Kudos,Activity,13901345647
"Mar 16, 2025, 7:18:55 PM",Kudos,Activity,13900398782
"Mar 16, 2025, 7:18:57 PM",Kudos,Post,35730376
"Mar 16, 2025, 7:20:19 PM",Kudos,Activity,13901490573
"Mar 16, 2025, 7:20:20 PM",Kudos,Activity,13900187652
"Mar 16, 2025, 7:20:28 PM",Kudos,Activity,13901507909
"Mar 16, 2025, 7:20:30 PM",Kudos,Activity,13900843136
"Mar 16, 2025, 7:45:43 PM",Kudos,Activity,13901940018
"Mar 16, 2025, 11:18:09 PM",Kudos,Activity,13902768393
"Mar 16, 2025, 11:18:18 PM",Kudos,Activity,13903178794
"Mar 16, 2025, 11:18:25 PM",Kudos,Activity,13902681427
"Mar 16, 2025, 11:18:30 PM",Kudos,Activity,13902910472
"Mar 16, 2025, 11:18:36 PM",Kudos,Activity,13902905584
"Mar 17, 2025, 9:52:33 AM",Kudos,Activity,13903431656
"Mar 17, 2025, 12:39:07 PM",Kudos,Activity,13906282069
"Mar 17, 2025, 2:49:34 PM",Kudos,Activity,13906982501
"Mar 17, 2025, 9:16:26 PM",Kudos,Activity,13910508892
"Mar 17, 2025, 9:23:10 PM",Kudos,Activity,13910915397
"Mar 18, 2025, 12:58:00 AM",Kudos,Activity,13912165483
"Mar 18, 2025, 12:58:10 AM",Kudos,Activity,13912232420
"Mar 18, 2025, 1:05:08 AM",Kudos,Activity,13912369938
"Mar 18, 2025, 1:05:14 AM",Kudos,Activity,13912356815
"Mar 18, 2025, 1:05:44 AM",Kudos,Activity,13912122214
"Mar 18, 2025, 1:06:04 AM",Kudos,Activity,13912299630
"Mar 18, 2025, 1:06:15 AM",Kudos,Activity,13912163411
"Mar 18, 2025, 1:06:31 AM",Kudos,Activity,13912203119
"Mar 18, 2025, 1:06:39 AM",Kudos,Activity,13912241083
"Mar 18, 2025, 1:06:43 AM",Kudos,Activity,13912103246
"Mar 18, 2025, 1:06:50 AM",Kudos,Activity,13912109236
"Mar 18, 2025, 1:07:15 AM",Kudos,Activity,13912235103
"Mar 18, 2025, 1:19:32 AM",Kudos,Activity,13912437814
"Mar 18, 2025, 1:19:36 AM",Kudos,Activity,13912126765
"Mar 18, 2025, 1:19:39 AM",Kudos,Activity,13912392869
"Mar 18, 2025, 1:55:47 AM",Kudos,Activity,13912506912
"Mar 18, 2025, 1:56:14 AM",Kudos,Activity,13898019920
"Mar 18, 2025, 1:57:01 AM",Kudos,Activity,13912595855
"Mar 18, 2025, 2:02:10 AM",Kudos,Activity,13911720631
"Mar 18, 2025, 2:04:29 AM",Kudos,Activity,13912624111
"Mar 18, 2025, 2:04:35 AM",Kudos,Activity,13912150195
"Mar 18, 2025, 2:04:57 AM",Kudos,Activity,13912204950
"Mar 18, 2025, 2:05:05 AM",Kudos,Activity,13912079643
"Mar 18, 2025, 2:05:08 AM",Kudos,Activity,13912089653
"Mar 18, 2025, 2:05:10 AM",Kudos,Activity,13912619740
"Mar 18, 2025, 2:05:14 AM",Kudos,Activity,13912623788
"Mar 18, 2025, 9:42:12 AM",Kudos,Activity,13913161632
"Mar 18, 2025, 9:43:05 AM",Kudos,Post,35758027
"Mar 18, 2025, 11:53:04 AM",Kudos,Activity,13915401779
"Mar 18, 2025, 1:01:43 PM",Kudos,Activity,13915894451
"Mar 18, 2025, 3:51:37 PM",Kudos,Activity,13916756782
"Mar 18, 2025, 3:51:51 PM",Kudos,Post,35764154
"Mar 18, 2025, 9:27:24 PM",Kudos,Activity,13920689602
"Mar 18, 2025, 10:39:34 PM",Kudos,Activity,13921296438
"Mar 18, 2025, 10:39:39 PM",Kudos,Activity,13921272110
"Mar 18, 2025, 11:21:20 PM",Kudos,Activity,13921479704
"Mar 18, 2025, 11:21:21 PM",Kudos,Activity,13921570856
"Mar 18, 2025, 11:50:59 PM",Kudos,Activity,13921805206
"Mar 18, 2025, 11:51:13 PM",Kudos,Activity,13921651903
"Mar 19, 2025, 12:28:47 AM",Kudos,Activity,13922005442
"Mar 19, 2025, 12:28:51 AM",Kudos,Activity,13922080415
"Mar 19, 2025, 12:29:02 AM",Kudos,Activity,13922086213
"Mar 19, 2025, 12:29:16 AM",Kudos,Activity,13921990423
"Mar 19, 2025, 12:29:21 AM",Kudos,Activity,13921934253
"Mar 19, 2025, 12:41:38 AM",Kudos,Activity,13922136870
"Mar 19, 2025, 1:02:23 AM",Kudos,Activity,13922182810
"Mar 19, 2025, 1:02:40 AM",Kudos,Post,35773658
"Mar 19, 2025, 1:55:31 AM",Kudos,Activity,13922427969
"Mar 19, 2025, 9:42:58 AM",Kudos,Activity,13922704653
"Mar 19, 2025, 12:08:27 PM",Kudos,Activity,13925312669
"Mar 19, 2025, 12:17:20 PM",Kudos,Activity,13925350633
"Mar 19, 2025, 12:17:42 PM",Kudos,Activity,13925055752
"Mar 19, 2025, 1:07:37 PM",Kudos,Activity,13925987980
"Mar 19, 2025, 1:14:00 PM",Kudos,Activity,13926048177
"Mar 19, 2025, 1:14:11 PM",Kudos,Activity,13926080012
"Mar 19, 2025, 1:20:23 PM",Kudos,Activity,13926106800
"Mar 19, 2025, 1:43:38 PM",Kudos,Activity,13926239070
"Mar 19, 2025, 1:43:48 PM",Kudos,Activity,13926305494
"Mar 19, 2025, 3:24:56 PM",Kudos,Activity,13927102090
"Mar 19, 2025, 4:01:29 PM",Kudos,Activity,13927356467
"Mar 19, 2025, 5:27:35 PM",Kudos,Activity,13928298586
"Mar 19, 2025, 5:28:00 PM",Kudos,Activity,13928130893
"Mar 19, 2025, 7:49:06 PM",Kudos,Activity,13929819038
"Mar 19, 2025, 8:21:07 PM",Kudos,Activity,13930122944
"Mar 19, 2025, 10:24:44 PM",Kudos,Activity,13930684676
"Mar 19, 2025, 10:24:55 PM",Kudos,Activity,13929864752
"Mar 20, 2025, 12:01:12 AM",Kudos,Activity,13931678952
"Mar 20, 2025, 12:01:14 AM",Kudos,Activity,13931158184
"Mar 20, 2025, 12:01:56 AM",Kudos,Activity,13931125440
"Mar 20, 2025, 12:02:15 AM",Kudos,Activity,13931498699
"Mar 20, 2025, 12:02:37 AM",Kudos,Activity,13931697337
"Mar 20, 2025, 12:02:54 AM",Kudos,Activity,13931080088
"Mar 20, 2025, 12:03:08 AM",Kudos,Activity,13931251922
"Mar 20, 2025, 12:03:10 AM",Kudos,Activity,13930695450
"Mar 20, 2025, 12:35:35 AM",Kudos,Activity,13931877327
"Mar 20, 2025, 1:20:09 AM",Kudos,Activity,13932100344
"Mar 20, 2025, 1:35:21 AM",Kudos,Activity,13932122095
"Mar 20, 2025, 2:02:40 AM",Kudos,Activity,13932187700
"Mar 20, 2025, 11:52:24 AM",Kudos,Activity,13935002474
"Mar 20, 2025, 1:06:19 PM",Kudos,Activity,13935564355
"Mar 20, 2025, 4:14:35 PM",Kudos,Activity,13936670365
"Mar 20, 2025, 9:46:58 PM",Kudos,Activity,13939409852
"Mar 20, 2025, 11:04:38 PM",Kudos,Activity,13940567855
"Mar 20, 2025, 11:04:44 PM",Kudos,Activity,13940399031
"Mar 20, 2025, 11:04:52 PM",Kudos,Activity,13940469965
"Mar 20, 2025, 11:04:58 PM",Kudos,Activity,13939852926
"Mar 21, 2025, 10:03:36 AM",Kudos,Activity,13941466476
"Mar 21, 2025, 10:03:51 AM",Kudos,Activity,13941336813
"Mar 21, 2025, 10:03:55 AM",Kudos,Activity,13941305063
"Mar 21, 2025, 10:03:58 AM",Kudos,Activity,13941090871
"Mar 21, 2025, 10:04:14 AM",Kudos,Activity,13941171227
"Mar 21, 2025, 10:04:23 AM",Kudos,Activity,13941008955
"Mar 21, 2025, 10:04:35 AM",Kudos,Activity,13940849775
"Mar 21, 2025, 10:04:37 AM",Kudos,Activity,13941061318
"Mar 21, 2025, 10:04:47 AM",Kudos,Activity,13940787897
"Mar 21, 2025, 12:23:58 PM",Kudos,Activity,13944443357
"Mar 21, 2025, 1:14:08 PM",Kudos,Activity,13944479560
"Mar 21, 2025, 1:14:08 PM",Kudos,Activity,13944705871
"Mar 21, 2025, 2:06:49 PM",Kudos,Activity,13944510320
"Mar 21, 2025, 2:06:58 PM",Kudos,Activity,13944164873
"Mar 21, 2025, 2:07:03 PM",Kudos,Activity,13941633781
"Mar 21, 2025, 8:40:23 PM",Kudos,Activity,13948199043
"Mar 21, 2025, 10:01:53 PM",Kudos,Activity,13948604642
"Mar 22, 2025, 1:42:21 AM",Kudos,Activity,13949538843
"Mar 22, 2025, 1:42:33 AM",Kudos,Activity,13949342234
"Mar 22, 2025, 1:42:39 AM",Kudos,Activity,13949235962
"Mar 22, 2025, 1:42:56 AM",Kudos,Activity,13949341893
"Mar 22, 2025, 3:46:18 PM",Kudos,Activity,13955492544
"Mar 22, 2025, 3:46:22 PM",Kudos,Activity,13955435274
"Mar 22, 2025, 3:46:29 PM",Kudos,Activity,13955540295
"Mar 22, 2025, 3:46:37 PM",Kudos,Activity,13955028443
"Mar 22, 2025, 3:46:42 PM",Kudos,Activity,13955423578
"Mar 22, 2025, 3:46:54 PM",Kudos,Activity,13955552977
"Mar 22, 2025, 3:47:12 PM",Kudos,Activity,13954870808
"Mar 22, 2025, 3:47:15 PM",Kudos,Activity,13954742887
"Mar 22, 2025, 3:47:19 PM",Kudos,Activity,13954618413
"Mar 22, 2025, 3:47:23 PM",Kudos,Activity,13954636674
"Mar 22, 2025, 3:47:27 PM",Kudos,Activity,13954874478
"Mar 22, 2025, 3:47:34 PM",Kudos,Activity,13953695175
"Mar 22, 2025, 3:47:38 PM",Kudos,Activity,13953671645
"Mar 22, 2025, 3:47:43 PM",Kudos,Activity,13951488492
"Mar 22, 2025, 4:14:15 PM",Kudos,Activity,13955298963
"Mar 22, 2025, 4:14:26 PM",Kudos,Activity,13955790159
"Mar 22, 2025, 4:18:37 PM",Kudos,Activity,13956002889
"Mar 22, 2025, 4:26:53 PM",Kudos,Activity,13956057712
"Mar 22, 2025, 5:19:32 PM",Kudos,Activity,13956603203
"Mar 22, 2025, 6:10:36 PM",Kudos,Activity,13956840831
"Mar 22, 2025, 6:32:33 PM",Kudos,Activity,13957182337
"Mar 22, 2025, 6:32:38 PM",Kudos,Activity,13957080471
"Mar 22, 2025, 8:51:47 PM",Kudos,Activity,13957792008
"Mar 22, 2025, 8:51:52 PM",Kudos,Activity,13957451044
"Mar 22, 2025, 9:06:13 PM",Kudos,Activity,13958127772
"Mar 22, 2025, 9:06:25 PM",Kudos,Activity,13958116366
"Mar 23, 2025, 12:28:03 AM",Kudos,Activity,13958880261
"Mar 23, 2025, 12:28:43 AM",Kudos,Activity,13958806491
"Mar 23, 2025, 12:28:45 AM",Kudos,Activity,13958803662
"Mar 23, 2025, 12:29:16 AM",Kudos,Activity,13958568011
"Mar 23, 2025, 11:30:34 AM",Kudos,Activity,13960756275
"Mar 23, 2025, 1:31:10 PM",Kudos,Activity,13963792838
"Mar 23, 2025, 4:21:14 PM",Kudos,Activity,13965860217
"Mar 23, 2025, 4:21:24 PM",Kudos,Activity,13965587672
"Mar 23, 2025, 4:21:40 PM",Kudos,Activity,13964790296
"Mar 23, 2025, 4:21:47 PM",Kudos,Activity,13964738730
"Mar 23, 2025, 4:21:50 PM",Kudos,Activity,13964365617
"Mar 23, 2025, 6:56:59 PM",Kudos,Activity,13967428259
"Mar 23, 2025, 7:02:47 PM",Kudos,Activity,13967481155
"Mar 23, 2025, 7:13:21 PM",Kudos,Activity,13967520077
"Mar 23, 2025, 7:13:23 PM",Kudos,Activity,13967393925
"Mar 23, 2025, 7:38:09 PM",Kudos,Activity,13966668191
"Mar 23, 2025, 7:38:11 PM",Kudos,Activity,13967764288
"Mar 23, 2025, 8:47:22 PM",Kudos,Activity,13968173535
"Mar 23, 2025, 9:17:34 PM",Kudos,Activity,13968378177
"Mar 23, 2025, 11:39:11 PM",Kudos,Activity,13969007343
"Mar 23, 2025, 11:39:15 PM",Kudos,Activity,13968999623
"Mar 23, 2025, 11:39:21 PM",Kudos,Activity,13968998383
"Mar 24, 2025, 10:37:54 AM",Kudos,Activity,13968336188
"Mar 24, 2025, 11:02:14 AM",Kudos,Activity,13971528556
"Mar 24, 2025, 1:22:26 PM",Kudos,Activity,13972581009
"Mar 24, 2025, 6:39:11 PM",Kudos,Activity,13974977573
"Mar 24, 2025, 7:50:09 PM",Kudos,Activity,13975958109
"Mar 24, 2025, 9:15:20 PM",Kudos,Activity,13975823168
"Mar 24, 2025, 11:33:21 PM",Kudos,Activity,13977691025
"Mar 24, 2025, 11:33:32 PM",Kudos,Activity,13977420052
"Mar 25, 2025, 1:09:32 AM",Kudos,Activity,13978117392
"Mar 25, 2025, 1:09:40 AM",Kudos,Activity,13978303710
"Mar 25, 2025, 1:09:49 AM",Kudos,Activity,13978088055
"Mar 25, 2025, 1:09:50 AM",Kudos,Activity,13978252250
"Mar 25, 2025, 1:10:11 AM",Kudos,Activity,13978109419
"Mar 25, 2025, 1:27:54 AM",Kudos,Activity,13978071332
"Mar 25, 2025, 1:29:54 AM",Kudos,Activity,13978406557
"Mar 25, 2025, 1:42:37 AM",Kudos,Activity,13978421286
"Mar 25, 2025, 1:50:06 AM",Kudos,Activity,13978261049
"Mar 25, 2025, 1:50:44 AM",Kudos,Activity,13978184894
"Mar 25, 2025, 1:50:49 AM",Kudos,Activity,13978196815
"Mar 25, 2025, 1:51:35 AM",Kudos,Activity,13978099861
"Mar 25, 2025, 1:52:08 AM",Kudos,Activity,13978076176
"Mar 25, 2025, 1:52:12 AM",Kudos,Activity,13978068496
"Mar 25, 2025, 1:52:33 AM",Kudos,Activity,13978061366
"Mar 25, 2025, 1:53:22 AM",Kudos,Activity,13977482436
"Mar 25, 2025, 1:53:25 AM",Kudos,Activity,13977476457
"Mar 25, 2025, 2:00:28 AM",Kudos,Activity,13978528482
"Mar 25, 2025, 10:06:06 AM",Kudos,Activity,13978403688
"Mar 25, 2025, 10:58:13 AM",Kudos,Activity,13980968802
"Mar 25, 2025, 11:54:39 AM",Kudos,Activity,13981441205
"Mar 25, 2025, 11:54:41 AM",Kudos,Activity,13981418773
"Mar 25, 2025, 12:04:34 PM",Kudos,Activity,13981571707
"Mar 25, 2025, 12:49:58 PM",Kudos,Activity,13981933367
"Mar 25, 2025, 2:25:48 PM",Kudos,Activity,13982745623
"Mar 25, 2025, 3:47:28 PM",Kudos,Activity,13982793856
"Mar 25, 2025, 3:47:44 PM",Kudos,Activity,13982433545
"Mar 25, 2025, 5:23:18 PM",Kudos,Activity,13984117304
"Mar 25, 2025, 6:08:40 PM",Kudos,Activity,13984676088
"Mar 25, 2025, 6:43:28 PM",Kudos,Activity,13984305607
"Mar 25, 2025, 7:39:08 PM",Kudos,Activity,13985792328
"Mar 25, 2025, 9:31:38 PM",Kudos,Activity,13986745786
"Mar 25, 2025, 10:15:34 PM",Kudos,Activity,13987045581
"Mar 25, 2025, 10:38:37 PM",Kudos,Post,35909263
"Mar 25, 2025, 11:44:05 PM",Kudos,Activity,13987862362
"Mar 25, 2025, 11:44:19 PM",Kudos,Activity,13987669202
"Mar 25, 2025, 11:44:21 PM",Kudos,Activity,13987867046
"Mar 25, 2025, 11:44:25 PM",Kudos,Activity,13987645497
"Mar 25, 2025, 11:44:32 PM",Kudos,Activity,13987863001
"Mar 25, 2025, 11:44:36 PM",Kudos,Activity,13987844473
"Mar 25, 2025, 11:44:42 PM",Kudos,Activity,13987295538
"Mar 26, 2025, 12:27:39 AM",Kudos,Activity,13988017248
"Mar 26, 2025, 12:27:55 AM",Kudos,Activity,13988066637
"Mar 26, 2025, 1:52:57 AM",Kudos,Activity,13988541329
"Mar 26, 2025, 1:53:18 AM",Kudos,Post,35911983
"Mar 26, 2025, 1:53:22 AM",Kudos,Activity,13988317257
"Mar 26, 2025, 1:53:32 AM",Kudos,Activity,13988232076
"Mar 26, 2025, 1:53:44 AM",Kudos,Activity,13988157403
"Mar 26, 2025, 1:53:55 AM",Kudos,Activity,13988118803
"Mar 26, 2025, 1:53:59 AM",Kudos,Activity,13988102260
"Mar 26, 2025, 1:54:07 AM",Kudos,Activity,13988102655
"Mar 26, 2025, 9:56:40 AM",Kudos,Activity,13988745606
"Mar 26, 2025, 12:09:52 PM",Kudos,Activity,13991532176
"Mar 26, 2025, 12:10:08 PM",Kudos,Activity,13991433479
"Mar 26, 2025, 12:10:27 PM",Kudos,Activity,13991403174
"Mar 26, 2025, 12:10:31 PM",Kudos,Activity,13991224129
"Mar 26, 2025, 1:15:24 PM",Kudos,Activity,13992194646
"Mar 26, 2025, 5:03:19 PM",Kudos,Activity,13993998230
"Mar 26, 2025, 5:03:47 PM",Kudos,Activity,13993145370
"Mar 26, 2025, 8:22:57 PM",Kudos,Activity,13995914111
"Mar 26, 2025, 9:58:54 PM",Kudos,Post,35927289
"Mar 26, 2025, 9:59:15 PM",Kudos,Activity,13996716843
"Mar 26, 2025, 10:18:55 PM",Kudos,Activity,13997024791
"Mar 27, 2025, 1:49:10 AM",Kudos,Activity,13998278983
"Mar 27, 2025, 2:09:38 AM",Kudos,Activity,13998317935
"Mar 27, 2025, 2:27:30 AM",Kudos,Activity,13998424317
"Mar 27, 2025, 2:27:42 AM",Kudos,Activity,13998043900
"Mar 27, 2025, 2:28:13 AM",Kudos,Activity,13997992689
"Mar 27, 2025, 2:28:17 AM",Kudos,Activity,13998023691
"Mar 27, 2025, 2:28:26 AM",Kudos,Activity,13997932809
"Mar 27, 2025, 2:28:31 AM",Kudos,Activity,13997905751
"Mar 27, 2025, 2:28:38 AM",Kudos,Activity,13997826489
"Mar 27, 2025, 2:28:42 AM",Kudos,Activity,13997947762
"Mar 27, 2025, 2:28:57 AM",Kudos,Activity,13997912544
"Mar 27, 2025, 2:29:03 AM",Kudos,Activity,13997779815
"Mar 27, 2025, 2:29:08 AM",Kudos,Activity,13997839976
"Mar 27, 2025, 2:29:15 AM",Kudos,Activity,13997647841
"Mar 27, 2025, 2:29:19 AM",Kudos,Activity,13997462164
"Mar 27, 2025, 10:54:16 AM",Kudos,Activity,14000507617
"Mar 27, 2025, 11:00:11 AM",Kudos,Activity,14000642138
"Mar 27, 2025, 12:20:32 PM",Kudos,Activity,14001303698
"Mar 27, 2025, 12:37:11 PM",Kudos,Activity,14001496792
"Mar 27, 2025, 12:38:01 PM",Kudos,Activity,14001248775
"Mar 27, 2025, 1:00:56 PM",Kudos,Activity,14001605133
"Mar 27, 2025, 4:39:45 PM",Kudos,Activity,14003286396
"Mar 27, 2025, 6:37:22 PM",Kudos,Activity,14004348420
"Mar 27, 2025, 7:26:48 PM",Kudos,Activity,14003922958
"Mar 27, 2025, 7:26:50 PM",Kudos,Activity,14003932134
"Mar 27, 2025, 9:15:43 PM",Kudos,Activity,14005315412
"Mar 27, 2025, 9:15:51 PM",Kudos,Activity,14005384172
"Mar 27, 2025, 9:42:31 PM",Kudos,Activity,14005951559
"Mar 28, 2025, 1:21:38 AM",Kudos,Activity,14007415301
"Mar 28, 2025, 1:21:48 AM",Kudos,Activity,14007250542
"Mar 28, 2025, 1:21:50 AM",Kudos,Activity,14007146323
"Mar 28, 2025, 1:21:52 AM",Kudos,Activity,14007036885
"Mar 28, 2025, 1:21:55 AM",Kudos,Activity,14006962998
"Mar 28, 2025, 1:22:01 AM",Kudos,Activity,14007003822
"Mar 28, 2025, 1:22:05 AM",Kudos,Activity,14006963078
"Mar 28, 2025, 1:22:08 AM",Kudos,Activity,14006717716
"Mar 28, 2025, 1:22:16 AM",Kudos,Activity,14006644409
"Mar 28, 2025, 1:23:46 AM",Kudos,Activity,14006408997
"Mar 28, 2025, 1:46:04 AM",Kudos,Activity,14007554341
"Mar 28, 2025, 1:57:32 AM",Kudos,Activity,14007627935
"Mar 28, 2025, 2:55:35 AM",Kudos,Activity,14007801683
"Mar 28, 2025, 1:42:10 PM",Kudos,Activity,14010816542
"Mar 28, 2025, 1:42:21 PM",Kudos,Activity,14010408056
"Mar 28, 2025, 1:42:24 PM",Kudos,Activity,14010759120
"Mar 28, 2025, 1:42:34 PM",Kudos,Activity,14010499113
"Mar 28, 2025, 1:42:38 PM",Kudos,Activity,14010157311
"Mar 28, 2025, 1:42:39 PM",Kudos,Activity,14010171367
"Mar 28, 2025, 1:42:44 PM",Kudos,Activity,14008071142
"Mar 28, 2025, 3:56:05 PM",Kudos,Activity,14011863446
"Mar 28, 2025, 5:43:16 PM",Kudos,Activity,14012584979
"Mar 28, 2025, 5:43:33 PM",Kudos,Activity,14012114894
"Mar 28, 2025, 6:04:56 PM",Kudos,Activity,14013140047
"Mar 29, 2025, 12:44:49 PM",Kudos,Activity,14019552201
"Mar 29, 2025, 12:44:54 PM",Kudos,Activity,14016144088
"Mar 29, 2025, 1:50:53 PM",Kudos,Activity,14019972698
"Mar 29, 2025, 2:35:41 PM",Kudos,Activity,14020656956
"Mar 29, 2025, 2:35:48 PM",Kudos,Activity,14020626474
"Mar 29, 2025, 2:35:54 PM",Kudos,Activity,14020553073
"Mar 29, 2025, 2:35:59 PM",Kudos,Activity,14020671970
"Mar 29, 2025, 2:36:06 PM",Kudos,Activity,14020425468
"Mar 29, 2025, 2:36:38 PM",Kudos,Activity,14020665203
"Mar 29, 2025, 2:36:44 PM",Kudos,Activity,14020321812
"Mar 29, 2025, 2:36:49 PM",Kudos,Activity,14020334284
"Mar 29, 2025, 3:41:02 PM",Kudos,Activity,14021144037
"Mar 29, 2025, 3:41:41 PM",Kudos,Activity,14021109337
"Mar 29, 2025, 3:42:02 PM",Kudos,Activity,14021036049
"Mar 29, 2025, 3:42:05 PM",Kudos,Activity,14021106977
"Mar 29, 2025, 3:42:09 PM",Kudos,Activity,14020734480
"Mar 29, 2025, 3:42:18 PM",Kudos,Activity,14020849046
"Mar 29, 2025, 3:42:31 PM",Kudos,Activity,14021211184
"Mar 29, 2025, 3:42:43 PM",Kudos,Activity,14020773882
"Mar 29, 2025, 4:31:59 PM",Kudos,Activity,14021499962
"Mar 29, 2025, 6:36:42 PM",Kudos,Activity,14022346634
"Mar 29, 2025, 6:37:22 PM",Kudos,Activity,14022385262
"Mar 29, 2025, 10:45:29 PM",Kudos,Activity,14024355072
"Mar 29, 2025, 10:45:42 PM",Kudos,Activity,14023806414
"Mar 29, 2025, 10:45:53 PM",Kudos,Activity,14023503863
"Mar 29, 2025, 10:46:27 PM",Kudos,Activity,14023501457
"Mar 30, 2025, 4:31:31 PM",Kudos,Activity,14031032758
"Mar 30, 2025, 9:54:08 PM",Kudos,Activity,14034063891
"Mar 30, 2025, 9:54:10 PM",Kudos,Activity,14033995364
"Mar 30, 2025, 9:54:13 PM",Kudos,Activity,14034068393
"Mar 30, 2025, 9:54:27 PM",Kudos,Activity,14033765357
"Mar 30, 2025, 9:54:35 PM",Kudos,Activity,14033519644
"Mar 30, 2025, 9:54:35 PM",Kudos,Activity,14033996678
"Mar 30, 2025, 9:54:47 PM",Kudos,Activity,14032095784
"Mar 30, 2025, 9:54:47 PM",Kudos,Activity,14032458681
"Mar 30, 2025, 9:54:52 PM",Kudos,Activity,14032943996
"Mar 30, 2025, 9:54:56 PM",Kudos,Activity,14032208948
"Mar 30, 2025, 9:54:58 PM",Kudos,Activity,14032721552
"Mar 30, 2025, 9:55:17 PM",Kudos,Activity,14033218670
"Mar 30, 2025, 9:55:37 PM",Kudos,Activity,14032001778
"Mar 30, 2025, 9:55:41 PM",Kudos,Activity,14031405612
"Mar 30, 2025, 9:55:44 PM",Kudos,Activity,14032638729
"Mar 31, 2025, 12:24:48 AM",Kudos,Activity,14034801355
"Mar 31, 2025, 12:24:50 AM",Kudos,Activity,14034777784
"Mar 31, 2025, 12:25:04 AM",Kudos,Activity,14034738768
"Mar 31, 2025, 12:25:09 AM",Kudos,Activity,14034490564
"Mar 31, 2025, 12:55:19 AM",Kudos,Activity,14034860701
"Mar 31, 2025, 1:03:56 AM",Kudos,Activity,14034838113
"Mar 31, 2025, 11:37:36 AM",Kudos,Activity,14037407203
"Mar 31, 2025, 11:37:50 AM",Kudos,Activity,14035870751
"Mar 31, 2025, 11:53:41 AM",Kudos,Activity,14037705247
"Mar 31, 2025, 2:19:54 PM",Kudos,Activity,14038368071
"Apr 1, 2025, 12:27:40 PM",Kudos,Activity,14047636569
"Apr 1, 2025, 12:27:43 PM",Kudos,Activity,14047408230
"Apr 1, 2025, 12:27:45 PM",Kudos,Activity,14047382092
"Apr 1, 2025, 12:27:48 PM",Kudos,Activity,14047371798
"Apr 1, 2025, 12:27:54 PM",Kudos,Activity,14047178937
"Apr 1, 2025, 12:27:58 PM",Kudos,Activity,14045955735
"Apr 1, 2025, 12:27:59 PM",Kudos,Activity,14044489350
"Apr 1, 2025, 12:28:05 PM",Kudos,Activity,14043805719
"Apr 1, 2025, 12:28:07 PM",Kudos,Activity,14044465002
"Apr 1, 2025, 12:28:10 PM",Kudos,Activity,14043890287
"Apr 1, 2025, 12:28:14 PM",Kudos,Activity,14044464494
"Apr 1, 2025, 12:30:33 PM",Kudos,Activity,14044239475
"Apr 1, 2025, 12:30:36 PM",Kudos,Post,36029966
"Apr 1, 2025, 12:30:50 PM",Kudos,Activity,14044002375
"Apr 1, 2025, 12:30:51 PM",Kudos,Activity,14043849000
"Apr 1, 2025, 12:30:56 PM",Kudos,Activity,14043841572
"Apr 1, 2025, 12:30:59 PM",Kudos,Activity,14043997925
"Apr 1, 2025, 12:31:01 PM",Kudos,Activity,14043823761
"Apr 1, 2025, 12:34:27 PM",Kudos,Activity,14043786849
"Apr 1, 2025, 12:34:30 PM",Kudos,Activity,14043812000
"Apr 1, 2025, 12:34:31 PM",Kudos,Activity,14044350617
"Apr 1, 2025, 12:34:37 PM",Kudos,Activity,14044048379
"Apr 1, 2025, 12:34:42 PM",Kudos,Activity,14043828477
"Apr 1, 2025, 12:34:47 PM",Kudos,Activity,14043878899
"Apr 1, 2025, 12:34:53 PM",Kudos,Activity,14044148227
"Apr 1, 2025, 12:34:55 PM",Kudos,Activity,14043937983
"Apr 1, 2025, 12:34:58 PM",Kudos,Activity,14043850345
"Apr 1, 2025, 12:39:37 PM",Kudos,Activity,14043672251
"Apr 1, 2025, 12:40:58 PM",Kudos,Activity,14043663306
"Apr 1, 2025, 12:41:03 PM",Kudos,Activity,14043576581
"Apr 1, 2025, 12:41:09 PM",Kudos,Activity,14043643298
"Apr 1, 2025, 12:41:12 PM",Kudos,Activity,14043555305
"Apr 1, 2025, 12:41:18 PM",Kudos,Activity,14043562261
"Apr 1, 2025, 12:43:41 PM",Kudos,Activity,14043757840
"Apr 1, 2025, 12:43:52 PM",Kudos,Activity,14044418345
"Apr 1, 2025, 1:34:27 PM",Kudos,Activity,14047985362
"Apr 1, 2025, 2:19:00 PM",Kudos,Activity,14048487424
"Apr 1, 2025, 5:42:04 PM",Kudos,Activity,14049386126
"Apr 1, 2025, 5:42:10 PM",Kudos,Activity,14049164339
"Apr 1, 2025, 5:42:18 PM",Kudos,Activity,14049090166
"Apr 1, 2025, 5:42:28 PM",Kudos,Activity,14050165237
"Apr 1, 2025, 5:42:31 PM",Kudos,Activity,14050162216
"Apr 1, 2025, 5:42:42 PM",Kudos,Activity,14029591771
"Apr 1, 2025, 7:05:41 PM",Kudos,Activity,14051195384
"Apr 1, 2025, 7:06:02 PM",Kudos,Activity,14050551449
"Apr 2, 2025, 2:19:56 AM",Kudos,Activity,14054357633
"Apr 2, 2025, 2:20:02 AM",Kudos,Activity,14054598036
"Apr 2, 2025, 2:20:19 AM",Kudos,Activity,14054401250
"Apr 2, 2025, 2:20:24 AM",Kudos,Post,36051674
"Apr 2, 2025, 2:20:57 AM",Kudos,Activity,14054155572
"Apr 2, 2025, 2:21:23 AM",Kudos,Activity,14054090285
"Apr 2, 2025, 2:22:05 AM",Kudos,Activity,14053952853
"Apr 2, 2025, 2:22:08 AM",Kudos,Activity,14054094606
"Apr 2, 2025, 2:22:13 AM",Kudos,Activity,14053711344
"Apr 2, 2025, 2:22:30 AM",Kudos,Activity,14053773611
"Apr 2, 2025, 2:22:40 AM",Kudos,Activity,14053609966
"Apr 2, 2025, 2:22:42 AM",Kudos,Activity,14053508214
"Apr 2, 2025, 2:22:45 AM",Kudos,Activity,14053772956
"Apr 2, 2025, 2:22:54 AM",Kudos,Activity,14053337583
"Apr 2, 2025, 2:22:57 AM",Kudos,Activity,14053773013
"Apr 2, 2025, 2:23:03 AM",Kudos,Activity,14053889066
"Apr 2, 2025, 11:39:07 AM",Kudos,Activity,14057422290
"Apr 2, 2025, 11:39:09 AM",Kudos,Activity,14054789407
"Apr 2, 2025, 11:39:16 AM",Kudos,Activity,14054597072
"Apr 2, 2025, 12:15:24 PM",Kudos,Activity,14057710151
"Apr 2, 2025, 1:27:31 PM",Kudos,Activity,14058337619
"Apr 2, 2025, 1:27:47 PM",Kudos,Activity,14058322662
"Apr 2, 2025, 2:40:39 PM",Kudos,Activity,14058919523
"Apr 2, 2025, 6:32:57 PM",Kudos,Activity,14059806436
"Apr 2, 2025, 8:14:09 PM",Kudos,Activity,14062349867
"Apr 3, 2025, 1:32:24 AM",Kudos,Activity,14064137877
"Apr 3, 2025, 1:32:45 AM",Kudos,Activity,14063951622
"Apr 3, 2025, 1:32:47 AM",Kudos,Activity,14063941765
"Apr 3, 2025, 1:33:02 AM",Kudos,Activity,14063908417
"Apr 3, 2025, 1:33:34 AM",Kudos,Activity,14063645639
"Apr 3, 2025, 1:34:00 AM",Kudos,Activity,14063501454
"Apr 3, 2025, 1:34:03 AM",Kudos,Post,36070423
"Apr 3, 2025, 1:34:17 AM",Kudos,Activity,14063238432
"Apr 3, 2025, 1:26:35 PM",Kudos,Activity,14067218097
"Apr 3, 2025, 1:26:37 PM",Kudos,Activity,14067024135
"Apr 3, 2025, 1:26:42 PM",Kudos,Post,36073432
"Apr 3, 2025, 1:26:50 PM",Kudos,Activity,14064329587
"Apr 3, 2025, 1:26:53 PM",Kudos,Activity,14064349529
"Apr 3, 2025, 1:26:57 PM",Kudos,Activity,14064538152
"Apr 3, 2025, 5:04:58 PM",Kudos,Activity,14069953724
"Apr 3, 2025, 5:05:00 PM",Kudos,Activity,14069449951
"Apr 3, 2025, 5:05:06 PM",Kudos,Activity,14069430854
"Apr 3, 2025, 5:05:13 PM",Kudos,Activity,14068402557
"Apr 3, 2025, 5:52:38 PM",Kudos,Activity,14070687395
"Apr 3, 2025, 6:17:07 PM",Kudos,Activity,14070975418
"Apr 3, 2025, 8:59:06 PM",Kudos,Activity,14072048179
"Apr 3, 2025, 8:59:17 PM",Kudos,Activity,14071833047
"Apr 3, 2025, 8:59:35 PM",Kudos,Activity,14071612109
"Apr 3, 2025, 8:59:42 PM",Kudos,Activity,14071520547
"Apr 3, 2025, 8:59:46 PM",Kudos,Activity,14071518824
"Apr 3, 2025, 8:59:49 PM",Kudos,Activity,14071519444
"Apr 3, 2025, 8:59:55 PM",Kudos,Activity,14071296147
"Apr 3, 2025, 11:46:08 PM",Kudos,Activity,14073235704
"Apr 3, 2025, 11:46:25 PM",Kudos,Activity,14073171192
"Apr 4, 2025, 10:00:31 AM",Kudos,Activity,14074021000
"Apr 4, 2025, 10:00:36 AM",Kudos,Activity,14073907229
"Apr 4, 2025, 10:00:41 AM",Kudos,Activity,14074431696
"Apr 4, 2025, 10:00:46 AM",Kudos,Activity,14073720781
"Apr 4, 2025, 11:28:54 AM",Kudos,Activity,14074107526
"Apr 4, 2025, 2:06:06 PM",Kudos,Activity,14077779920
"Apr 4, 2025, 2:06:16 PM",Kudos,Activity,14077465012
"Apr 4, 2025, 2:06:34 PM",Kudos,Activity,14077572223
"Apr 4, 2025, 2:26:47 PM",Kudos,Activity,14077939255
"Apr 4, 2025, 3:07:47 PM",Kudos,Activity,14078325014
"Apr 4, 2025, 8:27:00 PM",Kudos,Activity,14080691535
"Apr 4, 2025, 8:27:02 PM",Kudos,Activity,14080541486
"Apr 4, 2025, 8:27:13 PM",Kudos,Activity,14080241656
"Apr 4, 2025, 8:27:57 PM",Kudos,Activity,14078703344
"Apr 4, 2025, 8:28:00 PM",Kudos,Activity,14078474276
"Apr 4, 2025, 8:53:10 PM",Kudos,Activity,14081169048
"Apr 5, 2025, 1:02:32 AM",Kudos,Activity,14082426746
"Apr 5, 2025, 1:02:36 AM",Kudos,Activity,14082249439
"Apr 5, 2025, 1:02:39 AM",Kudos,Activity,14082150925
"Apr 5, 2025, 1:02:42 AM",Kudos,Activity,14082102357
"Apr 5, 2025, 1:02:46 AM",Kudos,Activity,14082050323
"Apr 5, 2025, 1:03:08 AM",Kudos,Activity,14081827254
"Apr 5, 2025, 1:03:11 AM",Kudos,Post,36108199
"Apr 5, 2025, 1:03:24 AM",Kudos,Activity,14081825761
"Apr 5, 2025, 1:03:27 AM",Kudos,Activity,14081763436
"Apr 5, 2025, 1:48:33 AM",Kudos,Activity,14082465097
"Apr 5, 2025, 1:58:19 AM",Kudos,Activity,14081279553
"Apr 5, 2025, 1:17:59 PM",Kudos,Activity,14084041890
"Apr 5, 2025, 2:00:10 PM",Kudos,Activity,14086708320
"Apr 5, 2025, 7:26:38 PM",Kudos,Activity,14090561683
"Apr 5, 2025, 7:26:49 PM",Kudos,Activity,14090125653
"Apr 5, 2025, 7:27:25 PM",Kudos,Activity,14089060291
"Apr 5, 2025, 7:27:26 PM",Kudos,Activity,14089051515
"Apr 5, 2025, 7:27:31 PM",Kudos,Activity,14088889722
"Apr 5, 2025, 7:27:49 PM",Kudos,Activity,14088624145
"Apr 5, 2025, 7:28:00 PM",Kudos,Activity,14088469556
"Apr 5, 2025, 7:28:12 PM",Kudos,Activity,14088604164
"Apr 5, 2025, 7:28:18 PM",Kudos,Activity,14088296034
"Apr 5, 2025, 7:28:22 PM",Kudos,Activity,14088555009
"Apr 5, 2025, 7:28:28 PM",Kudos,Activity,14088243287
"Apr 5, 2025, 7:28:31 PM",Kudos,Activity,14088662128
"Apr 5, 2025, 7:28:42 PM",Kudos,Activity,14088239328
"Apr 5, 2025, 7:28:44 PM",Kudos,Activity,14088398769
"Apr 5, 2025, 7:28:50 PM",Kudos,Activity,14088086367
"Apr 5, 2025, 7:28:52 PM",Kudos,Activity,14087607250
"Apr 5, 2025, 7:28:55 PM",Kudos,Activity,14087015871
"Apr 5, 2025, 7:29:00 PM",Kudos,Activity,14086968099
"Apr 5, 2025, 7:29:04 PM",Kudos,Activity,14087563409
"Apr 5, 2025, 7:29:23 PM",Kudos,Activity,14089624375
"Apr 5, 2025, 8:36:54 PM",Kudos,Activity,14090976701
"Apr 6, 2025, 11:56:07 AM",Kudos,Activity,14093303819
"Apr 6, 2025, 11:56:31 AM",Kudos,Activity,14091108287
"Apr 6, 2025, 2:53:52 PM",Kudos,Activity,14098182585
"Apr 6, 2025, 2:54:00 PM",Kudos,Activity,14098004432
"Apr 6, 2025, 2:54:10 PM",Kudos,Activity,14097685593
"Apr 6, 2025, 5:12:34 PM",Kudos,Activity,14099133380
"Apr 6, 2025, 6:12:25 PM",Kudos,Activity,14100517129
"Apr 6, 2025, 6:12:25 PM",Kudos,Activity,14100628198
"Apr 6, 2025, 6:12:37 PM",Kudos,Activity,14100364098
"Apr 6, 2025, 6:23:09 PM",Kudos,Activity,14100295362
"Apr 6, 2025, 10:12:20 PM",Kudos,Activity,14102067288
"Apr 6, 2025, 10:12:23 PM",Kudos,Activity,14102017954
"Apr 6, 2025, 10:12:27 PM",Kudos,Activity,14101796653
"Apr 6, 2025, 10:12:30 PM",Kudos,Activity,14101396938
"Apr 6, 2025, 10:12:39 PM",Kudos,Activity,14102010448
"Apr 6, 2025, 10:12:42 PM",Kudos,Post,36155350
"Apr 7, 2025, 10:49:56 AM",Kudos,Post,36160885
"Apr 7, 2025, 1:09:26 PM",Kudos,Activity,14106270052
"Apr 7, 2025, 1:09:57 PM",Kudos,Activity,14106156591
"Apr 7, 2025, 1:10:07 PM",Kudos,Activity,14100392262
"Apr 7, 2025, 1:10:09 PM",Kudos,Activity,14106268793
"Apr 7, 2025, 1:10:30 PM",Kudos,Activity,14105880234
"Apr 7, 2025, 1:10:34 PM",Kudos,Activity,14105683685
"Apr 7, 2025, 1:10:45 PM",Kudos,Activity,14105598855
"Apr 7, 2025, 1:10:50 PM",Kudos,Activity,14102865757
"Apr 7, 2025, 1:11:02 PM",Kudos,Activity,14102706084
"Apr 7, 2025, 1:11:05 PM",Kudos,Activity,14102448282
"Apr 7, 2025, 1:11:07 PM",Kudos,Activity,14102463509
"Apr 7, 2025, 1:11:10 PM",Kudos,Activity,14102292177
"Apr 7, 2025, 1:11:13 PM",Kudos,Activity,14102275467
"Apr 7, 2025, 1:11:21 PM",Kudos,Activity,14102309016
"Apr 7, 2025, 1:15:39 PM",Kudos,Activity,14102350844
"Apr 7, 2025, 1:15:50 PM",Kudos,Activity,14102256004
"Apr 7, 2025, 4:40:42 PM",Kudos,Activity,14108025117
"Apr 7, 2025, 7:34:01 PM",Kudos,Activity,14109458194
"Apr 8, 2025, 1:16:49 AM",Kudos,Activity,14111977760
"Apr 8, 2025, 2:08:38 AM",Kudos,Post,36180901
"Apr 8, 2025, 2:08:55 AM",Kudos,Activity,14112244417
"Apr 8, 2025, 2:09:23 AM",Kudos,Activity,14111846434
"Apr 8, 2025, 2:09:24 AM",Kudos,Activity,14112078344
"Apr 8, 2025, 2:09:25 AM",Kudos,Activity,14111922456
"Apr 8, 2025, 2:09:29 AM",Kudos,Activity,14111956985
"Apr 8, 2025, 2:09:33 AM",Kudos,Activity,14111942168
"Apr 8, 2025, 2:09:34 AM",Kudos,Activity,14111935719
"Apr 8, 2025, 2:09:38 AM",Kudos,Activity,14111951658
"Apr 8, 2025, 2:09:46 AM",Kudos,Activity,14111843857
"Apr 8, 2025, 2:09:49 AM",Kudos,Activity,14111820234
"Apr 8, 2025, 2:09:52 AM",Kudos,Activity,14111865061
"Apr 8, 2025, 2:09:58 AM",Kudos,Activity,14111799072
"Apr 8, 2025, 2:10:10 AM",Kudos,Activity,14111817042
"Apr 8, 2025, 2:10:32 AM",Kudos,Activity,14111527742
"Apr 8, 2025, 2:10:41 AM",Kudos,Activity,14111456356
"Apr 8, 2025, 2:10:51 AM",Kudos,Activity,14110192900
"Apr 8, 2025, 10:09:03 AM",Kudos,Activity,14114030576
"Apr 8, 2025, 10:09:15 AM",Kudos,Activity,14112511960
"Apr 8, 2025, 10:09:19 AM",Kudos,Activity,14112744302
"Apr 8, 2025, 10:09:23 AM",Kudos,Activity,14113272689
"Apr 8, 2025, 10:09:28 AM",Kudos,Activity,14112457580
"Apr 8, 2025, 1:08:11 PM",Kudos,Activity,14116015752
"Apr 8, 2025, 1:08:13 PM",Kudos,Activity,14116107719
"Apr 8, 2025, 1:08:25 PM",Kudos,Activity,14116146868
"Apr 8, 2025, 1:08:30 PM",Kudos,Activity,14115640049
"Apr 8, 2025, 1:11:35 PM",Kudos,Activity,14115527042
"Apr 8, 2025, 1:11:40 PM",Kudos,Activity,14115512574
"Apr 8, 2025, 1:11:41 PM",Kudos,Activity,14115514973
"Apr 8, 2025, 1:53:52 PM",Kudos,Activity,14116421619
"Apr 8, 2025, 1:53:59 PM",Kudos,Activity,14116551084
"Apr 8, 2025, 6:00:38 PM",Kudos,Post,36192934
"Apr 8, 2025, 9:02:36 PM",Kudos,Activity,14119053388
"Apr 8, 2025, 9:02:38 PM",Kudos,Activity,14118725243
"Apr 9, 2025, 12:20:41 AM",Kudos,Activity,14122137402
"Apr 9, 2025, 12:37:48 AM",Kudos,Activity,14122251518
"Apr 9, 2025, 12:43:26 AM",Kudos,Activity,14122046186
"Apr 9, 2025, 12:43:28 AM",Kudos,Activity,14121989402
"Apr 9, 2025, 12:43:43 AM",Kudos,Activity,14121605654
"Apr 9, 2025, 12:43:47 AM",Kudos,Activity,14121524642
"Apr 9, 2025, 12:43:54 AM",Kudos,Activity,14121553332
"Apr 9, 2025, 12:43:55 AM",Kudos,Activity,14121430354
"Apr 9, 2025, 12:44:05 AM",Kudos,Activity,14121408359
"Apr 9, 2025, 12:44:11 AM",Kudos,Activity,14121167870
"Apr 9, 2025, 12:44:25 AM",Kudos,Activity,14122296588
"Apr 9, 2025, 12:53:58 AM",Kudos,Activity,14122324684
"Apr 9, 2025, 1:22:53 AM",Kudos,Activity,14122503560
"Apr 9, 2025, 10:29:05 AM",Kudos,Activity,14122816771
"Apr 9, 2025, 10:29:06 AM",Kudos,Activity,14122802231
"Apr 9, 2025, 11:01:23 AM",Kudos,Activity,14125394453
"Apr 9, 2025, 11:55:23 AM",Kudos,Activity,14125739207
"Apr 9, 2025, 11:55:29 AM",Kudos,Activity,14125772385
"Apr 9, 2025, 1:03:36 PM",Kudos,Activity,14126329692
"Apr 9, 2025, 1:18:34 PM",Kudos,Activity,14126606700
"Apr 9, 2025, 1:46:38 PM",Kudos,Activity,14126241078
"Apr 9, 2025, 5:12:04 PM",Kudos,Activity,14127170480
"Apr 9, 2025, 5:12:08 PM",Kudos,Activity,14127644040
"Apr 9, 2025, 5:12:14 PM",Kudos,Activity,14127692459
"Apr 9, 2025, 5:12:17 PM",Kudos,Activity,14128220578
"Apr 9, 2025, 5:12:21 PM",Kudos,Activity,14128447127
"Apr 9, 2025, 9:34:28 PM",Kudos,Activity,14131032735
"Apr 9, 2025, 9:34:38 PM",Kudos,Activity,14130788554
"Apr 9, 2025, 9:34:43 PM",Kudos,Activity,14130688130
"Apr 9, 2025, 9:34:52 PM",Kudos,Post,36216441
"Apr 9, 2025, 10:05:33 PM",Kudos,Activity,14131262397
"Apr 9, 2025, 11:06:55 PM",Kudos,Activity,14131695199
"Apr 9, 2025, 11:06:57 PM",Kudos,Activity,14131645817
"Apr 9, 2025, 11:07:04 PM",Kudos,Activity,14131674302
"Apr 9, 2025, 11:07:10 PM",Kudos,Activity,14131449566
"Apr 10, 2025, 12:55:50 AM",Kudos,Activity,14132382404
"Apr 10, 2025, 12:55:55 AM",Kudos,Activity,14132379348
"Apr 10, 2025, 12:56:00 AM",Kudos,Activity,14132346466
"Apr 10, 2025, 12:56:05 AM",Kudos,Activity,14132324172
"Apr 10, 2025, 12:56:11 AM",Kudos,Activity,14132207949
"Apr 10, 2025, 12:56:16 AM",Kudos,Activity,14132212067
"Apr 10, 2025, 12:56:27 AM",Kudos,Activity,14132291404
"Apr 10, 2025, 12:57:13 AM",Kudos,Activity,14132034490
"Apr 10, 2025, 12:57:24 AM",Kudos,Activity,14132167476
"Apr 10, 2025, 12:57:35 AM",Kudos,Activity,14132201141
"Apr 10, 2025, 12:58:14 AM",Kudos,Activity,14132010037
"Apr 10, 2025, 12:58:24 AM",Kudos,Activity,14132166253
"Apr 10, 2025, 12:58:33 AM",Kudos,Activity,14131922033
"Apr 10, 2025, 12:58:34 AM",Kudos,Activity,14132205474
"Apr 10, 2025, 1:08:15 AM",Kudos,Activity,14132460332
"Apr 10, 2025, 1:09:10 AM",Kudos,Activity,14132289435
"Apr 10, 2025, 1:09:15 AM",Kudos,Activity,14131991963
"Apr 10, 2025, 1:09:18 AM",Kudos,Activity,14131829689
"Apr 10, 2025, 1:09:30 AM",Kudos,Activity,14131856022
"Apr 10, 2025, 2:08:28 AM",Kudos,Activity,14132761169
"Apr 10, 2025, 2:08:38 AM",Kudos,Activity,14132759016
"Apr 10, 2025, 2:08:50 AM",Kudos,Activity,14132730088
"Apr 10, 2025, 2:08:52 AM",Kudos,Activity,14132729914
"Apr 10, 2025, 11:40:45 AM",Kudos,Activity,14135611010
"Apr 10, 2025, 11:40:50 AM",Kudos,Activity,14135488806
"Apr 10, 2025, 11:40:53 AM",Kudos,Post,36226820
"Apr 10, 2025, 11:41:18 AM",Kudos,Activity,14135234652
"Apr 10, 2025, 11:58:15 AM",Kudos,Activity,14135766139
"Apr 10, 2025, 1:13:26 PM",Kudos,Activity,14136247858
"Apr 10, 2025, 4:27:04 PM",Kudos,Activity,14137053463
"Apr 10, 2025, 5:48:41 PM",Kudos,Activity,14138403804
"Apr 11, 2025, 12:56:38 AM",Kudos,Activity,14141877307
"Apr 11, 2025, 12:56:42 AM",Kudos,Activity,14141836066
"Apr 11, 2025, 12:56:45 AM",Kudos,Activity,14141772910
"Apr 11, 2025, 12:56:48 AM",Kudos,Activity,14141680041
"Apr 11, 2025, 12:56:54 AM",Kudos,Activity,14141660411
"Apr 11, 2025, 1:03:18 AM",Kudos,Activity,14141632363
"Apr 11, 2025, 1:03:21 AM",Kudos,Activity,14141592203
"Apr 11, 2025, 1:03:38 AM",Kudos,Activity,14141510485
"Apr 11, 2025, 1:03:43 AM",Kudos,Activity,14141119149
"Apr 11, 2025, 1:03:50 AM",Kudos,Activity,14141026765
"Apr 11, 2025, 1:04:46 AM",Kudos,Activity,14140492287
"Apr 11, 2025, 1:04:51 AM",Kudos,Activity,14140866284
"Apr 11, 2025, 1:47:40 AM",Kudos,Activity,14142015808
"Apr 11, 2025, 11:34:10 AM",Kudos,Activity,14144222048
"Apr 11, 2025, 11:37:49 AM",Kudos,Activity,14142447128
"Apr 11, 2025, 11:38:28 AM",Kudos,Activity,14142370696
"Apr 11, 2025, 11:38:35 AM",Kudos,Activity,14142815905
"Apr 11, 2025, 12:02:28 PM",Kudos,Activity,14145039749
"Apr 11, 2025, 12:37:46 PM",Kudos,Activity,14145356771
"Apr 11, 2025, 12:38:02 PM",Kudos,Activity,14145442117
"Apr 11, 2025, 3:21:53 PM",Kudos,Activity,14145751137
"Apr 11, 2025, 3:26:41 PM",Kudos,Activity,14146770935
"Apr 11, 2025, 4:26:06 PM",Kudos,Activity,14146949541
"Apr 11, 2025, 5:15:50 PM",Kudos,Activity,14147620224
"Apr 12, 2025, 1:22:23 AM",Kudos,Activity,14150628399
"Apr 12, 2025, 1:22:26 AM",Kudos,Activity,14150511295
"Apr 12, 2025, 1:22:31 AM",Kudos,Activity,14150415133
"Apr 12, 2025, 9:33:34 AM",Kudos,Activity,14151084907
"Apr 12, 2025, 12:56:19 PM",Kudos,Activity,14155081877
"Apr 12, 2025, 12:56:26 PM",Kudos,Activity,14155084033
"Apr 12, 2025, 1:14:19 PM",Kudos,Activity,14155237167
"Apr 12, 2025, 1:33:30 PM",Kudos,Activity,14155318694
"Apr 12, 2025, 2:26:48 PM",Kudos,Activity,14156050524
"Apr 12, 2025, 2:26:59 PM",Kudos,Activity,14156040515
"Apr 12, 2025, 2:27:00 PM",Kudos,Activity,14155994584
"Apr 12, 2025, 2:27:02 PM",Kudos,Activity,14156005436
"Apr 12, 2025, 2:27:12 PM",Kudos,Activity,14156016226
"Apr 12, 2025, 2:27:17 PM",Kudos,Activity,14155945336
"Apr 12, 2025, 2:27:20 PM",Kudos,Activity,14156004797
"Apr 12, 2025, 2:27:25 PM",Kudos,Activity,14156004677
"Apr 12, 2025, 3:44:22 PM",Kudos,Activity,14156821179
"Apr 12, 2025, 3:44:26 PM",Kudos,Activity,14156798714
"Apr 12, 2025, 3:44:49 PM",Kudos,Activity,14156273868
"Apr 12, 2025, 3:44:57 PM",Kudos,Activity,14156236846
"Apr 12, 2025, 3:45:02 PM",Kudos,Activity,14156379913
"Apr 12, 2025, 3:45:09 PM",Kudos,Activity,14156126433
"Apr 12, 2025, 4:47:03 PM",Kudos,Activity,14157438102
"Apr 12, 2025, 4:47:10 PM",Kudos,Activity,14157296535
"Apr 12, 2025, 4:47:15 PM",Kudos,Activity,14157184621
"Apr 12, 2025, 4:47:24 PM",Kudos,Activity,14157189066
"Apr 12, 2025, 7:14:09 PM",Kudos,Activity,14158008617
"Apr 12, 2025, 7:14:59 PM",Kudos,Activity,14157856172
"Apr 12, 2025, 7:15:11 PM",Kudos,Activity,14157498599
"Apr 12, 2025, 7:51:31 PM",Kudos,Activity,14158949607
"Apr 12, 2025, 7:51:39 PM",Kudos,Activity,14158986989
"Apr 12, 2025, 7:51:42 PM",Kudos,Activity,14158971255
"Apr 12, 2025, 7:51:44 PM",Kudos,Activity,14158977345
"Apr 12, 2025, 7:52:07 PM",Kudos,Activity,14157270489
"Apr 12, 2025, 7:52:23 PM",Kudos,Activity,14156684924
"Apr 12, 2025, 8:27:36 PM",Kudos,Activity,14159082900
"Apr 12, 2025, 10:53:04 PM",Kudos,Activity,14159886672
"Apr 13, 2025, 12:03:25 AM",Kudos,Activity,14160253902
"Apr 13, 2025, 9:46:48 AM",Kudos,Activity,14160729324
"Apr 13, 2025, 9:47:06 AM",Kudos,Activity,14160726639
"Apr 13, 2025, 2:21:26 PM",Kudos,Activity,14166273490
"Apr 13, 2025, 2:23:40 PM",Kudos,Activity,14166237282
"Apr 13, 2025, 2:23:43 PM",Kudos,Post,36293758
"Apr 13, 2025, 2:23:48 PM",Kudos,Activity,14165921970
"Apr 13, 2025, 2:23:51 PM",Kudos,Activity,14165543107
"Apr 13, 2025, 2:23:54 PM",Kudos,Activity,14165917732
"Apr 13, 2025, 2:23:57 PM",Kudos,Post,36292583
"Apr 13, 2025, 7:55:32 PM",Kudos,Activity,14169249335
"Apr 13, 2025, 8:01:00 PM",Kudos,Activity,14169227478
"Apr 13, 2025, 8:01:13 PM",Kudos,Activity,14169226502
"Apr 13, 2025, 8:01:35 PM",Kudos,Activity,14169135387
"Apr 13, 2025, 8:01:38 PM",Kudos,Activity,14168929006
"Apr 13, 2025, 8:01:46 PM",Kudos,Activity,14168956631
"Apr 13, 2025, 8:02:12 PM",Kudos,Activity,14168572196
"Apr 13, 2025, 8:02:13 PM",Kudos,Activity,14168603537
"Apr 13, 2025, 8:17:29 PM",Kudos,Activity,14169404496
"Apr 13, 2025, 8:17:48 PM",Kudos,Activity,14169393568
"Apr 13, 2025, 8:55:17 PM",Kudos,Activity,14169569366
"Apr 13, 2025, 9:47:54 PM",Kudos,Activity,14167990201
"Apr 13, 2025, 9:48:00 PM",Kudos,Activity,14167473933
"Apr 13, 2025, 9:48:06 PM",Kudos,Activity,14167367003
"Apr 13, 2025, 9:48:12 PM",Kudos,Activity,14168162992
"Apr 13, 2025, 9:49:06 PM",Kudos,Activity,14161352659
"Apr 13, 2025, 9:55:28 PM",Kudos,Activity,14169861691
"Apr 13, 2025, 10:43:07 PM",Kudos,Activity,14170170437
"Apr 13, 2025, 11:13:01 PM",Kudos,Activity,14170299651
"Apr 13, 2025, 11:55:09 PM",Kudos,Activity,14170429894
"Apr 13, 2025, 11:55:12 PM",Kudos,Activity,14170410445
"Apr 13, 2025, 11:58:43 PM",Kudos,Activity,14170482786
"Apr 14, 2025, 1:44:09 AM",Kudos,Activity,14170690907
"Apr 14, 2025, 1:44:13 AM",Kudos,Activity,14170640035
"Apr 14, 2025, 1:44:26 AM",Kudos,Activity,14170643049
"Apr 14, 2025, 9:42:52 AM",Kudos,Activity,14172145885
"Apr 14, 2025, 12:02:24 PM",Kudos,Activity,14173733424
"Apr 14, 2025, 2:50:52 PM",Kudos,Activity,14174970944
"Apr 14, 2025, 2:50:57 PM",Kudos,Activity,14174963102
"Apr 14, 2025, 4:49:39 PM",Kudos,Activity,14175444378
"Apr 14, 2025, 9:24:17 PM",Kudos,Activity,14178510373
"Apr 14, 2025, 9:24:25 PM",Kudos,Activity,14178329400
"Apr 14, 2025, 9:24:35 PM",Kudos,Activity,14177750528
"Apr 14, 2025, 9:24:39 PM",Kudos,Activity,14177145949
"Apr 14, 2025, 10:48:11 PM",Kudos,Activity,14178793181
"Apr 15, 2025, 1:04:11 AM",Kudos,Activity,14179989949
"Apr 15, 2025, 1:04:27 AM",Kudos,Activity,14179843157
"Apr 15, 2025, 1:04:29 AM",Kudos,Activity,14179979408
"Apr 15, 2025, 1:04:56 AM",Kudos,Activity,14179809619
"Apr 15, 2025, 1:05:01 AM",Kudos,Activity,14179795974
"Apr 15, 2025, 1:05:07 AM",Kudos,Activity,14179770967
"Apr 15, 2025, 1:05:18 AM",Kudos,Activity,14179772729
"Apr 15, 2025, 1:05:20 AM",Kudos,Activity,14179913854
"Apr 15, 2025, 1:05:25 AM",Kudos,Activity,14179907339
"Apr 15, 2025, 1:05:39 AM",Kudos,Activity,14179755431
"Apr 15, 2025, 1:05:45 AM",Kudos,Activity,14179725376
"Apr 15, 2025, 1:05:48 AM",Kudos,Activity,14179783764
"Apr 15, 2025, 1:05:51 AM",Kudos,Activity,14179751361
"Apr 15, 2025, 1:05:53 AM",Kudos,Activity,14179770122
"Apr 15, 2025, 1:06:02 AM",Kudos,Activity,14179742838
"Apr 15, 2025, 1:06:14 AM",Kudos,Activity,14179835650
"Apr 15, 2025, 1:06:24 AM",Kudos,Activity,14179934352
"Apr 15, 2025, 1:06:28 AM",Kudos,Activity,14179433545
"Apr 15, 2025, 1:06:32 AM",Kudos,Activity,14179431031
"Apr 15, 2025, 1:06:40 AM",Kudos,Activity,14179344926
"Apr 15, 2025, 1:06:46 AM",Kudos,Activity,14179139198
"Apr 15, 2025, 1:44:02 AM",Kudos,Activity,14180199293
"Apr 15, 2025, 1:44:20 AM",Kudos,Activity,14180137721
"Apr 15, 2025, 1:44:22 AM",Kudos,Activity,14180182460
"Apr 15, 2025, 1:44:28 AM",Kudos,Activity,14180090180
"Apr 15, 2025, 1:44:36 AM",Kudos,Activity,14180056273
"Apr 15, 2025, 1:45:00 AM",Kudos,Activity,14180094953
"Apr 15, 2025, 2:00:32 AM",Kudos,Activity,14180298377
"Apr 15, 2025, 2:28:00 AM",Kudos,Activity,14180400257
"Apr 15, 2025, 2:36:14 AM",Kudos,Activity,14180044227
"Apr 15, 2025, 2:56:02 AM",Kudos,Post,36325940
"Apr 15, 2025, 2:56:21 AM",Kudos,Activity,14180057051
"Apr 15, 2025, 2:56:27 AM",Kudos,Activity,14180071519
"Apr 15, 2025, 9:43:08 AM",Kudos,Activity,14180635113
"Apr 15, 2025, 11:32:28 AM",Kudos,Activity,14183243079
"Apr 15, 2025, 11:52:39 AM",Kudos,Activity,14183405138
"Apr 15, 2025, 12:05:46 PM",Kudos,Activity,14183539097
"Apr 15, 2025, 6:03:23 PM",Kudos,Post,36338045
"Apr 15, 2025, 6:03:48 PM",Kudos,Activity,14185330811
"Apr 15, 2025, 6:03:54 PM",Kudos,Activity,14185251269
"Apr 15, 2025, 6:22:21 PM",Kudos,Activity,14179735944
"Apr 15, 2025, 6:23:03 PM",Kudos,Activity,14183558864
"Apr 15, 2025, 6:23:15 PM",Kudos,Activity,14182854179
"Apr 15, 2025, 7:39:49 PM",Kudos,Activity,14187008565
"Apr 15, 2025, 10:15:44 PM",Kudos,Activity,14188650804
"Apr 15, 2025, 10:15:47 PM",Kudos,Activity,14188609239
"Apr 15, 2025, 10:16:07 PM",Kudos,Activity,14188427584
"Apr 15, 2025, 11:22:58 PM",Kudos,Activity,14189129970
"Apr 15, 2025, 11:34:48 PM",Kudos,Activity,14189285490
"Apr 16, 2025, 12:09:48 AM",Kudos,Activity,14189530776
"Apr 16, 2025, 12:10:05 AM",Kudos,Activity,14189544615
"Apr 16, 2025, 12:10:10 AM",Kudos,Activity,14189434116
"Apr 16, 2025, 12:27:34 AM",Kudos,Activity,14189624008
"Apr 16, 2025, 1:18:28 AM",Kudos,Activity,14189871326
"Apr 16, 2025, 1:18:47 AM",Kudos,Activity,14189770546
"Apr 16, 2025, 1:18:56 AM",Kudos,Activity,14189859598
"Apr 16, 2025, 9:45:37 AM",Kudos,Activity,14190263055
"Apr 16, 2025, 9:45:40 AM",Kudos,Activity,14190264097
"Apr 16, 2025, 9:45:58 AM",Kudos,Activity,14190040385
"Apr 16, 2025, 10:07:07 AM",Kudos,Activity,14179970032
"Apr 16, 2025, 12:30:53 PM",Kudos,Activity,14193404940
"Apr 16, 2025, 12:31:09 PM",Kudos,Activity,14193464408
"Apr 16, 2025, 12:31:14 PM",Kudos,Activity,14193348540
"Apr 16, 2025, 12:31:17 PM",Kudos,Activity,14193267330
"Apr 16, 2025, 12:31:18 PM",Kudos,Activity,14193195392
"Apr 16, 2025, 1:33:46 PM",Kudos,Activity,14194020819
"Apr 16, 2025, 1:33:52 PM",Kudos,Activity,14194021439
"Apr 16, 2025, 5:52:58 PM",Kudos,Activity,14195304917
"Apr 16, 2025, 5:53:19 PM",Kudos,Activity,14194269984
"Apr 16, 2025, 6:06:10 PM",Kudos,Activity,14196465683
"Apr 16, 2025, 6:06:26 PM",Kudos,Activity,14196078446
"Apr 16, 2025, 6:14:24 PM",Kudos,Activity,14196633944
"Apr 16, 2025, 8:53:58 PM",Kudos,Activity,14197643391
"Apr 16, 2025, 8:54:16 PM",Kudos,Activity,14197600115
"Apr 16, 2025, 8:54:19 PM",Kudos,Post,36358568
"Apr 16, 2025, 8:54:21 PM",Kudos,Post,36358438
"Apr 16, 2025, 10:39:20 PM",Kudos,Activity,14198449500
"Apr 16, 2025, 10:39:26 PM",Kudos,Activity,14198435095
"Apr 16, 2025, 10:39:37 PM",Kudos,Activity,14198416118
"Apr 16, 2025, 10:39:51 PM",Kudos,Activity,14198069058
"Apr 16, 2025, 10:54:14 PM",Kudos,Activity,14198509397
"Apr 16, 2025, 10:54:31 PM",Kudos,Activity,14198517849
"Apr 17, 2025, 12:45:07 AM",Kudos,Activity,14199162799
"Apr 17, 2025, 12:45:22 AM",Kudos,Activity,14199019442
"Apr 17, 2025, 1:09:18 AM",Kudos,Activity,14199338870
"Apr 17, 2025, 1:09:33 AM",Kudos,Activity,14199325266
"Apr 17, 2025, 1:09:38 AM",Kudos,Activity,14199296651
"Apr 17, 2025, 1:09:44 AM",Kudos,Activity,14198941119
"Apr 17, 2025, 1:09:45 AM",Kudos,Activity,14199048337
"Apr 17, 2025, 1:10:23 AM",Kudos,Activity,14198921930
"Apr 17, 2025, 1:10:27 AM",Kudos,Activity,14198858643
"Apr 17, 2025, 1:10:36 AM",Kudos,Activity,14198673443
"Apr 17, 2025, 1:10:42 AM",Kudos,Activity,14198800046
"Apr 17, 2025, 1:10:43 AM",Kudos,Activity,14198586309
"Apr 17, 2025, 1:10:46 AM",Kudos,Activity,14198563861
"Apr 17, 2025, 1:23:41 AM",Kudos,Activity,14199408157
"Apr 17, 2025, 1:37:55 AM",Kudos,Activity,14199472987
"Apr 17, 2025, 1:42:57 AM",Kudos,Activity,14199524981
"Apr 17, 2025, 2:09:01 AM",Kudos,Activity,14199603493
"Apr 17, 2025, 9:42:52 AM",Kudos,Activity,14199867277
"Apr 17, 2025, 9:42:56 AM",Kudos,Activity,14199948358
"Apr 17, 2025, 11:04:50 AM",Kudos,Activity,14202207967
"Apr 17, 2025, 11:23:20 AM",Kudos,Activity,14202360583
"Apr 17, 2025, 11:50:43 AM",Kudos,Activity,14202588687
"Apr 17, 2025, 12:04:55 PM",Kudos,Activity,14202752745
"Apr 17, 2025, 1:17:18 PM",Kudos,Activity,14203315363
"Apr 17, 2025, 4:29:18 PM",Kudos,Post,36373831
"Apr 17, 2025, 6:26:05 PM",Kudos,Activity,14205990670
"Apr 17, 2025, 7:12:19 PM",Kudos,Activity,14179319254
"Apr 17, 2025, 8:30:23 PM",Kudos,Activity,14199638717
"Apr 17, 2025, 9:39:55 PM",Kudos,Activity,14207288740
"Apr 17, 2025, 11:02:27 PM",Kudos,Activity,14207787030
"Apr 17, 2025, 11:02:35 PM",Kudos,Activity,14207625820
"Apr 17, 2025, 11:02:40 PM",Kudos,Activity,14207572121
"Apr 18, 2025, 12:15:21 AM",Kudos,Activity,14208336021
"Apr 18, 2025, 1:22:18 AM",Kudos,Activity,14208681596
"Apr 18, 2025, 1:22:22 AM",Kudos,Activity,14208652262
"Apr 18, 2025, 1:22:36 AM",Kudos,Activity,14208555388
"Apr 18, 2025, 1:22:42 AM",Kudos,Activity,14208554570
"Apr 18, 2025, 1:22:47 AM",Kudos,Activity,14208598215
"Apr 18, 2025, 1:22:52 AM",Kudos,Activity,14208337114
"Apr 18, 2025, 1:31:27 AM",Kudos,Activity,14208804365
"Apr 18, 2025, 3:18:31 AM",Kudos,Activity,14209192239
"Apr 18, 2025, 3:19:45 AM",Kudos,Activity,14209207547
"Apr 18, 2025, 11:28:52 AM",Kudos,Activity,14209220088
"Apr 18, 2025, 11:28:54 AM",Kudos,Activity,14211762841
"Apr 18, 2025, 11:28:54 AM",Kudos,Activity,14211838897
"Apr 18, 2025, 12:24:41 PM",Kudos,Activity,14212391785
"Apr 18, 2025, 12:24:43 PM",Kudos,Activity,14212434334
"Apr 18, 2025, 1:28:16 PM",Kudos,Activity,14212663769
"Apr 18, 2025, 2:40:40 PM",Kudos,Activity,14213281232
"Apr 18, 2025, 2:53:36 PM",Kudos,Activity,14213280045
"Apr 18, 2025, 3:38:07 PM",Kudos,Activity,14214370829
"Apr 18, 2025, 3:38:09 PM",Kudos,Activity,14214226756
"Apr 18, 2025, 3:58:27 PM",Kudos,Activity,14214427245
"Apr 18, 2025, 5:28:52 PM",Kudos,Activity,14214756342
"Apr 18, 2025, 5:28:53 PM",Kudos,Activity,14214629620
"Apr 18, 2025, 7:01:44 PM",Kudos,Activity,14216088686
"Apr 18, 2025, 8:04:20 PM",Kudos,Activity,14216257630
"Apr 18, 2025, 9:11:55 PM",Kudos,Activity,14215882850
"Apr 18, 2025, 9:19:40 PM",Kudos,Activity,14216831306
"Apr 18, 2025, 10:19:46 PM",Kudos,Activity,14217182755
"Apr 18, 2025, 10:44:14 PM",Kudos,Activity,14217242402
"Apr 18, 2025, 11:41:33 PM",Kudos,Activity,14217344012
"Apr 18, 2025, 11:41:39 PM",Kudos,Activity,14217512671
"Apr 18, 2025, 11:41:42 PM",Kudos,Activity,14217567615
"Apr 18, 2025, 11:41:47 PM",Kudos,Activity,14217597308
"Apr 18, 2025, 11:41:49 PM",Kudos,Activity,14217597716
"Apr 19, 2025, 1:41:59 AM",Kudos,Activity,14218060551
"Apr 19, 2025, 1:42:06 AM",Kudos,Activity,14218048739
"Apr 19, 2025, 1:42:26 AM",Kudos,Activity,14217953966
"Apr 19, 2025, 1:42:31 AM",Kudos,Activity,14218049016
"Apr 19, 2025, 12:17:09 PM",Kudos,Activity,14222089895
"Apr 19, 2025, 12:17:29 PM",Kudos,Activity,14219122151
"Apr 19, 2025, 12:18:07 PM",Kudos,Activity,14218737001
"Apr 19, 2025, 2:51:42 PM",Kudos,Activity,14222970453
"Apr 19, 2025, 2:51:55 PM",Kudos,Activity,14223043813
"Apr 19, 2025, 2:52:03 PM",Kudos,Activity,14222886101
"Apr 19, 2025, 2:52:15 PM",Kudos,Activity,14222837085
"Apr 19, 2025, 2:52:21 PM",Kudos,Activity,14222514059
"Apr 19, 2025, 2:52:27 PM",Kudos,Activity,14222524067
"Apr 19, 2025, 2:52:31 PM",Kudos,Activity,14222080999
"Apr 19, 2025, 4:03:06 PM",Kudos,Activity,14223165643
"Apr 19, 2025, 4:03:10 PM",Kudos,Activity,14223484240
"Apr 19, 2025, 4:03:16 PM",Kudos,Activity,14223726984
"Apr 19, 2025, 4:03:21 PM",Kudos,Activity,14223609024
"Apr 19, 2025, 6:16:18 PM",Kudos,Activity,14225777896
"Apr 19, 2025, 6:16:47 PM",Kudos,Activity,14225753465
"Apr 19, 2025, 6:16:59 PM",Kudos,Activity,14225436368
"Apr 19, 2025, 6:17:21 PM",Kudos,Activity,14225246186
"Apr 19, 2025, 6:17:33 PM",Kudos,Activity,14224200720
"Apr 19, 2025, 6:17:36 PM",Kudos,Activity,14224651818
"Apr 19, 2025, 6:17:48 PM",Kudos,Activity,14223816085
"Apr 19, 2025, 6:17:49 PM",Kudos,Activity,14223359949
"Apr 19, 2025, 6:17:56 PM",Kudos,Activity,14224729782
"Apr 19, 2025, 8:57:30 PM",Kudos,Activity,14226587021
"Apr 19, 2025, 8:57:35 PM",Kudos,Activity,14226719121
"Apr 19, 2025, 10:06:58 PM",Kudos,Activity,14227054050
"Apr 19, 2025, 10:07:14 PM",Kudos,Activity,14227061384
"Apr 19, 2025, 10:07:19 PM",Kudos,Activity,14227192414
"Apr 19, 2025, 10:07:31 PM",Kudos,Activity,14227115962
"Apr 20, 2025, 1:53:49 AM",Kudos,Activity,14227766312
"Apr 20, 2025, 1:54:01 AM",Kudos,Activity,14227536431
"Apr 20, 2025, 1:54:18 AM",Kudos,Activity,14227307170
"Apr 20, 2025, 1:54:24 AM",Kudos,Activity,14227395335
"Apr 20, 2025, 1:54:32 AM",Kudos,Activity,14228280745
"Apr 20, 2025, 1:32:31 PM",Kudos,Activity,14232848732
"Apr 20, 2025, 1:32:33 PM",Kudos,Activity,14232783636
"Apr 20, 2025, 1:33:14 PM",Kudos,Activity,14232647441
"Apr 20, 2025, 1:33:16 PM",Kudos,Activity,14232545771
"Apr 20, 2025, 1:33:23 PM",Kudos,Activity,14231824600
"Apr 20, 2025, 1:33:25 PM",Kudos,Activity,14228736786
"Apr 20, 2025, 1:33:31 PM",Kudos,Activity,14227473013
"Apr 20, 2025, 1:44:35 PM",Kudos,Activity,14233023399
"Apr 20, 2025, 4:02:44 PM",Kudos,Activity,14234250370
"Apr 20, 2025, 4:02:51 PM",Kudos,Activity,14233500651
"Apr 20, 2025, 4:02:56 PM",Kudos,Activity,14233615471
"Apr 20, 2025, 4:03:07 PM",Kudos,Activity,14233464660
"Apr 20, 2025, 4:03:13 PM",Kudos,Activity,14233262730
"Apr 20, 2025, 4:03:20 PM",Kudos,Activity,14233855572
"Apr 20, 2025, 4:03:23 PM",Kudos,Activity,14233849296
"Apr 20, 2025, 7:37:23 PM",Kudos,Activity,14235248388
"Apr 20, 2025, 7:37:29 PM",Kudos,Activity,14235157302
"Apr 20, 2025, 7:37:36 PM",Kudos,Activity,14235010922
"Apr 20, 2025, 7:37:49 PM",Kudos,Activity,14235080983
"Apr 20, 2025, 7:39:00 PM",Kudos,Activity,14234621905
"Apr 20, 2025, 7:39:04 PM",Kudos,Activity,14234658610
"Apr 20, 2025, 7:39:34 PM",Kudos,Activity,14233927342
"Apr 20, 2025, 10:41:16 PM",Kudos,Activity,14236792818
"Apr 20, 2025, 10:41:27 PM",Kudos,Activity,14236636133
"Apr 20, 2025, 10:41:35 PM",Kudos,Activity,14236272259
"Apr 21, 2025, 12:47:15 AM",Kudos,Activity,14237455118
"Apr 21, 2025, 12:47:18 AM",Kudos,Activity,14237428380
"Apr 21, 2025, 12:47:30 AM",Kudos,Activity,14237399617
"Apr 21, 2025, 12:47:33 AM",Kudos,Activity,14237369599
"Apr 21, 2025, 12:47:43 AM",Kudos,Activity,14237238238
"Apr 21, 2025, 12:47:47 AM",Kudos,Activity,14237189203
"Apr 21, 2025, 12:47:53 AM",Kudos,Activity,14237178800
"Apr 21, 2025, 12:48:05 AM",Kudos,Activity,14237302122
"Apr 21, 2025, 12:48:07 AM",Kudos,Activity,14237295198
"Apr 21, 2025, 12:48:10 AM",Kudos,Activity,14236836813
"Apr 21, 2025, 1:39:49 AM",Kudos,Activity,14237676697
"Apr 21, 2025, 4:22:14 AM",Kudos,Activity,14223605223
"Apr 21, 2025, 1:25:08 PM",Kudos,Activity,14241851673
"Apr 21, 2025, 1:25:20 PM",Kudos,Activity,14242062890
"Apr 21, 2025, 1:25:25 PM",Kudos,Activity,14240461212
"Apr 21, 2025, 1:25:28 PM",Kudos,Activity,14241189030
"Apr 21, 2025, 6:46:05 PM",Kudos,Activity,14245228229
"Apr 21, 2025, 6:49:03 PM",Kudos,Activity,14241241177
"Apr 21, 2025, 6:49:06 PM",Kudos,Post,36453451
"Apr 21, 2025, 6:49:41 PM",Kudos,Activity,14243955409
"Apr 21, 2025, 6:56:38 PM",Kudos,Activity,14245012777
"Apr 21, 2025, 6:56:41 PM",Kudos,Activity,14245216618
"Apr 21, 2025, 6:56:43 PM",Kudos,Activity,14242891671
"Apr 21, 2025, 10:35:12 PM",Kudos,Activity,14245665053
"Apr 21, 2025, 10:36:08 PM",Kudos,Activity,14246472725
"Apr 21, 2025, 10:43:31 PM",Kudos,Activity,14246834581
"Apr 21, 2025, 10:47:03 PM",Kudos,Activity,14246862602
"Apr 22, 2025, 12:29:46 AM",Kudos,Activity,14247433406
"Apr 22, 2025, 12:29:48 AM",Kudos,Activity,14247470182
"Apr 22, 2025, 12:29:56 AM",Kudos,Activity,14247447134
"Apr 22, 2025, 12:30:00 AM",Kudos,Activity,14247462657
"Apr 22, 2025, 12:30:14 AM",Kudos,Activity,14247419416
"Apr 22, 2025, 12:30:16 AM",Kudos,Activity,14247478518
"Apr 22, 2025, 12:30:20 AM",Kudos,Activity,14247428503
"Apr 22, 2025, 12:30:41 AM",Kudos,Activity,14247405304
"Apr 22, 2025, 12:30:48 AM",Kudos,Activity,14247393416
"Apr 22, 2025, 12:30:52 AM",Kudos,Activity,14247394909
"Apr 22, 2025, 12:31:04 AM",Kudos,Activity,14247387816
"Apr 22, 2025, 12:31:10 AM",Kudos,Activity,14247372914
"Apr 22, 2025, 12:31:14 AM",Kudos,Activity,14247232949
"Apr 22, 2025, 12:31:18 AM",Kudos,Activity,14247155438
"Apr 22, 2025, 12:47:29 AM",Kudos,Activity,14247513497
"Apr 22, 2025, 12:47:39 AM",Kudos,Activity,14247574337
"Apr 22, 2025, 12:47:43 AM",Kudos,Activity,14247500646
"Apr 22, 2025, 12:47:47 AM",Kudos,Activity,14247501899
"Apr 22, 2025, 12:47:55 AM",Kudos,Activity,14247529758
"Apr 22, 2025, 12:48:01 AM",Kudos,Activity,14247571830
"Apr 22, 2025, 12:48:15 AM",Kudos,Activity,14247481827
"Apr 22, 2025, 1:05:21 AM",Kudos,Activity,14247687814
"Apr 22, 2025, 1:05:31 AM",Kudos,Activity,14247688460
"Apr 22, 2025, 1:12:25 AM",Kudos,Activity,14247691212
"Apr 22, 2025, 9:38:07 AM",Kudos,Activity,14247807621
"Apr 22, 2025, 9:52:41 AM",Kudos,Activity,14247844348
"Apr 22, 2025, 9:52:58 AM",Kudos,Activity,14249257349
"Apr 22, 2025, 9:53:29 AM",Kudos,Post,36468169
"Apr 22, 2025, 10:54:49 AM",Kudos,Activity,14250396318
"Apr 22, 2025, 11:31:15 AM",Kudos,Post,36473825
"Apr 22, 2025, 11:55:32 AM",Kudos,Activity,14251097885
"Apr 22, 2025, 12:09:39 PM",Kudos,Activity,14251156649
"Apr 22, 2025, 12:09:48 PM",Kudos,Activity,14246241850
"Apr 22, 2025, 12:36:03 PM",Kudos,Activity,14251345422
"Apr 22, 2025, 1:02:44 PM",Kudos,Activity,14245689430
"Apr 22, 2025, 1:16:27 PM",Kudos,Activity,14251818381
"Apr 22, 2025, 1:16:37 PM",Kudos,Activity,14251779644
"Apr 22, 2025, 1:53:00 PM",Kudos,Activity,14251989700
"Apr 22, 2025, 4:27:56 PM",Kudos,Activity,14252989759
"Apr 22, 2025, 4:28:13 PM",Kudos,Activity,14252937059
"Apr 22, 2025, 4:28:33 PM",Kudos,Activity,14253177104
"Apr 22, 2025, 4:28:37 PM",Kudos,Activity,14253325450
"Apr 22, 2025, 6:53:41 PM",Kudos,Activity,14254899796
"Apr 22, 2025, 7:46:25 PM",Kudos,Activity,14255572886
"Apr 22, 2025, 11:41:42 PM",Kudos,Activity,14257530707
"Apr 22, 2025, 11:41:44 PM",Kudos,Activity,14257529015
"Apr 22, 2025, 11:41:47 PM",Kudos,Activity,14257435569
"Apr 22, 2025, 11:41:49 PM",Kudos,Activity,14257364988
"Apr 22, 2025, 11:41:51 PM",Kudos,Activity,14257322956
"Apr 22, 2025, 11:41:59 PM",Kudos,Activity,14256644063
"Apr 22, 2025, 11:42:14 PM",Kudos,Activity,14256386719
"Apr 23, 2025, 12:48:48 AM",Kudos,Activity,14257700443
"Apr 23, 2025, 12:48:52 AM",Kudos,Activity,14257618445
"Apr 23, 2025, 12:48:56 AM",Kudos,Activity,14257566376
"Apr 23, 2025, 12:53:43 AM",Kudos,Activity,14258005132
"Apr 23, 2025, 12:53:45 AM",Kudos,Activity,14257920180
"Apr 23, 2025, 1:18:19 AM",Kudos,Activity,14258121788
"Apr 23, 2025, 2:23:03 AM",Kudos,Activity,14258415378
"Apr 23, 2025, 2:23:06 AM",Kudos,Activity,14258323322
"Apr 23, 2025, 2:42:30 AM",Kudos,Activity,14258487835
"Apr 23, 2025, 11:06:41 AM",Kudos,Activity,14260958677
"Apr 23, 2025, 11:53:52 AM",Kudos,Activity,14261297653
"Apr 23, 2025, 11:59:51 AM",Kudos,Activity,14261577299
"Apr 23, 2025, 1:21:15 PM",Kudos,Activity,14262166832
"Apr 23, 2025, 1:30:14 PM",Kudos,Activity,14262371015
"Apr 23, 2025, 2:36:14 PM",Kudos,Activity,14262799188
"Apr 23, 2025, 6:50:36 PM",Kudos,Activity,14264878745
"Apr 23, 2025, 8:50:12 PM",Kudos,Activity,14266476960
"Apr 24, 2025, 12:35:35 AM",Kudos,Activity,14267929018
"Apr 24, 2025, 12:35:47 AM",Kudos,Activity,14267819661
"Apr 24, 2025, 12:36:14 AM",Kudos,Activity,14267756597
"Apr 24, 2025, 12:36:22 AM",Kudos,Activity,14267749786
"Apr 24, 2025, 12:36:33 AM",Kudos,Activity,14267741569
"Apr 24, 2025, 12:36:46 AM",Kudos,Activity,14267708279
"Apr 24, 2025, 12:36:58 AM",Kudos,Activity,14267748391
"Apr 24, 2025, 12:37:12 AM",Kudos,Activity,14267624088
"Apr 24, 2025, 12:37:16 AM",Kudos,Activity,14267390274
"Apr 24, 2025, 12:37:19 AM",Kudos,Activity,14267280415
"Apr 24, 2025, 12:37:23 AM",Kudos,Activity,14267231483
"Apr 24, 2025, 12:53:43 AM",Kudos,Activity,14268160792
"Apr 24, 2025, 12:53:51 AM",Kudos,Activity,14268135846
"Apr 24, 2025, 1:25:14 AM",Kudos,Activity,14268282235
"Apr 24, 2025, 9:41:44 AM",Kudos,Activity,14269779247
"Apr 24, 2025, 9:43:19 AM",Kudos,Activity,14268710226
"Apr 24, 2025, 9:43:32 AM",Kudos,Activity,14268770402
"Apr 24, 2025, 10:54:19 AM",Kudos,Activity,14270598920
"Apr 24, 2025, 10:54:27 AM",Kudos,Activity,14268319489
"Apr 24, 2025, 1:31:06 PM",Kudos,Activity,14271012530
"Apr 24, 2025, 1:31:09 PM",Kudos,Activity,14271030564
"Apr 24, 2025, 3:49:46 PM",Kudos,Activity,14271291035
"Apr 24, 2025, 4:54:49 PM",Kudos,Activity,14271581308
"Apr 24, 2025, 4:55:36 PM",Kudos,Activity,14271615150
"Apr 24, 2025, 7:29:28 PM",Kudos,Activity,14275589798
"Apr 24, 2025, 7:29:36 PM",Kudos,Activity,14275345648
"Apr 24, 2025, 7:29:45 PM",Kudos,Activity,14275385901
"Apr 25, 2025, 11:33:53 AM",Kudos,Activity,14280733756
"Apr 25, 2025, 11:34:05 AM",Kudos,Activity,14279514986
"Apr 25, 2025, 11:34:09 AM",Kudos,Activity,14278612090
"Apr 25, 2025, 11:34:31 AM",Kudos,Activity,14279151413
"Apr 25, 2025, 11:34:35 AM",Kudos,Activity,14279151028
"Apr 25, 2025, 11:34:52 AM",Kudos,Activity,14278255885
"Apr 25, 2025, 11:35:09 AM",Kudos,Activity,14277771059
"Apr 25, 2025, 11:35:35 AM",Kudos,Activity,14277637320
"Apr 25, 2025, 11:35:41 AM",Kudos,Activity,14277605355
"Apr 25, 2025, 11:37:12 AM",Kudos,Activity,14277465209
"Apr 25, 2025, 11:37:15 AM",Kudos,Activity,14277501598
"Apr 25, 2025, 11:37:26 AM",Kudos,Activity,14277686872
"Apr 25, 2025, 11:37:30 AM",Kudos,Activity,14277358281
"Apr 25, 2025, 11:37:35 AM",Kudos,Activity,14277228790
"Apr 25, 2025, 11:37:38 AM",Kudos,Activity,14277178093
"Apr 25, 2025, 11:37:50 AM",Kudos,Activity,14277167606
"Apr 25, 2025, 11:37:58 AM",Kudos,Activity,14277175469
"Apr 25, 2025, 11:38:04 AM",Kudos,Activity,14277114410
"Apr 25, 2025, 11:38:07 AM",Kudos,Activity,14277092474
"Apr 25, 2025, 11:38:10 AM",Kudos,Activity,14277069819
"Apr 25, 2025, 11:38:19 AM",Kudos,Activity,14277064145
"Apr 25, 2025, 11:38:27 AM",Kudos,Activity,14276836406
"Apr 25, 2025, 11:38:30 AM",Kudos,Activity,14277134593
"Apr 25, 2025, 11:38:37 AM",Kudos,Activity,14277126714
"Apr 25, 2025, 11:38:56 AM",Kudos,Activity,14277069837
"Apr 25, 2025, 11:39:01 AM",Kudos,Activity,14276489296
"Apr 25, 2025, 11:39:04 AM",Kudos,Activity,14276391380
"Apr 25, 2025, 1:47:46 PM",Kudos,Activity,14281714121
"Apr 25, 2025, 1:47:52 PM",Kudos,Activity,14281462118
"Apr 25, 2025, 1:47:56 PM",Kudos,Activity,14281289307
"Apr 25, 2025, 1:48:12 PM",Kudos,Activity,14281349400
"Apr 25, 2025, 1:48:17 PM",Kudos,Activity,14281021494
"Apr 25, 2025, 1:48:19 PM",Kudos,Activity,14281717652
"Apr 25, 2025, 1:48:23 PM",Kudos,Activity,14281095909
"Apr 25, 2025, 4:16:29 PM",Kudos,Activity,14282950607
"Apr 25, 2025, 4:16:38 PM",Kudos,Activity,14282878462
"Apr 25, 2025, 4:16:40 PM",Kudos,Activity,14282764945
"Apr 25, 2025, 6:52:35 PM",Kudos,Activity,14283998190
"Apr 25, 2025, 8:11:48 PM",Kudos,Activity,14284604055
"Apr 26, 2025, 2:23:43 AM",Kudos,Activity,14286436112
"Apr 26, 2025, 2:23:47 AM",Kudos,Activity,14286873289
"Apr 26, 2025, 2:23:49 AM",Kudos,Activity,14285940652
"Apr 26, 2025, 2:23:54 AM",Kudos,Activity,14285544935
"Apr 26, 2025, 2:23:59 AM",Kudos,Activity,14285482889
"Apr 26, 2025, 4:26:10 PM",Kudos,Activity,14293022454
"Apr 26, 2025, 4:26:21 PM",Kudos,Activity,14292613188
"Apr 26, 2025, 4:26:21 PM",Kudos,Activity,14292666888
"Apr 26, 2025, 4:26:23 PM",Kudos,Activity,14292621193
"Apr 26, 2025, 4:26:32 PM",Kudos,Activity,14292005432
"Apr 26, 2025, 4:26:32 PM",Kudos,Activity,14292446379
"Apr 26, 2025, 4:28:55 PM",Kudos,Activity,14291785636
"Apr 26, 2025, 4:28:55 PM",Kudos,Activity,14292166181
"Apr 26, 2025, 4:28:55 PM",Kudos,Activity,14292162205
"Apr 26, 2025, 4:28:55 PM",Kudos,Activity,14292052811
"Apr 26, 2025, 4:28:55 PM",Kudos,Activity,14292166976
"Apr 26, 2025, 4:58:34 PM",Kudos,Activity,14293689535
"Apr 26, 2025, 4:58:51 PM",Kudos,Activity,14293606116
"Apr 26, 2025, 5:19:52 PM",Kudos,Activity,14293771940
"Apr 26, 2025, 6:40:38 PM",Kudos,Activity,14294369574
"Apr 26, 2025, 6:40:59 PM",Kudos,Activity,14294468229
"Apr 26, 2025, 6:41:08 PM",Kudos,Activity,14293985595
"Apr 26, 2025, 6:41:18 PM",Kudos,Activity,14293913017
"Apr 26, 2025, 6:41:59 PM",Kudos,Activity,14293327628
"Apr 26, 2025, 6:42:07 PM",Kudos,Activity,14293101522
"Apr 26, 2025, 6:42:09 PM",Kudos,Activity,14292993159
"Apr 26, 2025, 6:42:17 PM",Kudos,Activity,14293021359
"Apr 26, 2025, 6:42:39 PM",Kudos,Activity,14292575619
"Apr 26, 2025, 6:42:49 PM",Kudos,Activity,14292539384
"Apr 26, 2025, 6:43:33 PM",Kudos,Activity,14292219911
"Apr 26, 2025, 6:43:40 PM",Kudos,Activity,14291989313
"Apr 26, 2025, 6:43:52 PM",Kudos,Activity,14291945474
"Apr 26, 2025, 6:43:58 PM",Kudos,Activity,14292017133
"Apr 26, 2025, 6:44:04 PM",Kudos,Activity,14292069772
"Apr 26, 2025, 6:44:13 PM",Kudos,Activity,14291750103
"Apr 26, 2025, 6:44:17 PM",Kudos,Activity,14291146057
"Apr 26, 2025, 10:50:13 PM",Kudos,Activity,14295651497
"Apr 26, 2025, 10:50:35 PM",Kudos,Activity,14295185980
"Apr 26, 2025, 10:50:48 PM",Kudos,Activity,14294927092
"Apr 26, 2025, 10:50:56 PM",Kudos,Activity,14295128796
"Apr 26, 2025, 10:51:00 PM",Kudos,Activity,14294914443
"Apr 26, 2025, 10:51:37 PM",Kudos,Activity,14295140349
"Apr 26, 2025, 10:54:29 PM",Kudos,Activity,14294753498
"Apr 26, 2025, 11:24:50 PM",Kudos,Activity,14295663354
"Apr 27, 2025, 1:21:07 PM",Kudos,Activity,14302003053
"Apr 27, 2025, 1:22:14 PM",Kudos,Activity,14296047798
"Apr 27, 2025, 1:22:25 PM",Kudos,Activity,14295243432
"Apr 27, 2025, 1:22:58 PM",Kudos,Activity,14296901226
"Apr 27, 2025, 1:23:00 PM",Kudos,Activity,14295210792
"Apr 27, 2025, 1:24:38 PM",Kudos,Activity,14293771771
"Apr 27, 2025, 1:25:42 PM",Kudos,Activity,14290533065
"Apr 27, 2025, 1:25:43 PM",Kudos,Activity,14287830191
"Apr 27, 2025, 1:27:50 PM",Kudos,Activity,14302109631
"Apr 27, 2025, 1:27:53 PM",Kudos,Activity,14286783264
"Apr 27, 2025, 2:58:27 PM",Kudos,Activity,14302868182
"Apr 27, 2025, 2:58:30 PM",Kudos,Activity,14302508969
"Apr 27, 2025, 2:58:37 PM",Kudos,Activity,14302215239
"Apr 27, 2025, 3:39:24 PM",Kudos,Activity,14303440244
"Apr 27, 2025, 5:58:43 PM",Kudos,Activity,14305124412
"Apr 27, 2025, 5:59:12 PM",Kudos,Activity,14304674072
"Apr 27, 2025, 5:59:29 PM",Kudos,Activity,14304184461
"Apr 27, 2025, 6:02:12 PM",Kudos,Activity,14305329279
"Apr 27, 2025, 7:20:09 PM",Kudos,Activity,14305947769
"Apr 27, 2025, 7:40:12 PM",Kudos,Activity,14306085575
"Apr 27, 2025, 7:47:10 PM",Kudos,Activity,14305709981
"Apr 27, 2025, 8:01:42 PM",Kudos,Activity,14305855313
"Apr 28, 2025, 2:41:48 AM",Kudos,Activity,14307637444
"Apr 28, 2025, 2:42:55 AM",Kudos,Activity,14307547462
"Apr 28, 2025, 2:43:07 AM",Kudos,Activity,14307363506
"Apr 28, 2025, 2:43:27 AM",Kudos,Activity,14307121312
"Apr 28, 2025, 2:43:33 AM",Kudos,Activity,14307050872
"Apr 28, 2025, 2:43:36 AM",Kudos,Activity,14306851682
"Apr 28, 2025, 2:43:43 AM",Kudos,Activity,14306693679
"Apr 28, 2025, 2:43:52 AM",Kudos,Activity,14306435753
"Apr 28, 2025, 2:43:55 AM",Kudos,Activity,14306316355
"Apr 28, 2025, 2:43:57 AM",Kudos,Activity,14306388154
"Apr 28, 2025, 2:44:03 AM",Kudos,Activity,14306297233
"Apr 28, 2025, 2:44:04 AM",Kudos,Activity,14306283095
"Apr 28, 2025, 10:45:12 AM",Kudos,Activity,14310210533
"Apr 28, 2025, 10:45:14 AM",Kudos,Activity,14308119865
"Apr 28, 2025, 12:13:09 PM",Kudos,Activity,14310881670
"Apr 28, 2025, 12:58:29 PM",Kudos,Activity,14311087302
"Apr 28, 2025, 4:27:47 PM",Kudos,Activity,14312059993
"Apr 28, 2025, 8:13:11 PM",Kudos,Activity,14315104773
"Apr 28, 2025, 8:13:14 PM",Kudos,Activity,14314515922
"Apr 28, 2025, 8:13:16 PM",Kudos,Activity,14314396957
"Apr 28, 2025, 8:30:19 PM",Kudos,Activity,14315459353
"Apr 28, 2025, 8:30:26 PM",Kudos,Activity,14315455228
"Apr 28, 2025, 10:17:32 PM",Kudos,Activity,14316199295
"Apr 28, 2025, 10:17:36 PM",Kudos,Activity,14316173187
"Apr 28, 2025, 10:17:44 PM",Kudos,Activity,14316132074
"Apr 28, 2025, 10:17:50 PM",Kudos,Activity,14316221759
"Apr 28, 2025, 11:07:50 PM",Kudos,Activity,14316601528
"Apr 28, 2025, 11:07:52 PM",Kudos,Activity,14316481854
"Apr 28, 2025, 11:08:08 PM",Kudos,Activity,14316431573
"Apr 29, 2025, 1:24:43 AM",Kudos,Activity,14317471318
"Apr 29, 2025, 1:24:49 AM",Kudos,Activity,14317394147
"Apr 29, 2025, 1:24:53 AM",Kudos,Activity,14317125696
"Apr 29, 2025, 1:24:56 AM",Kudos,Activity,14317133727
"Apr 29, 2025, 1:25:01 AM",Kudos,Activity,14317180707
"Apr 29, 2025, 1:25:03 AM",Kudos,Activity,14317309230
"Apr 29, 2025, 1:25:12 AM",Kudos,Activity,14317358677
"Apr 29, 2025, 1:25:18 AM",Kudos,Activity,14317394009
"Apr 29, 2025, 1:25:24 AM",Kudos,Activity,14317470546
"Apr 29, 2025, 1:25:29 AM",Kudos,Activity,14317356211
"Apr 29, 2025, 1:42:21 AM",Kudos,Activity,14317621163
"Apr 29, 2025, 1:42:28 AM",Kudos,Activity,14317576666
"Apr 29, 2025, 1:42:34 AM",Kudos,Activity,14317577622
"Apr 29, 2025, 1:52:31 AM",Kudos,Post,36610724
"Apr 29, 2025, 1:52:40 AM",Kudos,Activity,14317658508
"Apr 29, 2025, 2:20:17 AM",Kudos,Activity,14316975271
"Apr 29, 2025, 2:20:38 AM",Kudos,Activity,14317252920
"Apr 29, 2025, 2:21:25 AM",Kudos,Activity,14317237353
"Apr 29, 2025, 10:40:12 AM",Kudos,Activity,14320417981
"Apr 29, 2025, 12:11:28 PM",Kudos,Activity,14321261039
"Apr 29, 2025, 12:12:39 PM",Kudos,Activity,14321176469
"Apr 29, 2025, 12:12:42 PM",Kudos,Post,36617186
"Apr 29, 2025, 12:12:47 PM",Kudos,Activity,14321239377
"Apr 29, 2025, 12:12:50 PM",Kudos,Activity,14318116461
"Apr 29, 2025, 2:22:35 PM",Kudos,Activity,14322196371
"Apr 29, 2025, 2:22:57 PM",Kudos,Activity,14322082112
"Apr 29, 2025, 2:57:19 PM",Kudos,Activity,14322712750
"Apr 29, 2025, 5:29:57 PM",Kudos,Activity,14323731189
"Apr 29, 2025, 6:44:21 PM",Kudos,Activity,14325204886
"Apr 29, 2025, 9:48:00 PM",Kudos,Activity,14326435153
"Apr 30, 2025, 12:53:30 AM",Kudos,Activity,14328123262
"Apr 30, 2025, 12:53:39 AM",Kudos,Activity,14328043633
"Apr 30, 2025, 12:53:45 AM",Kudos,Activity,14327983034
"Apr 30, 2025, 12:53:50 AM",Kudos,Activity,14327830907
"Apr 30, 2025, 12:56:55 AM",Kudos,Activity,14327765703
"Apr 30, 2025, 12:57:03 AM",Kudos,Activity,14327723030
"Apr 30, 2025, 12:57:09 AM",Kudos,Activity,14327637651
"Apr 30, 2025, 12:57:24 AM",Kudos,Activity,14327625782
"Apr 30, 2025, 12:57:32 AM",Kudos,Activity,14327354200
"Apr 30, 2025, 12:57:38 AM",Kudos,Activity,14327239580
"Apr 30, 2025, 12:57:40 AM",Kudos,Activity,14327479885
"Apr 30, 2025, 12:58:12 AM",Kudos,Activity,14328157715
"Apr 30, 2025, 12:58:24 AM",Kudos,Activity,14328294302
"Apr 30, 2025, 2:43:12 AM",Kudos,Activity,14328703562
"Apr 30, 2025, 2:43:19 AM",Kudos,Activity,14328736882
"Apr 30, 2025, 2:43:32 AM",Kudos,Activity,14328633744
"Apr 30, 2025, 11:23:52 AM",Kudos,Activity,14331573165
"Apr 30, 2025, 11:23:55 AM",Kudos,Activity,14328822139
"Apr 30, 2025, 1:31:13 PM",Kudos,Activity,14332725727
"Apr 30, 2025, 3:44:34 PM",Kudos,Activity,14333894556
"Apr 30, 2025, 3:44:38 PM",Kudos,Activity,14333896236
"Apr 30, 2025, 3:44:46 PM",Kudos,Activity,14333894741
"Apr 30, 2025, 3:44:53 PM",Kudos,Activity,14333890393
"Apr 30, 2025, 3:44:55 PM",Kudos,Activity,14333103840
"Apr 30, 2025, 5:50:35 PM",Kudos,Activity,14334942403
"Apr 30, 2025, 8:48:27 PM",Kudos,Activity,14335784019
"Apr 30, 2025, 8:55:18 PM",Kudos,Activity,14336790170
"Apr 30, 2025, 8:55:21 PM",Kudos,Post,36644601
"Apr 30, 2025, 10:34:53 PM",Kudos,Activity,14337354268
"Apr 30, 2025, 11:56:43 PM",Kudos,Activity,14337990506
"Apr 30, 2025, 11:56:46 PM",Kudos,Activity,14337963618
"May 1, 2025, 12:11:31 AM",Kudos,Activity,14338042756
"May 1, 2025, 12:32:01 AM",Kudos,Activity,14338242347
"May 1, 2025, 12:32:46 AM",Kudos,Activity,14338224762
"May 1, 2025, 12:33:00 AM",Kudos,Activity,14338172892
"May 1, 2025, 12:33:03 AM",Kudos,Activity,14338194475
"May 1, 2025, 12:33:09 AM",Kudos,Activity,14338202534
"May 1, 2025, 12:33:13 AM",Kudos,Activity,14338133282
"May 1, 2025, 12:33:21 AM",Kudos,Activity,14338057111
"May 1, 2025, 12:33:33 AM",Kudos,Activity,14338096670
"May 1, 2025, 12:37:23 AM",Kudos,Activity,14338249279
"May 1, 2025, 12:55:50 AM",Kudos,Activity,14338331702
"May 1, 2025, 1:29:19 AM",Kudos,Activity,14338516624
"May 1, 2025, 1:29:21 AM",Kudos,Activity,14338562621
"May 1, 2025, 1:52:37 AM",Kudos,Activity,14338630775
"May 1, 2025, 1:52:49 AM",Kudos,Activity,14338292280
"May 1, 2025, 1:53:09 AM",Kudos,Activity,14338187766
"May 1, 2025, 2:00:13 AM",Kudos,Activity,14338718845
"May 1, 2025, 12:05:31 PM",Kudos,Activity,14343054785
"May 1, 2025, 12:05:47 PM",Kudos,Activity,14342888486
"May 1, 2025, 12:05:52 PM",Kudos,Activity,14342261612
"May 1, 2025, 12:05:56 PM",Kudos,Activity,14342018334
"May 1, 2025, 12:06:01 PM",Kudos,Activity,14341745187
"May 1, 2025, 12:11:11 PM",Kudos,Activity,14343145177
"May 1, 2025, 12:37:41 PM",Kudos,Activity,14343297675
"May 1, 2025, 1:08:39 PM",Kudos,Activity,14338727239
"May 1, 2025, 1:17:09 PM",Kudos,Activity,14343936011
"May 1, 2025, 1:39:17 PM",Kudos,Activity,14343836993
"May 1, 2025, 2:10:05 PM",Kudos,Activity,14344266727
"May 1, 2025, 4:11:22 PM",Kudos,Activity,14344987536
"May 1, 2025, 4:11:31 PM",Kudos,Activity,14344837873
"May 1, 2025, 4:11:36 PM",Kudos,Activity,14344957599
"May 1, 2025, 5:58:12 PM",Kudos,Activity,14346768570
"May 1, 2025, 5:58:14 PM",Kudos,Activity,14346762191
"May 1, 2025, 8:08:08 PM",Kudos,Activity,14348142289
"May 1, 2025, 9:21:42 PM",Kudos,Activity,14348586540
"May 1, 2025, 10:33:34 PM",Kudos,Activity,14348792272
"May 1, 2025, 10:33:36 PM",Kudos,Activity,14348839780
"May 1, 2025, 11:12:32 PM",Kudos,Activity,14349271547
"May 1, 2025, 11:38:26 PM",Kudos,Activity,14349374190
"May 1, 2025, 11:47:03 PM",Kudos,Activity,14349537375
"May 1, 2025, 11:59:09 PM",Kudos,Activity,14349591681
"May 2, 2025, 12:09:10 AM",Kudos,Activity,14349666273
"May 2, 2025, 12:09:14 AM",Kudos,Activity,14349645334
"May 2, 2025, 12:12:55 AM",Kudos,Activity,14349678128
"May 2, 2025, 12:20:17 AM",Kudos,Activity,14349717554
"May 2, 2025, 12:37:54 AM",Kudos,Activity,14349723965
"May 2, 2025, 12:43:48 AM",Kudos,Activity,14349829796
"May 2, 2025, 12:44:09 AM",Kudos,Activity,14349822194
"May 2, 2025, 12:55:11 AM",Kudos,Activity,14349887208
"May 2, 2025, 1:27:49 AM",Kudos,Activity,14350010591
"May 2, 2025, 1:53:15 AM",Kudos,Activity,14350154849
"May 2, 2025, 2:09:24 AM",Kudos,Activity,14350167020
"May 2, 2025, 9:38:24 AM",Kudos,Activity,14350581584
"May 2, 2025, 9:38:29 AM",Kudos,Activity,14350566317
"May 2, 2025, 11:29:46 AM",Kudos,Activity,14353060913
"May 2, 2025, 12:23:10 PM",Kudos,Activity,14353557020
"May 2, 2025, 12:23:14 PM",Kudos,Activity,14353304301
"May 2, 2025, 12:23:15 PM",Kudos,Activity,14353304290
"May 2, 2025, 12:55:40 PM",Kudos,Activity,14354035122
"May 2, 2025, 12:55:54 PM",Kudos,Activity,14353886632
"May 2, 2025, 1:49:49 PM",Kudos,Activity,14354479444
"May 2, 2025, 3:42:35 PM",Kudos,Activity,14354651787
"May 2, 2025, 5:28:59 PM",Kudos,Activity,14356427622
"May 2, 2025, 5:42:54 PM",Kudos,Activity,14356679103
"May 2, 2025, 6:24:27 PM",Kudos,Activity,14356933397
"May 2, 2025, 10:32:35 PM",Kudos,Activity,14358234474
"May 2, 2025, 11:17:16 PM",Kudos,Activity,14358804343
"May 2, 2025, 11:30:33 PM",Kudos,Activity,14358880263
"May 2, 2025, 11:30:35 PM",Kudos,Activity,14358925433
"May 3, 2025, 12:56:09 AM",Kudos,Activity,14359490604
"May 3, 2025, 12:56:15 AM",Kudos,Activity,14359268151
"May 3, 2025, 1:42:26 AM",Kudos,Activity,14359699406
"May 3, 2025, 4:14:37 PM",Kudos,Activity,14366610547
"May 3, 2025, 4:14:50 PM",Kudos,Activity,14366510876
"May 3, 2025, 4:14:54 PM",Kudos,Activity,14365995772
"May 3, 2025, 4:14:57 PM",Kudos,Activity,14366031981
"May 3, 2025, 4:15:05 PM",Kudos,Activity,14365492683
"May 3, 2025, 4:15:11 PM",Kudos,Activity,14365423308
"May 3, 2025, 4:15:16 PM",Kudos,Activity,14365931706
"May 3, 2025, 4:15:20 PM",Kudos,Activity,14365387547
"May 3, 2025, 4:15:34 PM",Kudos,Activity,14365091067
"May 3, 2025, 4:16:39 PM",Kudos,Activity,14365035183
"May 3, 2025, 4:16:46 PM",Kudos,Activity,14365015790
"May 3, 2025, 4:16:50 PM",Kudos,Activity,14365517894
"May 3, 2025, 4:16:53 PM",Kudos,Activity,14364897854
"May 3, 2025, 4:17:04 PM",Kudos,Activity,14364590790
"May 3, 2025, 4:17:10 PM",Kudos,Activity,14364622787
"May 3, 2025, 4:17:23 PM",Kudos,Activity,14366507931
"May 3, 2025, 4:17:31 PM",Kudos,Activity,14366503071
"May 3, 2025, 6:02:14 PM",Kudos,Activity,14367316741
"May 3, 2025, 6:49:23 PM",Kudos,Activity,14367793724
"May 3, 2025, 10:27:05 PM",Kudos,Activity,14369255296
"May 3, 2025, 10:27:09 PM",Kudos,Activity,14369151189
"May 3, 2025, 10:27:11 PM",Kudos,Activity,14368406312
"May 3, 2025, 10:27:15 PM",Kudos,Activity,14368353214
"May 3, 2025, 11:07:03 PM",Kudos,Activity,14369379985
"May 3, 2025, 11:07:06 PM",Kudos,Activity,14369357348
"May 3, 2025, 11:59:23 PM",Kudos,Activity,14369648367
"May 4, 2025, 2:53:20 PM",Kudos,Activity,14375454693
"May 4, 2025, 2:53:24 PM",Kudos,Activity,14375455783
"May 4, 2025, 2:53:29 PM",Kudos,Activity,14375400200
"May 4, 2025, 2:53:31 PM",Kudos,Activity,14375422279
"May 4, 2025, 2:53:41 PM",Kudos,Post,36730024
"May 4, 2025, 2:53:44 PM",Kudos,Activity,14375968420
"May 4, 2025, 2:53:48 PM",Kudos,Activity,14376067101
"May 4, 2025, 2:53:53 PM",Kudos,Activity,14376241834
"May 4, 2025, 3:44:54 PM",Kudos,Activity,14376793996
"May 4, 2025, 3:47:49 PM",Kudos,Activity,14376953388
"May 4, 2025, 4:53:37 PM",Kudos,Activity,14377406418
"May 4, 2025, 5:21:39 PM",Kudos,Activity,14377851906
"May 4, 2025, 5:21:41 PM",Kudos,Activity,14377813648
"May 4, 2025, 7:49:46 PM",Kudos,Activity,14378857328
"May 4, 2025, 7:49:49 PM",Kudos,Activity,14378777259
"May 4, 2025, 7:49:56 PM",Kudos,Activity,14378819371
"May 4, 2025, 7:50:00 PM",Kudos,Activity,14378783699
"May 4, 2025, 7:50:03 PM",Kudos,Activity,14378660524
"May 4, 2025, 7:50:07 PM",Kudos,Activity,14378580526
"May 4, 2025, 7:50:22 PM",Kudos,Activity,14378345768
"May 4, 2025, 11:36:28 PM",Kudos,Activity,14380291900
"May 4, 2025, 11:36:39 PM",Kudos,Activity,14380040047
"May 4, 2025, 11:36:47 PM",Kudos,Activity,14379916956
"May 4, 2025, 11:36:58 PM",Kudos,Activity,14379883861
"May 4, 2025, 11:37:01 PM",Kudos,Activity,14379851337
"May 4, 2025, 11:37:14 PM",Kudos,Activity,14379828325
"May 4, 2025, 11:37:21 PM",Kudos,Activity,14379450125
"May 4, 2025, 11:37:29 PM",Kudos,Activity,14379832037
"May 4, 2025, 11:37:33 PM",Kudos,Activity,14379146899
"May 4, 2025, 11:37:37 PM",Kudos,Activity,14379146839
"May 5, 2025, 1:04:12 AM",Kudos,Activity,14380461347
"May 5, 2025, 1:04:20 AM",Kudos,Activity,14380481516
"May 5, 2025, 11:16:52 AM",Kudos,Activity,14383373279
"May 5, 2025, 12:02:53 PM",Kudos,Activity,14383859647
"May 5, 2025, 6:19:07 PM",Kudos,Activity,14386246586
"May 5, 2025, 9:25:35 PM",Kudos,Activity,14387716636
"May 5, 2025, 9:25:37 PM",Kudos,Activity,14388146138
"May 5, 2025, 9:25:40 PM",Kudos,Activity,14387354792
"May 5, 2025, 9:25:44 PM",Kudos,Activity,14386579486
"May 6, 2025, 2:53:18 AM",Kudos,Activity,14390108590
"May 6, 2025, 2:58:30 AM",Kudos,Activity,14389656653
"May 6, 2025, 2:58:33 AM",Kudos,Activity,14389723208
"May 6, 2025, 2:58:38 AM",Kudos,Activity,14389861845
"May 6, 2025, 2:58:42 AM",Kudos,Activity,14389877560
"May 6, 2025, 2:58:50 AM",Kudos,Activity,14389901552
"May 6, 2025, 2:58:53 AM",Kudos,Activity,14389904022
"May 6, 2025, 2:58:56 AM",Kudos,Activity,14389929180
"May 6, 2025, 2:58:58 AM",Kudos,Activity,14389883290
"May 6, 2025, 2:59:02 AM",Kudos,Activity,14389956079
"May 6, 2025, 2:59:08 AM",Kudos,Activity,14389969759
"May 6, 2025, 2:59:11 AM",Kudos,Activity,14389963722
"May 6, 2025, 2:59:20 AM",Kudos,Activity,14389968540
"May 6, 2025, 2:59:29 AM",Kudos,Activity,14389989276
"May 6, 2025, 2:59:33 AM",Kudos,Activity,14390025067
"May 6, 2025, 2:59:36 AM",Kudos,Activity,14390070280
"May 6, 2025, 3:00:05 AM",Kudos,Activity,14390040871
"May 6, 2025, 3:00:14 AM",Kudos,Activity,14390085726
"May 6, 2025, 3:00:22 AM",Kudos,Activity,14390160812
"May 6, 2025, 3:00:25 AM",Kudos,Activity,14390300367
"May 6, 2025, 3:00:28 AM",Kudos,Activity,14390249615
"May 6, 2025, 3:00:33 AM",Kudos,Activity,14390141862
"May 6, 2025, 3:00:35 AM",Kudos,Activity,14390026451
"May 6, 2025, 3:00:37 AM",Kudos,Activity,14390467698
"May 6, 2025, 3:00:38 AM",Kudos,Activity,14390026662
"May 6, 2025, 3:01:15 AM",Kudos,Post,36764312
"May 6, 2025, 3:01:23 AM",Kudos,Activity,14390548357
"May 6, 2025, 10:53:46 AM",Kudos,Activity,14393141961
"May 6, 2025, 11:08:08 AM",Kudos,Activity,14393254911
"May 6, 2025, 11:54:30 AM",Kudos,Activity,14393772982
"May 6, 2025, 12:04:08 PM",Kudos,Activity,14393805349
"May 6, 2025, 12:32:47 PM",Kudos,Activity,14394059773
"May 6, 2025, 1:28:28 PM",Kudos,Activity,14394565578
"May 6, 2025, 3:57:05 PM",Kudos,Activity,14395175727
"May 6, 2025, 4:23:56 PM",Kudos,Post,36774988
"May 6, 2025, 5:28:22 PM",Kudos,Activity,14396320153
"May 6, 2025, 10:44:02 PM",Kudos,Activity,14399681599
"May 6, 2025, 10:44:15 PM",Kudos,Activity,14399722010
"May 6, 2025, 10:44:20 PM",Kudos,Activity,14399720457
"May 6, 2025, 11:21:48 PM",Kudos,Activity,14400000659
"May 6, 2025, 11:41:07 PM",Kudos,Activity,14400142039
"May 6, 2025, 11:59:45 PM",Kudos,Activity,14400335110
"May 6, 2025, 11:59:47 PM",Kudos,Activity,14400293613
"May 6, 2025, 11:59:50 PM",Kudos,Activity,14400281951
"May 6, 2025, 11:59:52 PM",Kudos,Activity,14400275600
"May 6, 2025, 11:59:53 PM",Kudos,Activity,14400167742
"May 7, 2025, 12:08:34 AM",Kudos,Activity,14400120183
"May 7, 2025, 12:08:46 AM",Kudos,Activity,14399775425
"May 7, 2025, 12:18:47 AM",Kudos,Activity,14400410379
"May 7, 2025, 12:18:57 AM",Kudos,Activity,14400452117
"May 7, 2025, 12:36:57 AM",Kudos,Activity,14400570845
"May 7, 2025, 12:37:02 AM",Kudos,Activity,14400585799
"May 7, 2025, 12:37:05 AM",Kudos,Activity,14400549649
"May 7, 2025, 1:06:58 AM",Kudos,Activity,14400760368
"May 7, 2025, 1:07:06 AM",Kudos,Activity,14400739858
"May 7, 2025, 1:07:16 AM",Kudos,Activity,14400739807
"May 7, 2025, 1:07:21 AM",Kudos,Activity,14400616735
"May 7, 2025, 1:07:23 AM",Kudos,Activity,14400659028
"May 7, 2025, 2:53:09 AM",Kudos,Activity,14401067353
"May 7, 2025, 10:08:59 AM",Kudos,Activity,14401507838
"May 7, 2025, 10:47:22 AM",Kudos,Activity,14403628806
"May 7, 2025, 11:59:57 AM",Kudos,Activity,14404240280
"May 7, 2025, 12:00:03 PM",Kudos,Activity,14404292478
"May 7, 2025, 12:00:09 PM",Kudos,Activity,14404210898
"May 7, 2025, 12:03:05 PM",Kudos,Activity,14404411123
"May 7, 2025, 1:02:52 PM",Kudos,Activity,14404890097
"May 7, 2025, 3:45:41 PM",Kudos,Activity,14406139275
"May 7, 2025, 4:40:18 PM",Kudos,Activity,14406611160
"May 7, 2025, 10:26:43 PM",Kudos,Activity,14409965213
"May 7, 2025, 10:26:49 PM",Kudos,Activity,14409962081
"May 7, 2025, 10:26:54 PM",Kudos,Activity,14409961002
"May 7, 2025, 10:27:17 PM",Kudos,Activity,14409970175
"May 7, 2025, 10:27:27 PM",Kudos,Activity,14409959064
"May 7, 2025, 10:28:27 PM",Kudos,Activity,14409774946
"May 7, 2025, 10:28:29 PM",Kudos,Activity,14409739891
"May 7, 2025, 10:28:33 PM",Kudos,Activity,14409713760
"May 7, 2025, 11:16:03 PM",Kudos,Activity,14410352833
"May 8, 2025, 12:55:28 AM",Kudos,Activity,14410920499
"May 8, 2025, 12:55:35 AM",Kudos,Activity,14410865221
"May 8, 2025, 12:55:40 AM",Kudos,Activity,14411016696
"May 8, 2025, 12:55:47 AM",Kudos,Activity,14410725358
"May 8, 2025, 12:56:26 AM",Kudos,Activity,14410642642
"May 8, 2025, 12:56:27 AM",Kudos,Activity,14410672754
"May 8, 2025, 2:35:43 AM",Kudos,Activity,14411361206
"May 8, 2025, 2:35:53 AM",Kudos,Activity,14411312131
"May 8, 2025, 2:35:55 AM",Kudos,Activity,14411323826
"May 8, 2025, 2:35:57 AM",Kudos,Activity,14411347272
"May 8, 2025, 10:28:49 AM",Kudos,Activity,14412741609
"May 8, 2025, 10:28:53 AM",Kudos,Activity,14411797610
"May 8, 2025, 10:28:56 AM",Kudos,Activity,14411554501
"May 8, 2025, 10:29:03 AM",Kudos,Activity,14411509904
"May 8, 2025, 10:29:11 AM",Kudos,Activity,14411500105
"May 8, 2025, 10:29:35 AM",Kudos,Activity,14411384455
"May 8, 2025, 10:29:45 AM",Kudos,Activity,14411323836
"May 8, 2025, 10:30:26 AM",Kudos,Activity,14411436929
"May 8, 2025, 10:30:32 AM",Kudos,Activity,14411435703
"May 8, 2025, 10:30:38 AM",Kudos,Activity,14411191287
"May 8, 2025, 10:30:43 AM",Kudos,Activity,14411149650
"May 8, 2025, 10:31:17 AM",Kudos,Activity,14410186192
"May 8, 2025, 10:31:21 AM",Kudos,Activity,14410096655
"May 8, 2025, 10:31:31 AM",Kudos,Activity,14409969863
"May 8, 2025, 10:50:42 AM",Kudos,Activity,14414153031
"May 8, 2025, 10:50:43 AM",Kudos,Activity,14414057512
"May 8, 2025, 11:58:42 AM",Kudos,Activity,14414817864
"May 8, 2025, 11:58:43 AM",Kudos,Activity,14414704479
"May 8, 2025, 12:05:00 PM",Kudos,Activity,14414900332
"May 8, 2025, 12:05:03 PM",Kudos,Activity,14414873522
"May 8, 2025, 12:30:11 PM",Kudos,Activity,14415120302
"May 8, 2025, 5:23:43 PM",Kudos,Post,36813898
"May 8, 2025, 5:44:26 PM",Kudos,Activity,14418089104
"May 8, 2025, 10:35:21 PM",Kudos,Activity,14420342719
"May 8, 2025, 10:35:22 PM",Kudos,Activity,14420202408
"May 8, 2025, 10:35:34 PM",Kudos,Activity,14419861541
"May 8, 2025, 11:18:43 PM",Kudos,Activity,14420541621
"May 9, 2025, 12:05:10 AM",Kudos,Activity,14420912852
"May 9, 2025, 12:05:27 AM",Kudos,Activity,14420916474
"May 9, 2025, 12:05:30 AM",Kudos,Activity,14420890320
"May 9, 2025, 12:05:34 AM",Kudos,Activity,14420862657
"May 9, 2025, 2:42:08 AM",Kudos,Activity,14421684654
"May 9, 2025, 11:43:57 AM",Kudos,Activity,14422346444
"May 9, 2025, 11:44:01 AM",Kudos,Activity,14421611460
"May 9, 2025, 11:44:11 AM",Kudos,Activity,14421289053
"May 9, 2025, 11:44:22 AM",Kudos,Activity,14421204609
"May 9, 2025, 11:44:24 AM",Kudos,Activity,14421150944
"May 9, 2025, 11:44:27 AM",Kudos,Activity,14420993472
"May 9, 2025, 1:59:01 PM",Kudos,Activity,14425204437
"May 9, 2025, 3:08:36 PM",Kudos,Activity,14425971037
"May 9, 2025, 3:08:38 PM",Kudos,Activity,14425961271
"May 9, 2025, 3:08:58 PM",Kudos,Activity,14425052706
"May 9, 2025, 3:09:24 PM",Kudos,Activity,14425381144
"May 9, 2025, 3:09:27 PM",Kudos,Activity,14425210578
"May 9, 2025, 3:09:34 PM",Kudos,Activity,14424697073
"May 9, 2025, 4:08:26 PM",Kudos,Activity,14426539167
"May 9, 2025, 4:46:50 PM",Kudos,Activity,14427259191
"May 9, 2025, 9:14:50 PM",Kudos,Activity,14428520065
"May 9, 2025, 9:14:55 PM",Kudos,Activity,14427690909
"May 9, 2025, 9:15:05 PM",Kudos,Activity,14427539471
"May 9, 2025, 9:15:13 PM",Kudos,Activity,14427078440
"May 9, 2025, 9:35:42 PM",Kudos,Activity,14429272151
"May 10, 2025, 12:39:46 AM",Kudos,Activity,14430304764
"May 10, 2025, 12:39:49 AM",Kudos,Activity,14430321627
"May 10, 2025, 12:40:04 AM",Kudos,Activity,14430145878
"May 10, 2025, 12:40:19 AM",Kudos,Activity,14430134684
"May 10, 2025, 12:40:37 AM",Kudos,Activity,14429930401
"May 10, 2025, 12:40:41 AM",Kudos,Activity,14429940304
"May 10, 2025, 12:40:51 AM",Kudos,Activity,14429870103
"May 10, 2025, 12:40:56 AM",Kudos,Activity,14429308183
"May 10, 2025, 12:57:27 AM",Kudos,Activity,14430465260
"May 10, 2025, 2:44:09 AM",Kudos,Activity,14430633816
"May 10, 2025, 1:04:41 PM",Kudos,Activity,14434990318
"May 10, 2025, 1:04:53 PM",Kudos,Activity,14435236680
"May 10, 2025, 1:04:59 PM",Kudos,Activity,14435290199
"May 10, 2025, 1:05:20 PM",Kudos,Activity,14434826217
"May 10, 2025, 1:05:27 PM",Kudos,Activity,14434747788
"May 10, 2025, 3:15:30 PM",Kudos,Activity,14436867522
"May 10, 2025, 3:15:35 PM",Kudos,Activity,14436711498
"May 10, 2025, 3:15:41 PM",Kudos,Activity,14436544766
"May 10, 2025, 3:16:14 PM",Kudos,Activity,14436559217
"May 10, 2025, 3:16:24 PM",Kudos,Activity,14436294536
"May 10, 2025, 3:16:52 PM",Kudos,Activity,14436432924
"May 10, 2025, 3:16:57 PM",Kudos,Activity,14436414881
"May 10, 2025, 3:18:11 PM",Kudos,Activity,14436438511
"May 10, 2025, 3:18:20 PM",Kudos,Activity,14436106655
"May 10, 2025, 3:18:33 PM",Kudos,Activity,14436103928
"May 10, 2025, 3:18:40 PM",Kudos,Activity,14435784217
"May 10, 2025, 3:18:59 PM",Kudos,Activity,14436060747
"May 10, 2025, 3:19:09 PM",Kudos,Activity,14435744047
"May 10, 2025, 3:19:12 PM",Kudos,Activity,14435407411
"May 10, 2025, 3:19:27 PM",Kudos,Activity,14434988316
"May 10, 2025, 3:20:19 PM",Kudos,Activity,14436980399
"May 10, 2025, 3:20:31 PM",Kudos,Activity,14436925580
"May 10, 2025, 4:37:00 PM",Kudos,Activity,14437610957
"May 10, 2025, 4:37:04 PM",Kudos,Activity,14437447226
"May 10, 2025, 4:37:08 PM",Kudos,Activity,14437424369
"May 10, 2025, 4:37:20 PM",Kudos,Activity,14437239125
"May 10, 2025, 4:37:22 PM",Kudos,Activity,14437254170
"May 10, 2025, 5:44:53 PM",Kudos,Activity,14438358533
"May 10, 2025, 9:51:52 PM",Kudos,Activity,14439474162
"May 10, 2025, 9:51:57 PM",Kudos,Activity,14439225875
"May 10, 2025, 9:51:58 PM",Kudos,Activity,14439404931
"May 10, 2025, 9:54:55 PM",Kudos,Activity,14439676638
"May 11, 2025, 12:09:51 AM",Kudos,Activity,14440726979
"May 11, 2025, 12:09:56 AM",Kudos,Activity,14439811274
"May 11, 2025, 1:02:53 AM",Kudos,Activity,14440875929
"May 11, 2025, 12:57:42 PM",Kudos,Activity,14446334135
"May 11, 2025, 12:57:44 PM",Kudos,Activity,14445501881
"May 11, 2025, 12:57:51 PM",Kudos,Activity,14435645034
"May 11, 2025, 1:01:29 PM",Kudos,Activity,14446392968
"May 11, 2025, 1:04:44 PM",Kudos,Activity,14446427257
"May 11, 2025, 1:26:29 PM",Kudos,Activity,14446590380
"May 11, 2025, 1:26:37 PM",Kudos,Activity,14446523677
"May 11, 2025, 5:58:33 PM",Kudos,Activity,14449147764
"May 11, 2025, 6:01:34 PM",Kudos,Post,36876623
"May 11, 2025, 6:01:37 PM",Kudos,Activity,14448423416
"May 11, 2025, 6:01:39 PM",Kudos,Activity,14448250622
"May 11, 2025, 6:01:58 PM",Kudos,Activity,14448487864
"May 11, 2025, 6:02:17 PM",Kudos,Activity,14447339966
"May 11, 2025, 6:02:19 PM",Kudos,Activity,14447495064
"May 11, 2025, 6:02:36 PM",Kudos,Activity,14449222356
"May 11, 2025, 6:02:43 PM",Kudos,Activity,14449106770
"May 11, 2025, 6:02:52 PM",Kudos,Activity,14449534472
"May 11, 2025, 7:51:48 PM",Kudos,Activity,14450314402
"May 11, 2025, 7:51:50 PM",Kudos,Activity,14450290677
"May 11, 2025, 7:51:54 PM",Kudos,Activity,14450267746
"May 11, 2025, 7:51:57 PM",Kudos,Activity,14450137090
"May 11, 2025, 7:52:00 PM",Kudos,Activity,14450036901
"May 11, 2025, 7:52:17 PM",Kudos,Activity,14449997053
"May 11, 2025, 7:52:52 PM",Kudos,Activity,14449506011
"May 11, 2025, 8:21:12 PM",Kudos,Activity,14450504983
"May 11, 2025, 8:21:13 PM",Kudos,Activity,14450522279
"May 11, 2025, 8:21:17 PM",Kudos,Activity,14450456305
"May 11, 2025, 10:09:28 PM",Kudos,Activity,14450995990
"May 11, 2025, 10:09:47 PM",Kudos,Activity,14450850756
"May 11, 2025, 11:03:51 PM",Kudos,Activity,14451280619
"May 11, 2025, 11:19:32 PM",Kudos,Activity,14451419598
"May 11, 2025, 11:19:37 PM",Kudos,Activity,14451430073
"May 11, 2025, 11:19:41 PM",Kudos,Activity,14451419556
"May 11, 2025, 11:50:25 PM",Kudos,Activity,14451433865
"May 12, 2025, 1:32:35 AM",Kudos,Activity,14451864098
"May 12, 2025, 11:43:42 AM",Kudos,Activity,14452470985
"May 12, 2025, 11:43:50 AM",Kudos,Activity,14452231968
"May 12, 2025, 12:21:08 PM",Kudos,Activity,14455132277
"May 12, 2025, 12:21:11 PM",Kudos,Activity,14455139733
"May 12, 2025, 1:15:39 PM",Kudos,Activity,14455336834
"May 13, 2025, 2:35:20 AM",Kudos,Activity,14462254366
"May 13, 2025, 2:35:33 AM",Kudos,Activity,14461898827
"May 13, 2025, 2:35:57 AM",Kudos,Activity,14461984504
"May 13, 2025, 2:35:58 AM",Kudos,Activity,14461820216
"May 13, 2025, 2:36:19 AM",Kudos,Activity,14461782953
"May 13, 2025, 2:36:21 AM",Kudos,Activity,14461787637
"May 13, 2025, 2:36:27 AM",Kudos,Activity,14461798955
"May 13, 2025, 2:36:36 AM",Kudos,Activity,14461729874
"May 13, 2025, 2:36:39 AM",Kudos,Activity,14461729265
"May 13, 2025, 2:36:44 AM",Kudos,Activity,14461760647
"May 13, 2025, 2:36:49 AM",Kudos,Activity,14461751729
"May 13, 2025, 2:36:55 AM",Kudos,Activity,14461798586
"May 13, 2025, 2:36:58 AM",Kudos,Activity,14461672556
"May 13, 2025, 2:37:00 AM",Kudos,Activity,14461680817
"May 13, 2025, 2:37:04 AM",Kudos,Activity,14461788075
"May 13, 2025, 2:37:13 AM",Kudos,Activity,14461684389
"May 13, 2025, 11:29:23 AM",Kudos,Activity,14465544075
"May 13, 2025, 11:29:26 AM",Kudos,Activity,14465474045
"May 13, 2025, 11:29:52 AM",Kudos,Activity,14462663132
"May 13, 2025, 11:30:00 AM",Kudos,Activity,14462350306
"May 13, 2025, 11:30:05 AM",Kudos,Activity,14462342474
"May 13, 2025, 11:30:17 AM",Kudos,Post,36904846
"May 13, 2025, 11:30:32 AM",Kudos,Activity,14460065992
"May 13, 2025, 11:30:44 AM",Kudos,Activity,14461828316
"May 13, 2025, 11:31:19 AM",Kudos,Activity,14461688919
"May 13, 2025, 11:31:31 AM",Kudos,Activity,14461097011
"May 13, 2025, 11:31:50 AM",Kudos,Activity,14460719264
"May 13, 2025, 11:31:53 AM",Kudos,Activity,14460635456
"May 13, 2025, 11:31:55 AM",Kudos,Activity,14460507418
"May 13, 2025, 11:31:58 AM",Kudos,Activity,14460130048
"May 13, 2025, 11:32:01 AM",Kudos,Activity,14459824763
"May 13, 2025, 11:32:09 AM",Kudos,Activity,14459042047
"May 13, 2025, 11:32:16 AM",Kudos,Activity,14456618225
"May 13, 2025, 12:01:40 PM",Kudos,Activity,14465804364
"May 13, 2025, 12:01:43 PM",Kudos,Activity,14465856572
"May 13, 2025, 12:41:08 PM",Kudos,Activity,14465957203
"May 13, 2025, 12:41:16 PM",Kudos,Activity,14466000165
"May 13, 2025, 1:00:16 PM",Kudos,Activity,14466370505
"May 13, 2025, 1:00:17 PM",Kudos,Activity,14466372683
"May 13, 2025, 1:00:18 PM",Kudos,Activity,14466372689
"May 13, 2025, 1:00:22 PM",Kudos,Activity,14466096891
"May 13, 2025, 1:00:23 PM",Kudos,Activity,14466096894
"May 13, 2025, 1:00:31 PM",Kudos,Activity,14466453903
"May 13, 2025, 1:15:19 PM",Kudos,Activity,14466594150
"May 13, 2025, 5:25:40 PM",Kudos,Post,36916621
"May 14, 2025, 12:23:25 AM",Kudos,Activity,14472946824
"May 14, 2025, 12:23:28 AM",Kudos,Activity,14472867117
"May 14, 2025, 12:23:44 AM",Kudos,Activity,14472829938
"May 14, 2025, 12:23:46 AM",Kudos,Activity,14472827994
"May 14, 2025, 12:23:57 AM",Kudos,Activity,14472677232
"May 14, 2025, 12:24:03 AM",Kudos,Activity,14472655545
"May 14, 2025, 12:24:10 AM",Kudos,Activity,14472659130
"May 14, 2025, 12:24:18 AM",Kudos,Activity,14472560378
"May 14, 2025, 12:24:23 AM",Kudos,Activity,14472547599
"May 14, 2025, 12:24:26 AM",Kudos,Activity,14472645275
"May 14, 2025, 12:24:30 AM",Kudos,Activity,14472413256
"May 14, 2025, 12:24:42 AM",Kudos,Activity,14472307509
"May 14, 2025, 12:25:08 AM",Kudos,Activity,14472167438
"May 14, 2025, 12:25:11 AM",Kudos,Activity,14472401415
"May 14, 2025, 12:25:15 AM",Kudos,Activity,14472144473
"May 14, 2025, 12:25:17 AM",Kudos,Activity,14472099120
"May 14, 2025, 12:25:18 AM",Kudos,Activity,14472185657
"May 14, 2025, 12:25:22 AM",Kudos,Activity,14472399146
"May 14, 2025, 12:25:28 AM",Kudos,Activity,14472120318
"May 14, 2025, 12:25:31 AM",Kudos,Activity,14471913082
"May 14, 2025, 12:25:33 AM",Kudos,Activity,14471811761
"May 14, 2025, 12:25:48 AM",Kudos,Activity,14471827289
"May 14, 2025, 12:25:52 AM",Kudos,Post,36921553
"May 14, 2025, 12:26:02 AM",Kudos,Activity,14471733392
"May 14, 2025, 12:26:05 AM",Kudos,Activity,14471738996
"May 14, 2025, 12:26:08 AM",Kudos,Activity,14470537276
"May 14, 2025, 12:26:13 AM",Kudos,Activity,14470131734
"May 14, 2025, 12:26:15 AM",Kudos,Activity,14469880111
"May 14, 2025, 12:26:17 AM",Kudos,Activity,14461886611
"May 14, 2025, 12:26:20 AM",Kudos,Activity,14469879918
"May 14, 2025, 12:26:29 AM",Kudos,Activity,14467194791
"May 14, 2025, 12:26:34 AM",Kudos,Activity,14467058354
"May 14, 2025, 12:34:54 PM",Kudos,Activity,14477172141
"May 14, 2025, 1:00:03 PM",Kudos,Activity,14477552234
"May 14, 2025, 1:00:09 PM",Kudos,Activity,14477554394
"May 14, 2025, 3:43:34 PM",Kudos,Activity,14477992542
"May 14, 2025, 5:19:43 PM",Kudos,Activity,14479420264
"May 14, 2025, 5:19:44 PM",Kudos,Activity,14479045327
"May 14, 2025, 7:23:21 PM",Kudos,Post,36938326
"May 14, 2025, 8:34:55 PM",Kudos,Activity,14478000197
"May 14, 2025, 10:01:09 PM",Kudos,Activity,14482672933
"May 14, 2025, 10:01:14 PM",Kudos,Activity,14482641761
"May 14, 2025, 11:06:47 PM",Kudos,Activity,14483231385
"May 14, 2025, 11:06:49 PM",Kudos,Activity,14483116049
"May 14, 2025, 11:06:52 PM",Kudos,Activity,14483055319
"May 14, 2025, 11:06:58 PM",Kudos,Activity,14483016913
"May 14, 2025, 11:07:02 PM",Kudos,Activity,14483133587
"May 14, 2025, 11:26:44 PM",Kudos,Activity,14483297209
"May 14, 2025, 11:26:47 PM",Kudos,Activity,14483300072
"May 14, 2025, 11:49:26 PM",Kudos,Activity,14483565069
"May 14, 2025, 11:49:28 PM",Kudos,Activity,14483600089
"May 15, 2025, 12:11:39 AM",Kudos,Activity,14483717363
"May 15, 2025, 12:11:46 AM",Kudos,Activity,14483626332
"May 15, 2025, 12:27:39 AM",Kudos,Activity,14483833802
"May 15, 2025, 1:12:04 AM",Kudos,Activity,14484032084
"May 15, 2025, 1:12:08 AM",Kudos,Activity,14484017178
"May 15, 2025, 1:12:46 AM",Kudos,Activity,14484008202
"May 15, 2025, 1:12:54 AM",Kudos,Activity,14483969007
"May 15, 2025, 1:12:56 AM",Kudos,Activity,14484043792
"May 15, 2025, 1:12:59 AM",Kudos,Activity,14484083951
"May 15, 2025, 1:39:29 AM",Kudos,Activity,14484219295
"May 15, 2025, 9:50:38 AM",Kudos,Activity,14484569037
"May 15, 2025, 9:50:46 AM",Kudos,Activity,14484454680
"May 15, 2025, 9:50:49 AM",Kudos,Activity,14484650346
"May 15, 2025, 11:19:35 AM",Kudos,Activity,14486976402
"May 15, 2025, 11:59:08 AM",Kudos,Activity,14487646507
"May 15, 2025, 11:59:09 AM",Kudos,Activity,14487579283
"May 15, 2025, 1:01:51 PM",Kudos,Activity,14488024923
"May 15, 2025, 1:02:00 PM",Kudos,Activity,14488122331
"May 15, 2025, 1:39:16 PM",Kudos,Activity,14487803265
"May 15, 2025, 1:39:20 PM",Kudos,Activity,14487685007
"May 15, 2025, 4:47:15 PM",Kudos,Post,36954515
"May 15, 2025, 6:26:58 PM",Kudos,Activity,14491162230
"May 15, 2025, 6:27:01 PM",Kudos,Activity,14490912000
"May 15, 2025, 6:27:05 PM",Kudos,Activity,14490863142
"May 15, 2025, 7:45:10 PM",Kudos,Activity,14491808325
"May 15, 2025, 7:45:15 PM",Kudos,Activity,14491767839
"May 15, 2025, 11:18:54 PM",Kudos,Activity,14493506525
"May 15, 2025, 11:19:05 PM",Kudos,Activity,14493374861
"May 15, 2025, 11:19:16 PM",Kudos,Activity,14492844765
"May 15, 2025, 11:38:43 PM",Kudos,Activity,14493538072
"May 15, 2025, 11:38:45 PM",Kudos,Activity,14493638131
"May 15, 2025, 11:47:09 PM",Kudos,Activity,14493669977
"May 16, 2025, 10:33:26 AM",Kudos,Activity,14494175660
"May 16, 2025, 10:33:36 AM",Kudos,Activity,14494170721
"May 16, 2025, 10:33:36 AM",Kudos,Activity,14494119090
"May 16, 2025, 10:33:46 AM",Kudos,Activity,14494207361
"May 16, 2025, 10:33:48 AM",Kudos,Activity,14494068137
"May 16, 2025, 10:33:51 AM",Kudos,Activity,14494057613
"May 16, 2025, 10:33:58 AM",Kudos,Activity,14494017398
"May 16, 2025, 10:34:06 AM",Kudos,Activity,14494198357
"May 16, 2025, 10:34:21 AM",Kudos,Activity,14493968969
"May 16, 2025, 10:34:27 AM",Kudos,Activity,14493757787
"May 16, 2025, 10:34:46 AM",Kudos,Activity,14494159256
"May 16, 2025, 10:34:49 AM",Kudos,Activity,14494204785
"May 16, 2025, 12:01:24 PM",Kudos,Activity,14497593317
"May 16, 2025, 12:01:34 PM",Kudos,Activity,14497400355
"May 16, 2025, 12:23:05 PM",Kudos,Activity,14497744990
"May 16, 2025, 12:31:47 PM",Kudos,Activity,14497824162
"May 16, 2025, 12:31:58 PM",Kudos,Activity,14497829673
"May 16, 2025, 1:57:20 PM",Kudos,Activity,14498198296
"May 16, 2025, 1:57:26 PM",Kudos,Activity,14498331655
"May 16, 2025, 11:42:47 PM",Kudos,Activity,14501465842
"May 16, 2025, 11:42:49 PM",Kudos,Activity,14501640571
"May 16, 2025, 11:42:55 PM",Kudos,Activity,14500839507
"May 16, 2025, 11:42:56 PM",Kudos,Activity,14500756121
"May 16, 2025, 11:43:09 PM",Kudos,Activity,14500606081
"May 16, 2025, 11:43:18 PM",Kudos,Activity,14501381347
"May 16, 2025, 11:43:19 PM",Kudos,Activity,14499554390
"May 16, 2025, 11:43:23 PM",Kudos,Activity,14498975535
"May 16, 2025, 11:43:39 PM",Kudos,Activity,14498881484
"May 16, 2025, 11:43:45 PM",Kudos,Activity,14498686376
"May 16, 2025, 11:43:47 PM",Kudos,Activity,14498691024
"May 17, 2025, 11:02:52 AM",Kudos,Activity,14504393367
"May 17, 2025, 11:02:58 AM",Kudos,Activity,14503753858
"May 17, 2025, 3:54:37 PM",Kudos,Activity,14509744316
"May 17, 2025, 3:54:37 PM",Kudos,Activity,14509746355
"May 18, 2025, 12:37:55 PM",Kudos,Activity,14518389992
"May 18, 2025, 12:37:59 PM",Kudos,Activity,14514175363
"May 18, 2025, 12:38:02 PM",Kudos,Activity,14514148154
"May 18, 2025, 12:38:17 PM",Kudos,Activity,14508128663
"May 18, 2025, 12:39:04 PM",Kudos,Activity,14514698970
"May 18, 2025, 12:39:06 PM",Kudos,Activity,14513991713
"May 18, 2025, 12:39:07 PM",Kudos,Activity,14513990984
"May 18, 2025, 12:39:19 PM",Kudos,Activity,14513854160
"May 18, 2025, 12:39:27 PM",Kudos,Activity,14513911542
"May 18, 2025, 12:39:31 PM",Kudos,Activity,14512407255
"May 18, 2025, 12:39:36 PM",Kudos,Activity,14512232758
"May 18, 2025, 12:39:49 PM",Kudos,Activity,14511947944
"May 18, 2025, 12:39:54 PM",Kudos,Activity,14511838306
"May 18, 2025, 12:40:07 PM",Kudos,Activity,14511473450
"May 18, 2025, 12:40:15 PM",Kudos,Activity,14510953430
"May 18, 2025, 12:40:19 PM",Kudos,Activity,14511343693
"May 18, 2025, 12:40:57 PM",Kudos,Activity,14509533453
"May 18, 2025, 12:41:00 PM",Kudos,Activity,14509421014
"May 18, 2025, 12:41:13 PM",Kudos,Activity,14509404966
"May 18, 2025, 12:41:22 PM",Kudos,Activity,14509435346
"May 18, 2025, 12:41:25 PM",Kudos,Activity,14509269502
"May 18, 2025, 12:41:35 PM",Kudos,Activity,14509088416
"May 18, 2025, 12:41:47 PM",Kudos,Activity,14508630273
"May 18, 2025, 12:41:58 PM",Kudos,Activity,14508594085
"May 18, 2025, 12:42:10 PM",Kudos,Activity,14509339675
"May 18, 2025, 12:42:35 PM",Kudos,Activity,14508346055
"May 18, 2025, 12:42:39 PM",Kudos,Activity,14508560044
"May 18, 2025, 12:42:43 PM",Kudos,Activity,14508592886
"May 18, 2025, 12:42:46 PM",Kudos,Activity,14509061531
"May 18, 2025, 5:43:53 PM",Kudos,Activity,14522053626
"May 18, 2025, 5:44:11 PM",Kudos,Activity,14521811990
"May 19, 2025, 10:47:18 AM",Kudos,Activity,14527297728
"May 19, 2025, 1:36:49 PM",Kudos,Activity,14528401007
"May 19, 2025, 1:36:52 PM",Kudos,Activity,14528123409
"May 19, 2025, 1:36:58 PM",Kudos,Activity,14528086467
"May 19, 2025, 1:37:19 PM",Kudos,Activity,14528255384
"May 19, 2025, 1:37:25 PM",Kudos,Activity,14528030658
"May 19, 2025, 4:15:05 PM",Kudos,Activity,14529582918
"May 19, 2025, 7:54:31 PM",Kudos,Activity,14532591056
"May 19, 2025, 10:52:58 PM",Kudos,Activity,14533449481
"May 19, 2025, 10:53:06 PM",Kudos,Activity,14522898069
"May 19, 2025, 10:53:08 PM",Kudos,Activity,14533465031
"May 20, 2025, 2:04:32 AM",Kudos,Activity,14534550810
"May 20, 2025, 2:04:42 AM",Kudos,Activity,14520098643
"May 20, 2025, 2:05:13 AM",Kudos,Activity,14534644908
"May 20, 2025, 2:05:52 AM",Kudos,Activity,14521984484
"May 20, 2025, 2:07:29 AM",Kudos,Post,37023277
"May 20, 2025, 2:10:21 AM",Kudos,Activity,14534675664
"May 20, 2025, 2:10:30 AM",Kudos,Activity,14534671026
"May 20, 2025, 2:10:33 AM",Kudos,Activity,14534638336
"May 20, 2025, 2:10:37 AM",Kudos,Activity,14534829316
"May 20, 2025, 2:10:44 AM",Kudos,Activity,14534614691
"May 20, 2025, 2:10:46 AM",Kudos,Activity,14534631408
"May 20, 2025, 2:11:10 AM",Kudos,Activity,14534446923
"May 20, 2025, 2:11:28 AM",Kudos,Activity,14534704650
"May 20, 2025, 2:11:30 AM",Kudos,Activity,14534741637
"May 20, 2025, 2:11:54 AM",Kudos,Activity,14534586153
"May 20, 2025, 2:12:06 AM",Kudos,Activity,14534574910
"May 20, 2025, 2:12:57 AM",Kudos,Activity,14534340335
"May 20, 2025, 2:54:47 AM",Kudos,Activity,14535189270
"May 20, 2025, 2:55:26 AM",Kudos,Post,37045308
"May 20, 2025, 11:37:28 AM",Kudos,Activity,14538182938
"May 20, 2025, 11:37:32 AM",Kudos,Activity,14535336742
"May 20, 2025, 11:37:39 AM",Kudos,Activity,14535429626
"May 20, 2025, 11:54:50 AM",Kudos,Activity,14538573589
"May 20, 2025, 11:55:01 AM",Kudos,Activity,14538475869
"May 20, 2025, 12:13:53 PM",Kudos,Activity,14538764172
"May 20, 2025, 12:13:58 PM",Kudos,Activity,14538751456
"May 20, 2025, 12:14:09 PM",Kudos,Activity,14538751326
"May 20, 2025, 12:39:24 PM",Kudos,Activity,14538894894
"May 20, 2025, 12:40:07 PM",Kudos,Activity,14538897897
"May 20, 2025, 3:50:36 PM",Kudos,Activity,14539677578
"May 20, 2025, 5:17:24 PM",Kudos,Activity,14541181806
"May 20, 2025, 8:18:21 PM",Kudos,Post,37055745
"May 20, 2025, 9:53:52 PM",Kudos,Activity,14544438969
"May 20, 2025, 9:53:55 PM",Kudos,Activity,14544371512
"May 20, 2025, 9:53:59 PM",Kudos,Activity,14544437951
"May 20, 2025, 9:54:15 PM",Kudos,Activity,14544247361
"May 20, 2025, 9:54:28 PM",Kudos,Activity,14543148374
"May 20, 2025, 9:54:32 PM",Kudos,Activity,14542953071
"May 21, 2025, 12:11:53 AM",Kudos,Activity,14545362980
"May 21, 2025, 12:12:08 AM",Kudos,Activity,14545135044
"May 21, 2025, 12:12:10 AM",Kudos,Activity,14544881327
"May 21, 2025, 2:30:44 AM",Kudos,Activity,14546299619
"May 21, 2025, 2:30:48 AM",Kudos,Activity,14546296783
"May 21, 2025, 10:04:51 AM",Kudos,Activity,14546296717
"May 21, 2025, 12:38:41 PM",Kudos,Activity,14549998140
"May 21, 2025, 12:38:46 PM",Kudos,Activity,14549917985
"May 21, 2025, 12:38:52 PM",Kudos,Activity,14549870648
"May 21, 2025, 12:38:54 PM",Kudos,Activity,14549709646
"May 21, 2025, 12:38:57 PM",Kudos,Activity,14549604553
"May 21, 2025, 12:39:02 PM",Kudos,Activity,14549423741
"May 21, 2025, 12:39:08 PM",Kudos,Activity,14548962358
"May 21, 2025, 12:39:10 PM",Kudos,Activity,14545090765
"May 21, 2025, 1:02:47 PM",Kudos,Activity,14550175871
"May 21, 2025, 2:06:40 PM",Kudos,Activity,14550655895
"May 21, 2025, 2:13:21 PM",Kudos,Activity,14550789419
"May 21, 2025, 3:15:39 PM",Kudos,Activity,14551007263
"May 21, 2025, 8:41:31 PM",Kudos,Post,37078901
"May 22, 2025, 12:08:54 PM",Kudos,Activity,14559264907
"May 22, 2025, 12:08:59 PM",Kudos,Activity,14556703687
"May 22, 2025, 12:09:13 PM",Kudos,Activity,14556524867
"May 22, 2025, 12:09:16 PM",Kudos,Activity,14556406327
"May 22, 2025, 12:09:20 PM",Kudos,Activity,14556382772
"May 22, 2025, 12:09:27 PM",Kudos,Activity,14556248694
"May 22, 2025, 12:09:32 PM",Kudos,Activity,14556180271
"May 22, 2025, 12:09:39 PM",Kudos,Activity,14556151103
"May 22, 2025, 12:09:42 PM",Kudos,Activity,14556225920
"May 22, 2025, 12:09:53 PM",Kudos,Activity,14556074517
"May 22, 2025, 12:09:59 PM",Kudos,Activity,14556213163
"May 22, 2025, 12:10:16 PM",Kudos,Activity,14555986096
"May 22, 2025, 12:10:24 PM",Kudos,Activity,14555893669
"May 22, 2025, 12:10:28 PM",Kudos,Activity,14556656742
"May 22, 2025, 12:10:30 PM",Kudos,Activity,14556440764
"May 22, 2025, 12:10:33 PM",Kudos,Activity,14555872391
"May 22, 2025, 12:10:37 PM",Kudos,Activity,14555813138
"May 22, 2025, 12:10:40 PM",Kudos,Activity,14555818227
"May 22, 2025, 12:10:52 PM",Kudos,Activity,14555573799
"May 22, 2025, 12:10:57 PM",Kudos,Activity,14555504128
"May 22, 2025, 12:11:05 PM",Kudos,Activity,14555622841
"May 22, 2025, 12:11:14 PM",Kudos,Activity,14555819675
"May 22, 2025, 12:11:16 PM",Kudos,Activity,14555209003
"May 22, 2025, 12:11:22 PM",Kudos,Activity,14555070127
"May 22, 2025, 12:11:26 PM",Kudos,Activity,14554907170
"May 22, 2025, 2:08:14 PM",Kudos,Activity,14560292940
"May 22, 2025, 2:08:47 PM",Kudos,Activity,14559838413
"May 22, 2025, 2:08:52 PM",Kudos,Activity,14559463524
"May 22, 2025, 2:49:13 PM",Kudos,Activity,14561038543
"May 22, 2025, 2:49:28 PM",Kudos,Activity,14561020647
"May 22, 2025, 2:49:32 PM",Kudos,Activity,14560866764
"May 22, 2025, 5:35:23 PM",Kudos,Post,37093436
"May 22, 2025, 5:35:26 PM",Kudos,Activity,14561499702
"May 22, 2025, 8:18:42 PM",Kudos,Activity,14563477077
"May 22, 2025, 10:48:47 PM",Kudos,Activity,14565082461
"May 22, 2025, 10:49:05 PM",Kudos,Activity,14564833658
"May 22, 2025, 10:49:11 PM",Kudos,Activity,14564590617
"May 23, 2025, 12:16:31 AM",Kudos,Post,37100333
"May 23, 2025, 12:29:32 AM",Kudos,Activity,14565778510
"May 23, 2025, 12:29:48 AM",Kudos,Activity,14565630854
"May 23, 2025, 12:29:59 AM",Kudos,Activity,14565549596
"May 23, 2025, 1:11:09 AM",Kudos,Activity,14565874904
"May 23, 2025, 1:11:26 AM",Kudos,Activity,14565817820
"May 23, 2025, 1:22:05 AM",Kudos,Activity,14566028568
"May 23, 2025, 1:22:08 AM",Kudos,Activity,14566061410
"May 23, 2025, 12:41:52 PM",Kudos,Activity,14569452654
"May 23, 2025, 12:42:04 PM",Kudos,Activity,14569319259
"May 23, 2025, 12:42:07 PM",Kudos,Activity,14569181733
"May 23, 2025, 12:42:20 PM",Kudos,Activity,14566636854
"May 23, 2025, 12:50:54 PM",Kudos,Activity,14569728776
"May 23, 2025, 12:50:57 PM",Kudos,Activity,14569738451
"May 23, 2025, 3:32:44 PM",Kudos,Activity,14571063605
"May 23, 2025, 3:32:46 PM",Kudos,Activity,14570343509
"May 23, 2025, 3:32:50 PM",Kudos,Activity,14570249161
"May 23, 2025, 3:32:52 PM",Kudos,Activity,14570078269
"May 23, 2025, 3:52:34 PM",Kudos,Activity,14571228981
"May 23, 2025, 5:38:26 PM",Kudos,Activity,14572004311
"May 23, 2025, 5:38:28 PM",Kudos,Activity,14571532168
"May 23, 2025, 5:38:31 PM",Kudos,Activity,14571275437
"May 23, 2025, 6:41:18 PM",Kudos,Activity,14572631872
"May 23, 2025, 6:41:21 PM",Kudos,Activity,14572372249
"May 23, 2025, 9:18:13 PM",Kudos,Activity,14573326084
"May 23, 2025, 10:50:38 PM",Kudos,Activity,14574159880
"May 23, 2025, 10:50:42 PM",Kudos,Activity,14574075739
"May 23, 2025, 10:50:44 PM",Kudos,Activity,14573878817
"May 23, 2025, 10:50:45 PM",Kudos,Activity,14573684034
"May 23, 2025, 11:51:01 PM",Kudos,Activity,14574432412
"May 24, 2025, 4:12:53 PM",Kudos,Activity,14581267173
"May 24, 2025, 4:12:55 PM",Kudos,Activity,14581086479
"May 24, 2025, 4:12:59 PM",Kudos,Activity,14580912353
"May 24, 2025, 4:13:12 PM",Kudos,Activity,14581014783
"May 24, 2025, 4:13:17 PM",Kudos,Activity,14580646044
"May 24, 2025, 4:13:37 PM",Kudos,Activity,14580593108
"May 24, 2025, 4:13:44 PM",Kudos,Activity,14580517354
"May 24, 2025, 4:13:46 PM",Kudos,Activity,14580367832
"May 24, 2025, 4:14:35 PM",Kudos,Activity,14580226550
"May 24, 2025, 4:14:41 PM",Kudos,Activity,14580170335
"May 24, 2025, 4:15:04 PM",Kudos,Activity,14580120047
"May 24, 2025, 4:15:07 PM",Kudos,Activity,14579384568
"May 24, 2025, 4:15:17 PM",Kudos,Activity,14575086347
"May 24, 2025, 4:15:22 PM",Kudos,Activity,14574869796
"May 24, 2025, 4:15:24 PM",Kudos,Activity,14574769639
"May 24, 2025, 4:23:28 PM",Kudos,Activity,14581396224
"May 24, 2025, 4:33:32 PM",Kudos,Activity,14581667207
"May 24, 2025, 4:33:36 PM",Kudos,Activity,14581583899
"May 24, 2025, 4:41:08 PM",Kudos,Activity,14581970448
"May 24, 2025, 4:41:15 PM",Kudos,Activity,14581970342
"May 24, 2025, 4:41:17 PM",Kudos,Activity,14581854753
"May 24, 2025, 5:16:08 PM",Kudos,Activity,14582392534
"May 24, 2025, 5:16:12 PM",Kudos,Activity,14582227322
"May 24, 2025, 6:33:13 PM",Kudos,Activity,14582601774
"May 24, 2025, 6:33:30 PM",Kudos,Activity,14582590449
"May 24, 2025, 7:14:08 PM",Kudos,Activity,14583204881
"May 24, 2025, 8:43:38 PM",Kudos,Activity,14583467591
"May 24, 2025, 8:43:43 PM",Kudos,Activity,14583471983
"May 24, 2025, 11:02:46 PM",Kudos,Activity,14584268044
"May 24, 2025, 11:02:53 PM",Kudos,Activity,14583704113
"May 25, 2025, 12:38:30 AM",Kudos,Activity,14585102093
"May 25, 2025, 12:42:56 PM",Kudos,Activity,14586759688
"May 25, 2025, 12:43:06 PM",Kudos,Activity,14585780951
"May 25, 2025, 12:43:09 PM",Kudos,Activity,14585535957
"May 25, 2025, 3:35:15 PM",Kudos,Activity,14591568058
"May 25, 2025, 3:35:30 PM",Kudos,Activity,14591936701
"May 25, 2025, 3:35:36 PM",Kudos,Activity,14591741464
"May 25, 2025, 3:35:50 PM",Kudos,Activity,14591333731
"May 25, 2025, 3:35:53 PM",Kudos,Activity,14590860027
"May 25, 2025, 3:36:04 PM",Kudos,Post,37149577
"May 25, 2025, 3:36:06 PM",Kudos,Activity,14590643006
"May 25, 2025, 3:36:21 PM",Kudos,Activity,14590432781
"May 25, 2025, 3:36:34 PM",Kudos,Activity,14590369071
"May 25, 2025, 3:36:41 PM",Kudos,Activity,14590477464
"May 25, 2025, 3:36:44 PM",Kudos,Activity,14590273570
"May 25, 2025, 5:37:42 PM",Kudos,Activity,14592386721
"May 25, 2025, 5:38:04 PM",Kudos,Activity,14592194090
"May 25, 2025, 5:58:43 PM",Kudos,Activity,14593411248
"May 25, 2025, 6:11:20 PM",Kudos,Activity,14593597262
"May 25, 2025, 9:00:50 PM",Kudos,Activity,14594367886
"May 25, 2025, 9:01:03 PM",Kudos,Activity,14593906187
"May 25, 2025, 9:01:16 PM",Kudos,Activity,14593700046
"May 25, 2025, 9:02:04 PM",Kudos,Activity,14593686122
"May 26, 2025, 12:39:21 PM",Kudos,Activity,14596819009
"May 26, 2025, 12:39:25 PM",Kudos,Activity,14595712678
"May 26, 2025, 12:39:27 PM",Kudos,Activity,14595763342
"May 26, 2025, 12:39:30 PM",Kudos,Activity,14595628390
"May 26, 2025, 12:39:36 PM",Kudos,Activity,14595281792
"May 26, 2025, 12:39:42 PM",Kudos,Activity,14594978454
"May 26, 2025, 12:39:55 PM",Kudos,Activity,14595796744
"May 26, 2025, 4:37:13 PM",Kudos,Activity,14601012674
"May 26, 2025, 4:37:18 PM",Kudos,Activity,14601012546
"May 26, 2025, 4:37:22 PM",Kudos,Activity,14600317782
"May 26, 2025, 4:37:43 PM",Kudos,Activity,14599884806
"May 26, 2025, 4:37:47 PM",Kudos,Activity,14599836649
"May 26, 2025, 4:37:51 PM",Kudos,Activity,14599705253
"May 26, 2025, 4:37:54 PM",Kudos,Activity,14599629659
"May 26, 2025, 4:37:57 PM",Kudos,Activity,14599604569
"May 26, 2025, 4:37:59 PM",Kudos,Activity,14599725385
"May 26, 2025, 4:38:04 PM",Kudos,Activity,14599586774
"May 26, 2025, 5:57:09 PM",Kudos,Activity,14601196494
"May 26, 2025, 5:57:18 PM",Kudos,Activity,14601264371
"May 26, 2025, 5:57:25 PM",Kudos,Activity,14601257879
"May 26, 2025, 6:12:12 PM",Kudos,Activity,14601337549
"May 26, 2025, 7:26:54 PM",Kudos,Activity,14602037122
"May 26, 2025, 7:26:59 PM",Kudos,Activity,14602081579
"May 26, 2025, 7:27:06 PM",Kudos,Activity,14601505656
"May 26, 2025, 7:37:26 PM",Kudos,Activity,14603017795
"May 26, 2025, 7:37:30 PM",Kudos,Activity,14602833396
"May 26, 2025, 7:37:40 PM",Kudos,Activity,14603000013
"May 26, 2025, 8:00:32 PM",Kudos,Activity,14603527918
"May 26, 2025, 8:00:44 PM",Kudos,Activity,14603163657
"May 26, 2025, 8:01:42 PM",Kudos,Activity,14603614878
"May 26, 2025, 8:10:41 PM",Kudos,Activity,14604031554
"May 26, 2025, 9:30:18 PM",Kudos,Activity,14604523793
"May 26, 2025, 9:30:25 PM",Kudos,Activity,14604408392
"May 26, 2025, 9:30:27 PM",Kudos,Activity,14604470566
"May 26, 2025, 9:52:55 PM",Kudos,Activity,14604650234
"May 26, 2025, 9:53:03 PM",Kudos,Activity,14604669231
"May 26, 2025, 10:00:32 PM",Kudos,Activity,14604677514
"May 26, 2025, 10:37:43 PM",Kudos,Activity,14604974198
"May 26, 2025, 10:37:56 PM",Kudos,Activity,14604887053
"May 26, 2025, 10:37:59 PM",Kudos,Activity,14604781982
"May 26, 2025, 11:55:39 PM",Kudos,Activity,14605178630
"May 27, 2025, 12:15:35 AM",Kudos,Activity,14605625530
"May 27, 2025, 12:15:41 AM",Kudos,Activity,14605613738
"May 27, 2025, 12:16:01 AM",Kudos,Activity,14605612084
"May 27, 2025, 12:16:03 AM",Kudos,Activity,14605592370
"May 27, 2025, 12:20:27 AM",Kudos,Activity,14605646291
"May 27, 2025, 12:22:53 AM",Kudos,Activity,14605678935
"May 27, 2025, 12:40:29 AM",Kudos,Activity,14605690753
"May 27, 2025, 12:40:35 AM",Kudos,Activity,14605704229
"May 27, 2025, 12:40:48 AM",Kudos,Activity,14605706460
"May 27, 2025, 12:45:30 AM",Kudos,Activity,14605795984
"May 27, 2025, 1:08:33 AM",Kudos,Activity,14605899914
"May 27, 2025, 1:14:55 AM",Kudos,Activity,14605920319
"May 27, 2025, 1:15:00 AM",Kudos,Post,37181816
"May 27, 2025, 9:42:39 AM",Kudos,Activity,14606238355
"May 27, 2025, 11:18:23 AM",Kudos,Activity,14608794496
"May 27, 2025, 11:18:34 AM",Kudos,Activity,14608486007
"May 27, 2025, 11:18:36 AM",Kudos,Activity,14607651626
"May 27, 2025, 12:25:33 PM",Kudos,Activity,14609647664
"May 27, 2025, 1:04:39 PM",Kudos,Activity,14609939332
"May 27, 2025, 1:04:42 PM",Kudos,Activity,14609924792
"May 27, 2025, 1:48:46 PM",Kudos,Activity,14610386480
"May 27, 2025, 4:04:23 PM",Kudos,Activity,14611441582
"May 27, 2025, 5:13:02 PM",Kudos,Activity,14612160191
"May 27, 2025, 5:13:05 PM",Kudos,Activity,14612084094
"May 27, 2025, 6:57:52 PM",Kudos,Activity,14613519587
"May 27, 2025, 7:10:05 PM",Kudos,Activity,14612605681
"May 27, 2025, 7:10:07 PM",Kudos,Activity,14612763375
"May 27, 2025, 9:46:25 PM",Kudos,Activity,14614768802
"May 27, 2025, 11:21:51 PM",Kudos,Activity,14615463015
"May 28, 2025, 9:35:09 AM",Kudos,Activity,14616540019
"May 28, 2025, 9:35:11 AM",Kudos,Activity,14616797991
"May 28, 2025, 9:35:20 AM",Kudos,Activity,14616116231
"May 28, 2025, 9:35:25 AM",Kudos,Activity,14616009391
"May 28, 2025, 9:38:46 AM",Kudos,Activity,14615915818
"May 28, 2025, 11:29:01 AM",Kudos,Activity,14619550394
"May 28, 2025, 11:48:11 AM",Kudos,Activity,14619739434
"May 28, 2025, 11:48:12 AM",Kudos,Activity,14619642603
"May 28, 2025, 12:29:00 PM",Kudos,Activity,14620028293
"May 28, 2025, 12:29:03 PM",Kudos,Activity,14620035573
"May 28, 2025, 1:57:22 PM",Kudos,Activity,14620574666
"May 28, 2025, 1:57:31 PM",Kudos,Activity,14620595353
"May 28, 2025, 1:57:35 PM",Kudos,Activity,14620595336
"May 28, 2025, 2:22:17 PM",Kudos,Activity,14621004309
"May 28, 2025, 2:22:19 PM",Kudos,Activity,14620993402
"May 28, 2025, 5:16:14 PM",Kudos,Activity,14621569259
"May 28, 2025, 5:16:21 PM",Kudos,Activity,14621153951
"May 28, 2025, 8:46:54 PM",Kudos,Activity,14624575957
"May 28, 2025, 8:47:03 PM",Kudos,Post,37215599
"May 28, 2025, 8:47:06 PM",Kudos,Post,37215372
"May 28, 2025, 10:23:30 PM",Kudos,Activity,14625084851
"May 28, 2025, 10:23:38 PM",Kudos,Activity,14624965389
"May 28, 2025, 10:23:41 PM",Kudos,Activity,14625078408
"May 28, 2025, 10:23:44 PM",Kudos,Activity,14625078432
"May 28, 2025, 10:23:45 PM",Kudos,Activity,14625078395
"May 28, 2025, 10:23:48 PM",Kudos,Activity,14624756917
"May 29, 2025, 1:15:38 AM",Kudos,Activity,14626150006
"May 29, 2025, 1:15:41 AM",Kudos,Activity,14626367144
"May 29, 2025, 1:15:43 AM",Kudos,Activity,14626179308
"May 29, 2025, 1:15:44 AM",Kudos,Activity,14626173387
"May 29, 2025, 1:15:50 AM",Kudos,Activity,14626390636
"May 29, 2025, 1:17:07 AM",Kudos,Activity,14626180187
"May 29, 2025, 1:17:14 AM",Kudos,Activity,14626235988
"May 29, 2025, 1:18:37 AM",Kudos,Activity,14626277132
"May 29, 2025, 1:18:39 AM",Kudos,Activity,14626098399
"May 29, 2025, 1:18:44 AM",Kudos,Activity,14626051612
"May 29, 2025, 1:18:46 AM",Kudos,Activity,14626053929
"May 29, 2025, 1:18:58 AM",Kudos,Activity,14626020132
"May 29, 2025, 1:18:59 AM",Kudos,Activity,14626033874
"May 29, 2025, 1:19:08 AM",Kudos,Activity,14625957358
"May 29, 2025, 1:19:12 AM",Kudos,Activity,14625943930
"May 29, 2025, 1:19:14 AM",Kudos,Activity,14625756575
"May 29, 2025, 1:19:19 AM",Kudos,Activity,14625806916
"May 29, 2025, 1:19:32 AM",Kudos,Activity,14625714756
"May 29, 2025, 1:19:34 AM",Kudos,Activity,14625671659
"May 29, 2025, 1:19:39 AM",Kudos,Activity,14625625279
"May 29, 2025, 1:19:50 AM",Kudos,Activity,14625557638
"May 29, 2025, 1:19:54 AM",Kudos,Activity,14625323867
"May 29, 2025, 1:40:36 AM",Kudos,Activity,14626531396
"May 29, 2025, 2:12:48 AM",Kudos,Activity,14626678883
"May 29, 2025, 9:35:53 AM",Kudos,Activity,14628359019
"May 29, 2025, 11:17:02 AM",Kudos,Activity,14629703081
"May 29, 2025, 12:10:40 PM",Kudos,Activity,14630355086
"May 29, 2025, 1:22:06 PM",Kudos,Activity,14631005016
"May 29, 2025, 4:23:31 PM",Kudos,Post,37231616
"May 29, 2025, 8:55:44 PM",Kudos,Activity,14635099715
"May 29, 2025, 8:55:51 PM",Kudos,Activity,14634716052
"May 29, 2025, 8:55:55 PM",Kudos,Activity,14634642170
"May 29, 2025, 9:43:43 PM",Kudos,Activity,14635533395
"May 29, 2025, 11:03:00 PM",Kudos,Activity,14635885751
"May 29, 2025, 11:03:10 PM",Kudos,Activity,14635815886
"May 29, 2025, 11:03:13 PM",Kudos,Activity,14635543558
"May 30, 2025, 1:36:23 AM",Kudos,Activity,14636963202
"May 30, 2025, 1:36:40 AM",Kudos,Activity,14636743165
"May 30, 2025, 1:36:52 AM",Kudos,Activity,14636918312
"May 30, 2025, 1:36:57 AM",Kudos,Activity,14636653741
"May 30, 2025, 1:37:05 AM",Kudos,Activity,14636779103
"May 30, 2025, 1:37:26 AM",Kudos,Activity,14636573597
"May 30, 2025, 1:37:30 AM",Kudos,Activity,14636564600
"May 30, 2025, 1:37:34 AM",Kudos,Activity,14636409599
"May 30, 2025, 1:37:42 AM",Kudos,Activity,14636316268
"May 30, 2025, 1:37:45 AM",Kudos,Activity,14636356382
"May 30, 2025, 1:37:49 AM",Kudos,Activity,14636362257
"May 30, 2025, 11:58:59 AM",Kudos,Activity,14640446611
"May 30, 2025, 12:37:35 PM",Kudos,Activity,14640754814
"May 30, 2025, 12:37:44 PM",Kudos,Activity,14640746804
"May 30, 2025, 1:15:56 PM",Kudos,Activity,14641055945
"May 30, 2025, 2:10:19 PM",Kudos,Activity,14641602177
"May 30, 2025, 3:16:01 PM",Kudos,Activity,14642090196
"May 30, 2025, 3:16:03 PM",Kudos,Activity,14642091714
"May 30, 2025, 3:16:22 PM",Kudos,Activity,14641734371
"May 30, 2025, 6:03:24 PM",Kudos,Activity,14643757666
"May 30, 2025, 6:03:27 PM",Kudos,Activity,14643653654
"May 30, 2025, 6:03:39 PM",Kudos,Activity,14643104328
"May 30, 2025, 8:45:56 PM",Kudos,Activity,14645001759
"May 30, 2025, 9:41:44 PM",Kudos,Activity,14645083739
"May 31, 2025, 1:09:31 AM",Kudos,Activity,14646453633
"May 31, 2025, 2:45:30 AM",Kudos,Activity,14646695673
"May 31, 2025, 2:45:39 AM",Kudos,Activity,14646735554
"May 31, 2025, 3:26:04 AM",Kudos,Activity,14647078710
"May 31, 2025, 4:22:18 PM",Kudos,Activity,14653212407
"May 31, 2025, 4:22:42 PM",Kudos,Activity,14653358309
"May 31, 2025, 4:22:49 PM",Kudos,Activity,14652007054
"May 31, 2025, 4:22:55 PM",Kudos,Activity,14652339072
"May 31, 2025, 4:23:33 PM",Kudos,Activity,14652529859
"May 31, 2025, 4:23:36 PM",Kudos,Activity,14653240350
"May 31, 2025, 4:23:43 PM",Kudos,Activity,14651794190
"May 31, 2025, 4:23:45 PM",Kudos,Activity,14652331045
"May 31, 2025, 4:23:51 PM",Kudos,Activity,14652287432
"May 31, 2025, 4:24:00 PM",Kudos,Activity,14652157247
"May 31, 2025, 4:24:07 PM",Kudos,Activity,14652010273
"May 31, 2025, 4:24:09 PM",Kudos,Activity,14652032467
"May 31, 2025, 4:24:11 PM",Kudos,Activity,14652304175
"May 31, 2025, 4:24:18 PM",Kudos,Activity,14652173094
"May 31, 2025, 4:24:40 PM",Kudos,Activity,14651973399
"May 31, 2025, 4:24:44 PM",Kudos,Activity,14652163491
"May 31, 2025, 4:24:48 PM",Kudos,Activity,14651806387
"May 31, 2025, 4:25:02 PM",Kudos,Activity,14651613275
"May 31, 2025, 4:25:05 PM",Kudos,Activity,14651443568
"May 31, 2025, 4:25:07 PM",Kudos,Activity,14651254841
"May 31, 2025, 4:25:21 PM",Kudos,Activity,14650676740
"May 31, 2025, 9:55:21 PM",Kudos,Activity,14655201704
"May 31, 2025, 9:55:26 PM",Kudos,Activity,14655013939
"May 31, 2025, 9:55:30 PM",Kudos,Activity,14654974972
"May 31, 2025, 9:55:53 PM",Kudos,Post,37272544
"May 31, 2025, 9:56:03 PM",Kudos,Activity,14654355077
"May 31, 2025, 9:56:09 PM",Kudos,Activity,14654346253
"May 31, 2025, 9:56:13 PM",Kudos,Post,37272335
"May 31, 2025, 9:56:35 PM",Kudos,Activity,14654328345
"May 31, 2025, 9:56:53 PM",Kudos,Activity,14652742876
"May 31, 2025, 9:58:26 PM",Kudos,Activity,14653896170
"May 31, 2025, 9:58:28 PM",Kudos,Activity,14653469664
"Jun 1, 2025, 12:02:21 AM",Kudos,Activity,14656808255
"Jun 1, 2025, 1:42:08 AM",Kudos,Activity,14656876971
"Jun 1, 2025, 1:42:17 AM",Kudos,Activity,14657060998
"Jun 1, 2025, 11:25:30 AM",Kudos,Activity,14657793784
"Jun 1, 2025, 11:25:33 AM",Kudos,Activity,14657694116
"Jun 1, 2025, 2:24:27 PM",Kudos,Activity,14662562917
"Jun 1, 2025, 2:24:31 PM",Kudos,Activity,14662505668
"Jun 1, 2025, 2:24:39 PM",Kudos,Activity,14662476421
"Jun 1, 2025, 2:24:43 PM",Kudos,Activity,14662277043
"Jun 1, 2025, 2:24:47 PM",Kudos,Activity,14662416342
"Jun 1, 2025, 2:33:27 PM",Kudos,Activity,14663167069
"Jun 1, 2025, 3:38:50 PM",Kudos,Activity,14664108352
"Jun 1, 2025, 3:39:13 PM",Kudos,Activity,14663389106
"Jun 1, 2025, 3:39:23 PM",Kudos,Activity,14663395238
"Jun 1, 2025, 4:33:05 PM",Kudos,Activity,14664420535
"Jun 1, 2025, 4:33:19 PM",Kudos,Activity,14664371195
"Jun 1, 2025, 4:33:24 PM",Kudos,Activity,14664396069
"Jun 1, 2025, 4:33:39 PM",Kudos,Activity,14664396047
"Jun 1, 2025, 4:33:56 PM",Kudos,Activity,14664396102
"Jun 1, 2025, 5:39:18 PM",Kudos,Activity,14665091603
"Jun 1, 2025, 5:39:22 PM",Kudos,Activity,14665085328
"Jun 1, 2025, 6:11:35 PM",Kudos,Activity,14665715328
"Jun 1, 2025, 6:14:48 PM",Kudos,Activity,14665568907
"Jun 1, 2025, 7:55:10 PM",Kudos,Activity,14665890189
"Jun 1, 2025, 7:55:13 PM",Kudos,Activity,14665890240
"Jun 1, 2025, 7:55:16 PM",Kudos,Activity,14665890158
"Jun 1, 2025, 7:55:33 PM",Kudos,Activity,14666100477
"Jun 1, 2025, 9:49:21 PM",Kudos,Activity,14667196032
"Jun 1, 2025, 9:49:54 PM",Kudos,Activity,14667081645
"Jun 1, 2025, 9:50:14 PM",Kudos,Activity,14666751388
"Jun 1, 2025, 9:51:28 PM",Kudos,Post,37298336
"Jun 1, 2025, 11:22:50 PM",Kudos,Activity,14667495370
"Jun 1, 2025, 11:22:52 PM",Kudos,Activity,14667346952
"Jun 1, 2025, 11:23:03 PM",Kudos,Activity,14667691660
"Jun 2, 2025, 12:35:49 AM",Kudos,Activity,14667979039
"Jun 2, 2025, 12:35:53 AM",Kudos,Activity,14667859623
"Jun 2, 2025, 12:07:32 PM",Kudos,Activity,14671616025
"Jun 2, 2025, 12:07:34 PM",Kudos,Activity,14671562388
"Jun 2, 2025, 12:07:37 PM",Kudos,Activity,14668269217
"Jun 2, 2025, 12:07:45 PM",Kudos,Activity,14667015512
"Jun 2, 2025, 12:07:47 PM",Kudos,Activity,14668477656
"Jun 2, 2025, 1:23:51 PM",Kudos,Activity,14671806872
"Jun 2, 2025, 1:23:54 PM",Kudos,Activity,14671750828
"Jun 2, 2025, 1:23:58 PM",Kudos,Activity,14671819052
"Jun 2, 2025, 4:50:37 PM",Kudos,Activity,14672435493
"Jun 2, 2025, 7:47:09 PM",Kudos,Activity,14675406495
"Jun 2, 2025, 7:47:14 PM",Kudos,Activity,14675238913
"Jun 2, 2025, 9:57:28 PM",Kudos,Activity,14676716339
"Jun 2, 2025, 9:57:31 PM",Kudos,Activity,14676576293
"Jun 3, 2025, 12:45:44 AM",Kudos,Activity,14678062145
"Jun 3, 2025, 12:45:46 AM",Kudos,Activity,14678087371
"Jun 3, 2025, 12:45:52 AM",Kudos,Activity,14678008257
"Jun 3, 2025, 12:45:55 AM",Kudos,Activity,14678001965
"Jun 3, 2025, 12:45:57 AM",Kudos,Activity,14677970744
"Jun 3, 2025, 12:46:01 AM",Kudos,Activity,14677878452
"Jun 3, 2025, 12:46:03 AM",Kudos,Activity,14677883692
"Jun 3, 2025, 12:46:20 AM",Kudos,Activity,14677865248
"Jun 3, 2025, 12:46:23 AM",Kudos,Activity,14677851395
"Jun 3, 2025, 12:46:27 AM",Kudos,Activity,14677966658
"Jun 3, 2025, 12:46:34 AM",Kudos,Activity,14678030773
"Jun 3, 2025, 12:46:36 AM",Kudos,Activity,14677926027
"Jun 3, 2025, 12:46:56 AM",Kudos,Activity,14677891446
"Jun 3, 2025, 12:47:02 AM",Kudos,Activity,14677903289
"Jun 3, 2025, 12:47:22 AM",Kudos,Activity,14677486937
"Jun 3, 2025, 12:47:27 AM",Kudos,Activity,14677401187
"Jun 3, 2025, 12:47:33 AM",Kudos,Activity,14677353831
"Jun 3, 2025, 12:56:51 AM",Kudos,Activity,14678152804
"Jun 3, 2025, 12:57:34 AM",Kudos,Activity,14678153154
"Jun 3, 2025, 12:57:38 AM",Kudos,Activity,14678113138
"Jun 3, 2025, 1:16:03 AM",Kudos,Activity,14678208158
"Jun 3, 2025, 1:35:33 AM",Kudos,Activity,14678403692
"Jun 3, 2025, 1:46:20 AM",Kudos,Activity,14678452887
"Jun 3, 2025, 1:46:23 AM",Kudos,Activity,14678445500
"Jun 3, 2025, 2:13:50 AM",Kudos,Activity,14678136420
"Jun 3, 2025, 9:56:34 AM",Kudos,Post,37326567
"Jun 3, 2025, 10:27:23 AM",Kudos,Activity,14678773440
"Jun 3, 2025, 11:02:47 AM",Kudos,Activity,14681354094
"Jun 3, 2025, 11:02:55 AM",Kudos,Activity,14681471918
"Jun 3, 2025, 12:08:01 PM",Kudos,Activity,14682102367
"Jun 3, 2025, 12:39:13 PM",Kudos,Activity,14682280231
"Jun 3, 2025, 12:39:20 PM",Kudos,Activity,14682297973
"Jun 3, 2025, 1:47:57 PM",Kudos,Activity,14682865616
"Jun 3, 2025, 1:48:15 PM",Kudos,Activity,14682714131
"Jun 3, 2025, 1:48:20 PM",Kudos,Activity,14682806094
"Jun 3, 2025, 2:07:58 PM",Kudos,Activity,14683183205
"Jun 3, 2025, 2:08:05 PM",Kudos,Activity,14683165808
"Jun 3, 2025, 5:18:13 PM",Kudos,Post,37338057
"Jun 3, 2025, 7:56:01 PM",Kudos,Activity,14686077727
"Jun 3, 2025, 11:07:53 PM",Kudos,Activity,14688247739
"Jun 4, 2025, 12:04:30 AM",Kudos,Activity,14688895341
"Jun 4, 2025, 12:04:51 AM",Kudos,Activity,14688506031
"Jun 4, 2025, 12:43:30 AM",Kudos,Activity,14689106401
"Jun 4, 2025, 12:44:14 AM",Kudos,Activity,14688974751
"Jun 4, 2025, 12:44:20 AM",Kudos,Activity,14689014722
"Jun 4, 2025, 12:44:22 AM",Kudos,Activity,14689047708
"Jun 4, 2025, 12:44:30 AM",Kudos,Activity,14688937784
"Jun 4, 2025, 12:44:40 AM",Kudos,Activity,14688850860
"Jun 4, 2025, 1:13:14 AM",Kudos,Activity,14689355714
"Jun 4, 2025, 1:13:26 AM",Kudos,Activity,14689317571
"Jun 4, 2025, 1:13:33 AM",Kudos,Activity,14689311459
"Jun 4, 2025, 1:41:50 AM",Kudos,Activity,14689426200
"Jun 4, 2025, 10:12:11 AM",Kudos,Activity,14689427676
"Jun 4, 2025, 10:12:12 AM",Kudos,Activity,14689714363
"Jun 4, 2025, 10:12:15 AM",Kudos,Activity,14689963550
"Jun 4, 2025, 10:12:18 AM",Kudos,Activity,14689965193
"Jun 4, 2025, 10:12:25 AM",Kudos,Activity,14690077304
"Jun 4, 2025, 11:55:34 AM",Kudos,Activity,14692937057
"Jun 4, 2025, 12:11:51 PM",Kudos,Activity,14693151561
"Jun 4, 2025, 12:23:17 PM",Kudos,Activity,14693291991
"Jun 4, 2025, 12:36:19 PM",Kudos,Activity,14693412312
"Jun 4, 2025, 12:50:47 PM",Kudos,Activity,14693440167
"Jun 4, 2025, 1:39:23 PM",Kudos,Activity,14693778983
"Jun 4, 2025, 1:39:34 PM",Kudos,Activity,14693756045
"Jun 4, 2025, 1:39:43 PM",Kudos,Activity,14693577555
"Jun 4, 2025, 1:39:45 PM",Kudos,Activity,14693750936
"Jun 4, 2025, 1:39:53 PM",Kudos,Activity,14693799455
"Jun 4, 2025, 4:22:32 PM",Kudos,Activity,14694749144
"Jun 4, 2025, 4:22:37 PM",Kudos,Activity,14694080612
"Jun 4, 2025, 5:15:23 PM",Kudos,Activity,14695502976
"Jun 4, 2025, 6:59:17 PM",Kudos,Activity,14697217228
"Jun 4, 2025, 6:59:19 PM",Kudos,Activity,14696954439
"Jun 4, 2025, 7:45:33 PM",Kudos,Post,37363127
"Jun 4, 2025, 7:45:52 PM",Kudos,Activity,14697627709
"Jun 4, 2025, 7:46:01 PM",Kudos,Activity,14697412326
"Jun 4, 2025, 9:51:47 PM",Kudos,Activity,14698663955
"Jun 4, 2025, 9:52:11 PM",Kudos,Activity,14698397512
"Jun 4, 2025, 9:52:17 PM",Kudos,Post,37363927
"Jun 4, 2025, 9:52:20 PM",Kudos,Activity,14698071051
"Jun 4, 2025, 9:52:32 PM",Kudos,Activity,14697953881
"Jun 4, 2025, 9:52:37 PM",Kudos,Post,37363230
"Jun 5, 2025, 1:01:49 AM",Kudos,Activity,14699856244
"Jun 5, 2025, 1:51:42 AM",Kudos,Activity,14700154754
"Jun 5, 2025, 1:52:22 AM",Kudos,Activity,14699773589
"Jun 5, 2025, 1:52:32 AM",Kudos,Activity,14700128017
"Jun 5, 2025, 1:52:42 AM",Kudos,Activity,14699734653
"Jun 5, 2025, 1:53:01 AM",Kudos,Activity,14699780064
"Jun 5, 2025, 1:53:17 AM",Kudos,Activity,14700190060
"Jun 5, 2025, 1:57:00 AM",Kudos,Activity,14700304493
"Jun 5, 2025, 1:57:04 AM",Kudos,Activity,14700306978
"Jun 5, 2025, 1:57:09 AM",Kudos,Activity,14700051804
"Jun 5, 2025, 1:57:15 AM",Kudos,Activity,14700255585
"Jun 5, 2025, 1:57:19 AM",Kudos,Activity,14699811152
"Jun 5, 2025, 1:57:22 AM",Kudos,Activity,14700045524
"Jun 5, 2025, 1:57:44 AM",Kudos,Activity,14699812123
"Jun 5, 2025, 1:59:23 AM",Kudos,Activity,14699845747
"Jun 5, 2025, 1:59:29 AM",Kudos,Activity,14700153892
"Jun 5, 2025, 1:59:31 AM",Kudos,Activity,14700281703
"Jun 5, 2025, 1:59:34 AM",Kudos,Activity,14700113750
"Jun 5, 2025, 1:59:36 AM",Kudos,Activity,14700092395
"Jun 5, 2025, 1:59:39 AM",Kudos,Activity,14699988681
"Jun 5, 2025, 1:59:42 AM",Kudos,Activity,14699784493
"Jun 5, 2025, 1:59:51 AM",Kudos,Activity,14699797949
"Jun 5, 2025, 1:59:56 AM",Kudos,Activity,14699688371
"Jun 5, 2025, 1:59:59 AM",Kudos,Activity,14699662834
"Jun 5, 2025, 2:00:02 AM",Kudos,Activity,14699655648
"Jun 5, 2025, 2:00:06 AM",Kudos,Activity,14699604520
"Jun 5, 2025, 2:00:10 AM",Kudos,Activity,14699565937
"Jun 5, 2025, 2:00:14 AM",Kudos,Activity,14699569067
"Jun 5, 2025, 2:00:15 AM",Kudos,Activity,14699518287
"Jun 5, 2025, 2:00:19 AM",Kudos,Activity,14699784704
"Jun 5, 2025, 2:00:22 AM",Kudos,Activity,14699347182
"Jun 5, 2025, 2:00:30 AM",Kudos,Activity,14699341246
"Jun 5, 2025, 2:00:33 AM",Kudos,Activity,14699316636
"Jun 5, 2025, 2:00:34 AM",Kudos,Activity,14699393443
"Jun 5, 2025, 2:00:41 AM",Kudos,Activity,14699137636
"Jun 5, 2025, 2:00:43 AM",Kudos,Activity,14699133717
"Jun 5, 2025, 2:19:02 AM",Kudos,Activity,14700412260
"Jun 5, 2025, 2:19:03 AM",Kudos,Activity,14700412265
"Jun 5, 2025, 11:24:49 AM",Kudos,Activity,14703062546
"Jun 5, 2025, 11:24:51 AM",Kudos,Activity,14703001782
"Jun 5, 2025, 11:24:56 AM",Kudos,Activity,14703132575
"Jun 5, 2025, 11:25:04 AM",Kudos,Activity,14702945033
"Jun 5, 2025, 11:53:11 AM",Kudos,Activity,14703533525
"Jun 5, 2025, 11:53:12 AM",Kudos,Activity,14703510914
"Jun 5, 2025, 12:00:10 PM",Kudos,Activity,14703132345
"Jun 5, 2025, 12:14:27 PM",Kudos,Activity,14703668897
"Jun 5, 2025, 12:39:51 PM",Kudos,Activity,14703916199
"Jun 5, 2025, 12:49:48 PM",Kudos,Activity,14704049821
"Jun 5, 2025, 12:49:52 PM",Kudos,Activity,14703928873
"Jun 5, 2025, 1:22:51 PM",Kudos,Activity,14704269461
"Jun 5, 2025, 1:22:56 PM",Kudos,Activity,14704177677
"Jun 5, 2025, 1:31:16 PM",Kudos,Activity,14704390432
"Jun 5, 2025, 1:32:05 PM",Kudos,Activity,14704414828
"Jun 5, 2025, 2:34:36 PM",Kudos,Activity,14704441459
"Jun 5, 2025, 6:59:43 PM",Kudos,Activity,14706656064
"Jun 5, 2025, 7:03:04 PM",Kudos,Activity,14706752904
"Jun 5, 2025, 7:03:55 PM",Kudos,Activity,14705146997
"Jun 5, 2025, 7:04:46 PM",Kudos,Activity,14705325319
"Jun 5, 2025, 7:06:01 PM",Kudos,Activity,14705573689
"Jun 5, 2025, 7:06:27 PM",Kudos,Activity,14705766563
"Jun 5, 2025, 7:06:31 PM",Kudos,Post,37378924
"Jun 5, 2025, 7:06:44 PM",Kudos,Activity,14706615052
"Jun 5, 2025, 7:06:59 PM",Kudos,Activity,14707488851
"Jun 5, 2025, 8:11:40 PM",Kudos,Activity,14707880273
"Jun 5, 2025, 8:41:48 PM",Kudos,Activity,14708181490
"Jun 5, 2025, 9:51:05 PM",Kudos,Activity,14708543262
"Jun 5, 2025, 10:08:15 PM",Kudos,Activity,14708704805
"Jun 5, 2025, 10:40:12 PM",Kudos,Activity,14708885604
"Jun 5, 2025, 10:40:17 PM",Kudos,Activity,14708834788
"Jun 5, 2025, 11:07:33 PM",Kudos,Activity,14709094105
"Jun 5, 2025, 11:07:35 PM",Kudos,Activity,14709040855
"Jun 5, 2025, 11:07:37 PM",Kudos,Activity,14708829637
"Jun 6, 2025, 2:25:27 AM",Kudos,Activity,14710053122
"Jun 6, 2025, 2:25:54 AM",Kudos,Activity,14709968974
"Jun 6, 2025, 2:26:00 AM",Kudos,Activity,14709926686
"Jun 6, 2025, 2:26:11 AM",Kudos,Activity,14709710382
"Jun 6, 2025, 2:26:18 AM",Kudos,Activity,14709625567
"Jun 6, 2025, 2:26:30 AM",Kudos,Activity,14709644675
"Jun 6, 2025, 2:27:10 AM",Kudos,Activity,14709608999
"Jun 6, 2025, 2:27:13 AM",Kudos,Activity,14709559443
"Jun 6, 2025, 2:27:34 AM",Kudos,Activity,14709527526
"Jun 6, 2025, 2:27:43 AM",Kudos,Activity,14709340627
"Jun 6, 2025, 2:27:55 AM",Kudos,Activity,14709168082
"Jun 6, 2025, 3:03:39 AM",Kudos,Activity,14710291680
"Jun 6, 2025, 11:57:14 AM",Kudos,Activity,14713139001
"Jun 6, 2025, 11:57:19 AM",Kudos,Activity,14712753959
"Jun 6, 2025, 11:57:24 AM",Kudos,Activity,14712748867
"Jun 6, 2025, 11:57:26 AM",Kudos,Activity,14710375796
"Jun 6, 2025, 12:19:53 PM",Kudos,Activity,14713278614
"Jun 6, 2025, 12:19:56 PM",Kudos,Activity,14713238995
"Jun 6, 2025, 12:20:01 PM",Kudos,Activity,14713324591
"Jun 6, 2025, 12:20:06 PM",Kudos,Activity,14713371668
"Jun 6, 2025, 12:30:47 PM",Kudos,Activity,14713457293
"Jun 6, 2025, 12:30:48 PM",Kudos,Activity,14713454714
"Jun 6, 2025, 12:30:51 PM",Kudos,Activity,14713398633
"Jun 6, 2025, 12:47:45 PM",Kudos,Activity,14713568376
"Jun 6, 2025, 12:52:09 PM",Kudos,Activity,14713356434
"Jun 6, 2025, 1:11:37 PM",Kudos,Activity,14713698039
"Jun 6, 2025, 1:32:29 PM",Kudos,Activity,14713921886
"Jun 6, 2025, 1:32:35 PM",Kudos,Activity,14713916122
"Jun 6, 2025, 1:40:19 PM",Kudos,Activity,14713952988
"Jun 6, 2025, 2:54:57 PM",Kudos,Activity,14714653529
"Jun 6, 2025, 3:29:53 PM",Kudos,Activity,14714842706
"Jun 6, 2025, 4:34:15 PM",Kudos,Activity,14715463725
"Jun 6, 2025, 6:25:03 PM",Kudos,Activity,14716445061
"Jun 6, 2025, 8:55:32 PM",Kudos,Activity,14717145205
"Jun 6, 2025, 9:11:29 PM",Kudos,Activity,14717557687
"Jun 6, 2025, 10:17:39 PM",Kudos,Activity,14717909938
"Jun 6, 2025, 10:17:41 PM",Kudos,Activity,14717761868
"Jun 6, 2025, 11:05:18 PM",Kudos,Activity,14718175391
"Jun 6, 2025, 11:05:20 PM",Kudos,Activity,14718158531
"Jun 6, 2025, 11:05:22 PM",Kudos,Activity,14718158451
"Jun 6, 2025, 11:05:24 PM",Kudos,Activity,14718065298
"Jun 7, 2025, 12:02:30 AM",Kudos,Activity,14718463738
"Jun 7, 2025, 12:03:01 AM",Kudos,Activity,14718244987
"Jun 7, 2025, 12:03:13 AM",Kudos,Activity,14718434341
"Jun 7, 2025, 12:03:28 AM",Kudos,Activity,14718463787
"Jun 7, 2025, 11:06:24 AM",Kudos,Activity,14719200780
"Jun 7, 2025, 12:42:28 PM",Kudos,Activity,14723273023
"Jun 7, 2025, 12:42:33 PM",Kudos,Activity,14723263968
"Jun 7, 2025, 12:42:39 PM",Kudos,Activity,14723103246
"Jun 7, 2025, 12:42:43 PM",Kudos,Activity,14723100772
"Jun 7, 2025, 1:39:21 PM",Kudos,Activity,14723723763
"Jun 7, 2025, 1:39:32 PM",Kudos,Activity,14723679123
"Jun 7, 2025, 1:39:35 PM",Kudos,Activity,14723335996
"Jun 7, 2025, 1:39:39 PM",Kudos,Activity,14723719728
"Jun 7, 2025, 1:40:06 PM",Kudos,Activity,14723248168
"Jun 7, 2025, 1:40:30 PM",Kudos,Activity,14723875498
"Jun 7, 2025, 3:41:20 PM",Kudos,Activity,14725166473
"Jun 7, 2025, 3:42:07 PM",Kudos,Activity,14725042314
"Jun 7, 2025, 3:42:10 PM",Kudos,Activity,14725017382
"Jun 7, 2025, 3:42:13 PM",Kudos,Activity,14724878018
"Jun 7, 2025, 3:42:22 PM",Kudos,Activity,14724868497
"Jun 7, 2025, 3:42:25 PM",Kudos,Activity,14724516696
"Jun 7, 2025, 3:42:36 PM",Kudos,Activity,14724222871
"Jun 7, 2025, 3:42:39 PM",Kudos,Activity,14724319716
"Jun 7, 2025, 3:43:01 PM",Kudos,Activity,14724186169
"Jun 7, 2025, 3:43:03 PM",Kudos,Activity,14724008535
"Jun 7, 2025, 3:43:12 PM",Kudos,Activity,14723970496
"Jun 7, 2025, 3:43:31 PM",Kudos,Activity,14724300237
"Jun 7, 2025, 3:43:37 PM",Kudos,Activity,14724073821
"Jun 7, 2025, 3:43:42 PM",Kudos,Activity,14723970520
"Jun 7, 2025, 3:43:50 PM",Kudos,Activity,14725234646
"Jun 7, 2025, 3:43:59 PM",Kudos,Activity,14725228191
"Jun 7, 2025, 4:36:00 PM",Kudos,Activity,14725758439
"Jun 7, 2025, 4:36:03 PM",Kudos,Activity,14725552833
"Jun 7, 2025, 4:36:09 PM",Kudos,Activity,14725347520
"Jun 7, 2025, 4:36:12 PM",Kudos,Activity,14725301422
"Jun 7, 2025, 4:36:18 PM",Kudos,Activity,14725271765
"Jun 7, 2025, 4:36:23 PM",Kudos,Activity,14725438988
"Jun 7, 2025, 4:37:01 PM",Kudos,Activity,14725557028
"Jun 7, 2025, 8:15:19 PM",Kudos,Activity,14727245032
"Jun 7, 2025, 8:18:47 PM",Kudos,Activity,14726347763
"Jun 7, 2025, 8:18:53 PM",Kudos,Activity,14726761817
"Jun 7, 2025, 8:18:56 PM",Kudos,Activity,14726211666
"Jun 7, 2025, 8:18:58 PM",Kudos,Activity,14726129735
"Jun 7, 2025, 8:19:00 PM",Kudos,Activity,14726535386
"Jun 7, 2025, 8:19:11 PM",Kudos,Activity,14725783951
"Jun 7, 2025, 8:19:14 PM",Kudos,Activity,14726761835
"Jun 7, 2025, 8:19:19 PM",Kudos,Activity,14726062967
"Jun 7, 2025, 9:19:30 PM",Kudos,Activity,14727744485
"Jun 8, 2025, 12:40:17 AM",Kudos,Activity,14728774277
"Jun 8, 2025, 12:40:23 AM",Kudos,Activity,14728554453
"Jun 8, 2025, 12:40:27 AM",Kudos,Activity,14728543693
"Jun 8, 2025, 12:40:30 AM",Kudos,Activity,14728478188
"Jun 8, 2025, 12:40:36 AM",Kudos,Activity,14728365733
"Jun 8, 2025, 12:40:45 AM",Kudos,Activity,14728365568
"Jun 8, 2025, 12:40:48 AM",Kudos,Activity,14728087855
"Jun 8, 2025, 12:40:50 AM",Kudos,Activity,14728017222
"Jun 8, 2025, 1:18:32 AM",Kudos,Activity,14728990956
"Jun 8, 2025, 10:22:22 AM",Kudos,Activity,14729517855
"Jun 8, 2025, 12:31:37 PM",Kudos,Activity,14733688253
"Jun 8, 2025, 12:31:40 PM",Kudos,Activity,14733696195
"Jun 8, 2025, 2:41:14 PM",Kudos,Post,37436839
"Jun 8, 2025, 2:41:18 PM",Kudos,Activity,14734933421
"Jun 8, 2025, 2:41:22 PM",Kudos,Activity,14734696270
"Jun 8, 2025, 2:41:25 PM",Kudos,Activity,14734517509
"Jun 8, 2025, 2:41:27 PM",Kudos,Activity,14734344129
"Jun 8, 2025, 2:41:32 PM",Kudos,Activity,14734372688
"Jun 8, 2025, 2:41:37 PM",Kudos,Activity,14733922612
"Jun 8, 2025, 2:52:46 PM",Kudos,Post,37437302
"Jun 8, 2025, 3:03:30 PM",Kudos,Activity,14735266280
"Jun 8, 2025, 3:19:50 PM",Kudos,Activity,14735502496
"Jun 8, 2025, 3:21:26 PM",Kudos,Activity,14735563983
"Jun 8, 2025, 3:30:09 PM",Kudos,Activity,14735614475
"Jun 8, 2025, 4:27:21 PM",Kudos,Activity,14735636635
"Jun 8, 2025, 6:33:20 PM",Kudos,Activity,14737450923
"Jun 8, 2025, 6:33:31 PM",Kudos,Activity,14737154422
"Jun 8, 2025, 6:33:35 PM",Kudos,Activity,14737151290
"Jun 8, 2025, 6:33:40 PM",Kudos,Activity,14737176574
"Jun 8, 2025, 8:35:36 PM",Kudos,Activity,14738238023
"Jun 8, 2025, 8:36:06 PM",Kudos,Activity,14738219737
"Jun 8, 2025, 8:36:11 PM",Kudos,Activity,14738217143
"Jun 8, 2025, 8:36:15 PM",Kudos,Activity,14738329650
"Jun 8, 2025, 8:36:21 PM",Kudos,Activity,14738098279
"Jun 8, 2025, 8:36:26 PM",Kudos,Activity,14738096223
"Jun 8, 2025, 8:36:39 PM",Kudos,Activity,14736830540
"Jun 8, 2025, 8:36:41 PM",Kudos,Activity,14738096220
"Jun 8, 2025, 8:36:46 PM",Kudos,Activity,14737722181
"Jun 8, 2025, 8:37:07 PM",Kudos,Activity,14737735721
"Jun 8, 2025, 10:26:52 PM",Kudos,Activity,14738895863
"Jun 9, 2025, 12:11:04 AM",Kudos,Activity,14739444676
"Jun 9, 2025, 12:18:42 AM",Kudos,Activity,14739417858
"Jun 9, 2025, 12:43:25 AM",Kudos,Activity,14739598661
"Jun 9, 2025, 2:17:06 AM",Kudos,Activity,14739900743
"Jun 9, 2025, 2:17:09 AM",Kudos,Activity,14739900922
"Jun 9, 2025, 2:17:10 AM",Kudos,Activity,14739900593
"Jun 9, 2025, 11:21:08 AM",Kudos,Activity,14743058762
"Jun 9, 2025, 11:30:27 AM",Kudos,Activity,14743131028
"Jun 9, 2025, 12:40:38 PM",Kudos,Activity,14743888639
"Jun 9, 2025, 12:40:44 PM",Kudos,Activity,14743700583
"Jun 9, 2025, 12:57:25 PM",Kudos,Activity,14744037866
"Jun 9, 2025, 2:55:52 PM",Kudos,Activity,14745237496
"Jun 9, 2025, 3:09:03 PM",Kudos,Activity,14745339089
"Jun 9, 2025, 4:52:59 PM",Kudos,Activity,14746436245
"Jun 9, 2025, 4:53:02 PM",Kudos,Activity,14745753389
"Jun 10, 2025, 2:04:07 AM",Kudos,Activity,14750199266
"Jun 10, 2025, 2:04:11 AM",Kudos,Activity,14750029639
"Jun 10, 2025, 2:04:16 AM",Kudos,Activity,14750219068
"Jun 10, 2025, 2:04:19 AM",Kudos,Activity,14750443080
"Jun 10, 2025, 2:04:21 AM",Kudos,Activity,14750305033
"Jun 10, 2025, 2:04:23 AM",Kudos,Activity,14750015138
"Jun 10, 2025, 2:04:33 AM",Kudos,Activity,14750223935
"Jun 10, 2025, 2:04:37 AM",Kudos,Activity,14750187927
"Jun 10, 2025, 2:04:42 AM",Kudos,Activity,14750212516
"Jun 10, 2025, 2:04:45 AM",Kudos,Activity,14750249320
"Jun 10, 2025, 2:04:47 AM",Kudos,Activity,14750067504
"Jun 10, 2025, 2:05:26 AM",Kudos,Activity,14750128000
"Jun 10, 2025, 2:05:50 AM",Kudos,Activity,14750130412
"Jun 10, 2025, 2:06:44 AM",Kudos,Activity,14750117514
"Jun 10, 2025, 2:06:48 AM",Kudos,Activity,14750059420
"Jun 10, 2025, 2:06:51 AM",Kudos,Activity,14750064392
"Jun 10, 2025, 2:06:55 AM",Kudos,Activity,14750055674
"Jun 10, 2025, 2:07:10 AM",Kudos,Activity,14750055069
"Jun 10, 2025, 2:07:17 AM",Kudos,Activity,14750051526
"Jun 10, 2025, 2:07:20 AM",Kudos,Activity,14750035833
"Jun 10, 2025, 2:07:25 AM",Kudos,Activity,14750050899
"Jun 10, 2025, 2:07:28 AM",Kudos,Activity,14749964428
"Jun 10, 2025, 2:07:29 AM",Kudos,Activity,14749950908
"Jun 10, 2025, 2:07:32 AM",Kudos,Activity,14749980993
"Jun 10, 2025, 2:07:37 AM",Kudos,Activity,14749941156
"Jun 10, 2025, 2:07:41 AM",Kudos,Activity,14749944562
"Jun 10, 2025, 2:07:51 AM",Kudos,Activity,14749961257
"Jun 10, 2025, 2:08:08 AM",Kudos,Activity,14749312935
"Jun 10, 2025, 2:08:11 AM",Kudos,Activity,14750012033
"Jun 10, 2025, 2:08:15 AM",Kudos,Activity,14749746403
"Jun 10, 2025, 2:08:22 AM",Kudos,Activity,14749746496
"Jun 10, 2025, 2:08:34 AM",Kudos,Activity,14748565055
"Jun 10, 2025, 2:51:03 AM",Kudos,Post,37470664
"Jun 10, 2025, 2:52:26 AM",Kudos,Activity,14750651092
"Jun 10, 2025, 2:52:47 AM",Kudos,Activity,14750662585
"Jun 10, 2025, 10:08:23 AM",Kudos,Activity,14751270121
"Jun 10, 2025, 10:08:27 AM",Kudos,Activity,14751038624
"Jun 10, 2025, 10:08:30 AM",Kudos,Activity,14751083649
"Jun 10, 2025, 10:34:26 AM",Kudos,Activity,14750909074
"Jun 10, 2025, 11:03:11 AM",Kudos,Activity,14753471870
"Jun 10, 2025, 11:03:14 AM",Kudos,Activity,14753410637
"Jun 10, 2025, 11:05:07 AM",Kudos,Activity,14753477681
"Jun 10, 2025, 12:24:20 PM",Kudos,Activity,14754251780
"Jun 10, 2025, 12:24:23 PM",Kudos,Activity,14754141186
"Jun 10, 2025, 12:47:05 PM",Kudos,Activity,14754462511
"Jun 10, 2025, 12:47:14 PM",Kudos,Activity,14754424988
"Jun 10, 2025, 12:57:19 PM",Kudos,Activity,14754424572
"Jun 10, 2025, 12:58:21 PM",Kudos,Activity,14754561608
"Jun 10, 2025, 1:28:12 PM",Kudos,Activity,14754794860
"Jun 10, 2025, 1:28:16 PM",Kudos,Activity,14754788498
"Jun 10, 2025, 2:37:42 PM",Kudos,Activity,14755404185
"Jun 10, 2025, 2:37:44 PM",Kudos,Activity,14755390526
"Jun 10, 2025, 2:37:48 PM",Kudos,Activity,14754861984
"Jun 10, 2025, 4:18:28 PM",Kudos,Activity,14755857021
"Jun 10, 2025, 4:18:35 PM",Kudos,Activity,14755671851
"Jun 10, 2025, 4:18:43 PM",Kudos,Activity,14754939702
"Jun 10, 2025, 4:50:29 PM",Kudos,Activity,14756460744
"Jun 10, 2025, 6:50:52 PM",Kudos,Activity,14757308235
"Jun 10, 2025, 7:06:35 PM",Kudos,Activity,14758041161
"Jun 10, 2025, 7:06:50 PM",Kudos,Post,37484185
"Jun 10, 2025, 8:04:05 PM",Kudos,Activity,14758788561
"Jun 10, 2025, 11:27:34 PM",Kudos,Activity,14760201096
"Jun 10, 2025, 11:27:37 PM",Kudos,Activity,14760034330
"Jun 11, 2025, 12:42:05 AM",Kudos,Activity,14760736315
"Jun 11, 2025, 12:42:17 AM",Kudos,Activity,14760706433
"Jun 11, 2025, 12:42:21 AM",Kudos,Activity,14760766914
"Jun 11, 2025, 12:43:08 AM",Kudos,Activity,14760765555
"Jun 11, 2025, 12:43:12 AM",Kudos,Activity,14760572863
"Jun 11, 2025, 1:13:32 AM",Kudos,Activity,14761105803
"Jun 11, 2025, 1:59:08 AM",Kudos,Activity,14761315490
"Jun 11, 2025, 1:59:37 AM",Kudos,Activity,14761295233
"Jun 11, 2025, 2:27:10 AM",Kudos,Activity,14761475754
"Jun 11, 2025, 9:50:34 AM",Kudos,Activity,14760824503
"Jun 11, 2025, 12:06:23 PM",Kudos,Activity,14764776671
"Jun 11, 2025, 12:06:29 PM",Kudos,Activity,14764525914
"Jun 11, 2025, 12:06:35 PM",Kudos,Activity,14764520335
"Jun 11, 2025, 12:06:39 PM",Kudos,Activity,14764520298
"Jun 11, 2025, 12:43:48 PM",Kudos,Activity,14765269355
"Jun 11, 2025, 1:27:06 PM",Kudos,Activity,14765733672
"Jun 11, 2025, 1:27:20 PM",Kudos,Activity,14765532933
"Jun 11, 2025, 2:37:46 PM",Kudos,Activity,14766104258
"Jun 11, 2025, 2:37:49 PM",Kudos,Activity,14766041789
"Jun 11, 2025, 2:38:04 PM",Kudos,Activity,14766208636
"Jun 11, 2025, 2:38:16 PM",Kudos,Activity,14765887279
"Jun 11, 2025, 4:07:31 PM",Kudos,Activity,14766664706
"Jun 11, 2025, 8:13:50 PM",Kudos,Activity,14769831202
"Jun 11, 2025, 8:13:56 PM",Kudos,Activity,14768983117
"Jun 11, 2025, 8:14:01 PM",Kudos,Activity,14768430190
"Jun 12, 2025, 1:11:06 AM",Kudos,Activity,14771747856
"Jun 12, 2025, 1:11:11 AM",Kudos,Activity,14772013511
"Jun 12, 2025, 1:11:20 AM",Kudos,Activity,14771763591
"Jun 12, 2025, 1:11:25 AM",Kudos,Activity,14771758437
"Jun 12, 2025, 1:11:27 AM",Kudos,Activity,14771890373
"Jun 12, 2025, 1:11:35 AM",Kudos,Activity,14771850728
"Jun 12, 2025, 1:15:02 AM",Kudos,Activity,14772013424
"Jun 12, 2025, 1:15:06 AM",Kudos,Activity,14771702681
"Jun 12, 2025, 1:15:17 AM",Kudos,Activity,14771728667
"Jun 12, 2025, 1:15:24 AM",Kudos,Activity,14771644363
"Jun 12, 2025, 1:15:33 AM",Kudos,Activity,14771624155
"Jun 12, 2025, 1:15:38 AM",Kudos,Activity,14771501288
"Jun 12, 2025, 1:15:46 AM",Kudos,Activity,14771488057
"Jun 12, 2025, 1:15:57 AM",Kudos,Activity,14771490200
"Jun 12, 2025, 1:16:07 AM",Kudos,Activity,14771341172
"Jun 12, 2025, 1:16:17 AM",Kudos,Activity,14771282337
"Jun 12, 2025, 1:16:22 AM",Kudos,Activity,14771099305
"Jun 12, 2025, 1:16:25 AM",Kudos,Activity,14771076395
"Jun 12, 2025, 1:16:28 AM",Kudos,Activity,14770923056
"Jun 12, 2025, 1:16:36 AM",Kudos,Activity,14770700998
"Jun 12, 2025, 1:16:40 AM",Kudos,Post,37509720
"Jun 12, 2025, 1:18:16 AM",Kudos,Activity,14770070800
"Jun 12, 2025, 1:19:39 AM",Kudos,Activity,14771780843
"Jun 12, 2025, 1:42:09 AM",Kudos,Activity,14772141375
"Jun 12, 2025, 1:49:13 AM",Kudos,Activity,14771903175
"Jun 12, 2025, 2:01:06 AM",Kudos,Activity,14772239115
"Jun 12, 2025, 2:10:15 AM",Kudos,Activity,14772323620
"Jun 12, 2025, 2:28:30 AM",Kudos,Activity,14772346840
"Jun 12, 2025, 2:29:16 AM",Kudos,Activity,14772333323
"Jun 12, 2025, 9:37:58 AM",Kudos,Activity,14772522595
"Jun 12, 2025, 10:58:17 AM",Kudos,Activity,14775216428
"Jun 12, 2025, 10:58:18 AM",Kudos,Activity,14775062583
"Jun 12, 2025, 10:58:26 AM",Kudos,Activity,14775162653
"Jun 12, 2025, 11:38:50 AM",Kudos,Activity,14775440569
"Jun 12, 2025, 12:13:35 PM",Kudos,Activity,14775816634
"Jun 12, 2025, 12:24:12 PM",Kudos,Activity,14775896842
"Jun 12, 2025, 1:00:18 PM",Kudos,Activity,14776032896
"Jun 12, 2025, 1:34:42 PM",Kudos,Activity,14776590784
"Jun 12, 2025, 1:34:46 PM",Kudos,Activity,14776446216
"Jun 12, 2025, 4:14:33 PM",Kudos,Activity,14777816642
"Jun 12, 2025, 4:14:38 PM",Kudos,Activity,14777265805
"Jun 12, 2025, 4:14:45 PM",Kudos,Activity,14777217424
"Jun 12, 2025, 5:24:33 PM",Kudos,Post,37524166
"Jun 12, 2025, 5:24:45 PM",Kudos,Activity,14778533130
"Jun 12, 2025, 6:20:16 PM",Kudos,Activity,14779351968
"Jun 12, 2025, 10:18:35 PM",Kudos,Activity,14781164400
"Jun 12, 2025, 11:36:50 PM",Kudos,Activity,14781626181
"Jun 12, 2025, 11:36:52 PM",Kudos,Activity,14781624157
"Jun 12, 2025, 11:37:15 PM",Kudos,Activity,14781325516
"Jun 13, 2025, 9:43:37 AM",Kudos,Activity,14782759195
"Jun 13, 2025, 9:43:41 AM",Kudos,Activity,14782535612
"Jun 13, 2025, 9:43:45 AM",Kudos,Activity,14782454668
"Jun 13, 2025, 9:44:03 AM",Kudos,Activity,14782290884
"Jun 13, 2025, 9:44:08 AM",Kudos,Activity,14782127420
"Jun 13, 2025, 9:44:21 AM",Kudos,Activity,14782199237
"Jun 13, 2025, 9:44:31 AM",Kudos,Activity,14782062507
"Jun 13, 2025, 9:44:43 AM",Kudos,Activity,14782051627
"Jun 13, 2025, 9:44:54 AM",Kudos,Activity,14782029117
"Jun 13, 2025, 9:44:59 AM",Kudos,Activity,14782013892
"Jun 13, 2025, 9:45:06 AM",Kudos,Activity,14782212520
"Jun 13, 2025, 9:45:10 AM",Kudos,Activity,14781862614
"Jun 13, 2025, 9:45:14 AM",Kudos,Activity,14781886877
"Jun 13, 2025, 9:45:24 AM",Kudos,Activity,14782326268
"Jun 13, 2025, 9:45:28 AM",Kudos,Activity,14782300676
"Jun 13, 2025, 12:01:12 PM",Kudos,Activity,14785624175
"Jun 13, 2025, 12:01:14 PM",Kudos,Activity,14785638965
"Jun 13, 2025, 12:51:07 PM",Kudos,Activity,14786199552
"Jun 13, 2025, 12:52:10 PM",Kudos,Activity,14786183280
"Jun 13, 2025, 12:52:24 PM",Kudos,Activity,14786270946
"Jun 13, 2025, 12:52:33 PM",Kudos,Activity,14786088828
"Jun 13, 2025, 12:52:38 PM",Kudos,Activity,14786055973
"Jun 13, 2025, 1:07:01 PM",Kudos,Activity,14786334577
"Jun 13, 2025, 2:51:57 PM",Kudos,Activity,14787040266
"Jun 13, 2025, 2:52:02 PM",Kudos,Activity,14786850638
"Jun 13, 2025, 2:52:09 PM",Kudos,Activity,14786467441
"Jun 13, 2025, 7:38:05 PM",Kudos,Activity,14789133185
"Jun 13, 2025, 9:20:57 PM",Kudos,Activity,14790125523
"Jun 13, 2025, 9:28:09 PM",Kudos,Activity,14790260113
"Jun 13, 2025, 10:36:18 PM",Kudos,Activity,14790630861
"Jun 13, 2025, 10:58:08 PM",Kudos,Activity,14790676463
"Jun 14, 2025, 11:14:51 AM",Kudos,Activity,14791512611
"Jun 14, 2025, 11:41:57 AM",Kudos,Activity,14795539209
"Jun 14, 2025, 12:06:47 PM",Kudos,Activity,14795721041
"Jun 14, 2025, 12:43:42 PM",Kudos,Activity,14796062437
"Jun 14, 2025, 12:43:44 PM",Kudos,Activity,14795841771
"Jun 14, 2025, 1:08:10 PM",Kudos,Activity,14796300430
"Jun 14, 2025, 1:08:29 PM",Kudos,Activity,14796243145
"Jun 14, 2025, 2:06:55 PM",Kudos,Activity,14796981153
"Jun 14, 2025, 2:07:08 PM",Kudos,Activity,14797007604
"Jun 14, 2025, 2:07:10 PM",Kudos,Activity,14796906578
"Jun 14, 2025, 2:07:22 PM",Kudos,Activity,14796882292
"Jun 14, 2025, 2:07:28 PM",Kudos,Activity,14796805846
"Jun 14, 2025, 2:07:32 PM",Kudos,Activity,14796618489
"Jun 14, 2025, 2:08:00 PM",Kudos,Activity,14796914218
"Jun 14, 2025, 2:08:05 PM",Kudos,Activity,14796556880
"Jun 14, 2025, 2:08:10 PM",Kudos,Activity,14796446296
"Jun 14, 2025, 2:08:14 PM",Kudos,Activity,14796705067
"Jun 14, 2025, 2:08:19 PM",Kudos,Activity,14796488070
"Jun 14, 2025, 2:36:47 PM",Kudos,Activity,14797224377
"Jun 14, 2025, 2:36:48 PM",Kudos,Activity,14797204833
"Jun 14, 2025, 2:36:58 PM",Kudos,Activity,14797205983
"Jun 14, 2025, 4:59:37 PM",Kudos,Activity,14798618085
"Jun 14, 2025, 4:59:42 PM",Kudos,Activity,14798345628
"Jun 14, 2025, 5:00:31 PM",Kudos,Activity,14798163713
"Jun 14, 2025, 5:00:45 PM",Kudos,Activity,14798110611
"Jun 14, 2025, 5:00:49 PM",Kudos,Activity,14798102715
"Jun 14, 2025, 5:00:53 PM",Kudos,Activity,14797897414
"Jun 14, 2025, 5:00:54 PM",Kudos,Activity,14798096098
"Jun 14, 2025, 5:00:56 PM",Kudos,Activity,14797898392
"Jun 14, 2025, 5:01:05 PM",Kudos,Activity,14797792136
"Jun 14, 2025, 6:10:44 PM",Kudos,Activity,14798812846
"Jun 14, 2025, 6:10:46 PM",Kudos,Activity,14798807263
"Jun 14, 2025, 6:10:51 PM",Kudos,Activity,14799088481
"Jun 15, 2025, 12:20:17 PM",Kudos,Activity,14801378012
"Jun 15, 2025, 12:20:28 PM",Kudos,Activity,14801164158
"Jun 15, 2025, 12:20:36 PM",Kudos,Activity,14800455002
"Jun 15, 2025, 12:20:40 PM",Kudos,Activity,14800439288
"Jun 15, 2025, 12:20:42 PM",Kudos,Activity,14800395962
"Jun 15, 2025, 12:20:46 PM",Kudos,Activity,14800354708
"Jun 15, 2025, 12:21:00 PM",Kudos,Activity,14800426656
"Jun 15, 2025, 12:35:20 PM",Kudos,Activity,14806832425
"Jun 15, 2025, 12:35:21 PM",Kudos,Activity,14806699003
"Jun 15, 2025, 2:19:50 PM",Kudos,Activity,14807447672
"Jun 15, 2025, 2:20:06 PM",Kudos,Activity,14807761076
"Jun 15, 2025, 2:20:16 PM",Kudos,Activity,14807510846
"Jun 15, 2025, 2:20:20 PM",Kudos,Activity,14807020444
"Jun 15, 2025, 2:34:05 PM",Kudos,Activity,14808030049
"Jun 15, 2025, 4:19:10 PM",Kudos,Activity,14809197498
"Jun 15, 2025, 4:19:17 PM",Kudos,Activity,14809255564
"Jun 15, 2025, 4:19:29 PM",Kudos,Activity,14808574218
"Jun 15, 2025, 6:15:27 PM",Kudos,Activity,14810391363
"Jun 15, 2025, 6:15:33 PM",Kudos,Activity,14810343243
"Jun 15, 2025, 6:15:51 PM",Kudos,Activity,14810314576
"Jun 15, 2025, 6:16:05 PM",Kudos,Activity,14809387650
"Jun 15, 2025, 6:24:41 PM",Kudos,Activity,14810474997
"Jun 15, 2025, 6:58:52 PM",Kudos,Activity,14810701523
"Jun 15, 2025, 7:20:03 PM",Kudos,Post,37588838
"Jun 15, 2025, 7:21:21 PM",Kudos,Activity,14810865481
"Jun 15, 2025, 7:21:41 PM",Kudos,Activity,14810932287
"Jun 15, 2025, 7:50:30 PM",Kudos,Activity,14811142907
"Jun 15, 2025, 9:21:58 PM",Kudos,Activity,14811384503
"Jun 15, 2025, 10:07:10 PM",Kudos,Activity,14811831037
"Jun 15, 2025, 10:09:05 PM",Kudos,Activity,14811575627
"Jun 15, 2025, 10:09:23 PM",Kudos,Activity,14811288162
"Jun 15, 2025, 10:09:27 PM",Kudos,Activity,14811157337
"Jun 15, 2025, 10:10:20 PM",Kudos,Activity,14811796968
"Jun 15, 2025, 10:19:53 PM",Kudos,Activity,14810625468
"Jun 15, 2025, 11:22:14 PM",Kudos,Activity,14812255347
"Jun 16, 2025, 1:03:27 AM",Kudos,Activity,14812609254
"Jun 16, 2025, 1:41:16 AM",Kudos,Activity,14812782025
"Jun 16, 2025, 1:52:26 AM",Kudos,Activity,14812519208
"Jun 16, 2025, 1:52:34 AM",Kudos,Activity,14812590822
"Jun 16, 2025, 1:52:40 AM",Kudos,Activity,14812527059
"Jun 16, 2025, 1:52:43 AM",Kudos,Activity,14812458190
"Jun 16, 2025, 1:52:59 AM",Kudos,Activity,14812422171
"Jun 16, 2025, 12:06:13 PM",Kudos,Activity,14816048120
"Jun 16, 2025, 12:06:19 PM",Kudos,Activity,14815622825
"Jun 16, 2025, 12:06:23 PM",Kudos,Activity,14813223608
"Jun 16, 2025, 12:06:49 PM",Kudos,Activity,14812942394
"Jun 16, 2025, 12:28:53 PM",Kudos,Activity,14816233363
"Jun 16, 2025, 12:29:02 PM",Kudos,Activity,14811856565
"Jun 16, 2025, 12:53:29 PM",Kudos,Activity,14816455527
"Jun 16, 2025, 1:28:12 PM",Kudos,Activity,14816598318
"Jun 16, 2025, 3:11:36 PM",Kudos,Activity,14817444211
"Jun 16, 2025, 5:30:38 PM",Kudos,Activity,14818967785
"Jun 16, 2025, 6:13:08 PM",Kudos,Activity,14818771651
"Jun 16, 2025, 6:13:14 PM",Kudos,Activity,14818904560
"Jun 16, 2025, 6:13:18 PM",Kudos,Activity,14818767876
"Jun 16, 2025, 6:38:26 PM",Kudos,Activity,14819684392
"Jun 16, 2025, 6:38:29 PM",Kudos,Activity,14819587009
"Jun 16, 2025, 9:46:46 PM",Kudos,Activity,14821162766
"Jun 16, 2025, 11:15:10 PM",Kudos,Activity,14821807914
"Jun 17, 2025, 12:20:21 AM",Kudos,Activity,14822523421
"Jun 17, 2025, 12:20:30 AM",Kudos,Activity,14822468952
"Jun 17, 2025, 12:20:37 AM",Kudos,Activity,14822447029
"Jun 17, 2025, 12:21:04 AM",Kudos,Activity,14822393752
"Jun 17, 2025, 12:21:12 AM",Kudos,Activity,14822412067
"Jun 17, 2025, 12:21:18 AM",Kudos,Activity,14822318834
"Jun 17, 2025, 12:21:22 AM",Kudos,Activity,14821808074
"Jun 17, 2025, 12:21:25 AM",Kudos,Activity,14822175997
"Jun 17, 2025, 12:34:08 AM",Kudos,Activity,14822584313
"Jun 17, 2025, 12:34:16 AM",Kudos,Activity,14822583786
"Jun 17, 2025, 12:34:19 AM",Kudos,Activity,14822575310
"Jun 17, 2025, 12:34:25 AM",Kudos,Activity,14822630026
"Jun 17, 2025, 12:34:34 AM",Kudos,Activity,14822632821
"Jun 17, 2025, 12:51:04 AM",Kudos,Activity,14822640542
"Jun 17, 2025, 12:51:11 AM",Kudos,Activity,14822701008
"Jun 17, 2025, 12:51:14 AM",Kudos,Activity,14822704262
"Jun 17, 2025, 12:51:22 AM",Kudos,Activity,14822685736
"Jun 17, 2025, 11:20:08 AM",Kudos,Activity,14826009511
"Jun 17, 2025, 11:20:19 AM",Kudos,Post,37614632
"Jun 17, 2025, 11:22:34 AM",Kudos,Activity,14823229412
"Jun 17, 2025, 11:22:41 AM",Kudos,Activity,14823238509
"Jun 17, 2025, 11:22:47 AM",Kudos,Activity,14822907335
"Jun 17, 2025, 11:22:51 AM",Kudos,Activity,14822801480
"Jun 17, 2025, 11:23:18 AM",Kudos,Activity,14822634110
"Jun 17, 2025, 11:52:51 AM",Kudos,Activity,14826676367
"Jun 17, 2025, 11:53:04 AM",Kudos,Activity,14826586050
"Jun 17, 2025, 1:17:46 PM",Kudos,Activity,14827428560
"Jun 17, 2025, 1:18:01 PM",Kudos,Activity,14827455312
"Jun 17, 2025, 1:18:04 PM",Kudos,Activity,14827296408
"Jun 17, 2025, 1:18:15 PM",Kudos,Activity,14827232431
"Jun 17, 2025, 1:18:20 PM",Kudos,Activity,14827218244
"Jun 17, 2025, 1:59:29 PM",Kudos,Activity,14827648144
"Jun 17, 2025, 1:59:43 PM",Kudos,Activity,14827554775
"Jun 17, 2025, 4:26:13 PM",Kudos,Post,37625270
"Jun 17, 2025, 4:28:02 PM",Kudos,Activity,14829252737
"Jun 17, 2025, 5:55:25 PM",Kudos,Activity,14830320821
"Jun 17, 2025, 9:29:23 PM",Kudos,Post,37628309
"Jun 18, 2025, 1:51:54 AM",Kudos,Activity,14833801006
"Jun 18, 2025, 1:52:13 AM",Kudos,Activity,14833757836
"Jun 18, 2025, 1:52:21 AM",Kudos,Activity,14833691964
"Jun 18, 2025, 1:52:25 AM",Kudos,Activity,14833688466
"Jun 18, 2025, 1:53:17 AM",Kudos,Activity,14833637677
"Jun 18, 2025, 1:53:19 AM",Kudos,Activity,14833615662
"Jun 18, 2025, 1:53:28 AM",Kudos,Activity,14833601559
"Jun 18, 2025, 1:53:30 AM",Kudos,Activity,14833595549
"Jun 18, 2025, 1:53:35 AM",Kudos,Activity,14833638566
"Jun 18, 2025, 1:53:42 AM",Kudos,Activity,14833577183
"Jun 18, 2025, 1:53:53 AM",Kudos,Activity,14833571077
"Jun 18, 2025, 1:53:58 AM",Kudos,Activity,14833444643
"Jun 18, 2025, 1:54:06 AM",Kudos,Activity,14833591732
"Jun 18, 2025, 1:54:09 AM",Kudos,Activity,14833207198
"Jun 18, 2025, 1:54:11 AM",Kudos,Activity,14832895830
"Jun 18, 2025, 1:54:14 AM",Kudos,Activity,14832741734
"Jun 18, 2025, 11:02:58 AM",Kudos,Activity,14837287051
"Jun 18, 2025, 11:03:16 AM",Kudos,Activity,14837273655
"Jun 18, 2025, 11:54:15 AM",Kudos,Activity,14837970425
"Jun 18, 2025, 11:54:18 AM",Kudos,Activity,14837897122
"Jun 18, 2025, 11:54:20 AM",Kudos,Activity,14837691949
"Jun 18, 2025, 12:18:25 PM",Kudos,Activity,14838125660
"Jun 18, 2025, 12:18:37 PM",Kudos,Activity,14838086735
"Jun 18, 2025, 12:33:41 PM",Kudos,Activity,14838336804
"Jun 18, 2025, 1:29:38 PM",Kudos,Activity,14838577119
"Jun 18, 2025, 5:34:40 PM",Kudos,Activity,14839470480
"Jun 18, 2025, 5:34:49 PM",Kudos,Activity,14840065770
"Jun 18, 2025, 5:34:55 PM",Kudos,Activity,14838414709
"Jun 18, 2025, 9:13:59 PM",Kudos,Activity,14843293925
"Jun 18, 2025, 9:14:01 PM",Kudos,Post,37650034
"Jun 18, 2025, 9:14:03 PM",Kudos,Post,37649695
"Jun 18, 2025, 9:14:05 PM",Kudos,Activity,14842576274
"Jun 18, 2025, 9:14:08 PM",Kudos,Activity,14842054597
"Jun 18, 2025, 9:14:12 PM",Kudos,Activity,14842547737
"Jun 18, 2025, 9:14:19 PM",Kudos,Activity,14843264334
"Jun 18, 2025, 11:33:48 PM",Kudos,Activity,14844217552
"Jun 18, 2025, 11:33:54 PM",Kudos,Activity,14844167000
"Jun 18, 2025, 11:34:05 PM",Kudos,Activity,14844060137
"Jun 18, 2025, 11:34:11 PM",Kudos,Activity,14843940615
"Jun 19, 2025, 12:02:04 AM",Kudos,Activity,14844440975
"Jun 19, 2025, 12:07:30 AM",Kudos,Activity,14844432304
"Jun 19, 2025, 12:07:33 AM",Kudos,Activity,14844393214
"Jun 19, 2025, 12:07:35 AM",Kudos,Activity,14844387581
"Jun 19, 2025, 1:46:51 AM",Kudos,Activity,14844893742
"Jun 19, 2025, 1:46:55 AM",Kudos,Activity,14844765844
"Jun 19, 2025, 1:47:04 AM",Kudos,Activity,14844675514
"Jun 19, 2025, 1:48:58 AM",Kudos,Activity,14844626668
"Jun 19, 2025, 1:49:22 AM",Kudos,Activity,14844913478
"Jun 19, 2025, 1:49:28 AM",Kudos,Activity,14844522608
"Jun 19, 2025, 1:49:31 AM",Kudos,Activity,14844501507
"Jun 19, 2025, 1:49:34 AM",Kudos,Activity,14844770124
"Jun 19, 2025, 1:49:36 AM",Kudos,Activity,14844578188
"Jun 19, 2025, 1:49:46 AM",Kudos,Activity,14844910645
"Jun 19, 2025, 1:49:51 AM",Kudos,Activity,14844919960
"Jun 19, 2025, 1:49:54 AM",Kudos,Activity,14844579295
"Jun 19, 2025, 1:49:56 AM",Kudos,Activity,14844314004
"Jun 19, 2025, 10:25:59 AM",Kudos,Activity,14847531455
"Jun 19, 2025, 10:26:03 AM",Kudos,Activity,14845361272
"Jun 19, 2025, 11:29:33 AM",Kudos,Activity,14848041268
"Jun 19, 2025, 11:30:02 AM",Kudos,Activity,14845123883
"Jun 19, 2025, 11:30:07 AM",Kudos,Activity,14845162548
"Jun 19, 2025, 11:30:13 AM",Kudos,Activity,14845111224
"Jun 19, 2025, 12:19:17 PM",Kudos,Activity,14848849913
"Jun 19, 2025, 1:07:03 PM",Kudos,Activity,14849400716
"Jun 19, 2025, 1:07:06 PM",Kudos,Activity,14849310702
"Jun 19, 2025, 1:07:13 PM",Kudos,Activity,14849057851
"Jun 19, 2025, 2:30:04 PM",Kudos,Activity,14849889957
"Jun 19, 2025, 4:07:15 PM",Kudos,Activity,14851013212
"Jun 19, 2025, 4:07:35 PM",Kudos,Activity,14850575436
"Jun 19, 2025, 6:22:33 PM",Kudos,Activity,14852596788
"Jun 19, 2025, 6:22:40 PM",Kudos,Activity,14852484428
"Jun 19, 2025, 11:00:55 PM",Kudos,Activity,14854734451
"Jun 19, 2025, 11:01:17 PM",Kudos,Activity,14854600714
"Jun 20, 2025, 1:14:54 AM",Kudos,Activity,14855524465
"Jun 20, 2025, 1:15:17 AM",Kudos,Activity,14855411901
"Jun 20, 2025, 1:15:25 AM",Kudos,Activity,14855376545
"Jun 20, 2025, 1:15:53 AM",Kudos,Activity,14855356354
"Jun 20, 2025, 1:17:15 AM",Kudos,Activity,14855233809
"Jun 20, 2025, 1:17:35 AM",Kudos,Activity,14855425650
"Jun 20, 2025, 1:17:37 AM",Kudos,Activity,14855344957
"Jun 20, 2025, 1:17:46 AM",Kudos,Activity,14855109110
"Jun 20, 2025, 1:17:48 AM",Kudos,Activity,14854869809
"Jun 20, 2025, 1:18:14 AM",Kudos,Activity,14855566087
"Jun 20, 2025, 1:40:39 AM",Kudos,Activity,14855626063
"Jun 20, 2025, 1:40:45 AM",Kudos,Activity,14855682895
"Jun 20, 2025, 10:03:27 AM",Kudos,Activity,14856188495
"Jun 20, 2025, 10:03:28 AM",Kudos,Activity,14855840897
"Jun 20, 2025, 10:03:33 AM",Kudos,Activity,14855890672
"Jun 20, 2025, 1:08:56 PM",Kudos,Activity,14859773543
"Jun 20, 2025, 1:09:03 PM",Kudos,Activity,14859469211
"Jun 20, 2025, 1:09:53 PM",Kudos,Activity,14859579344
"Jun 20, 2025, 1:09:56 PM",Kudos,Activity,14859303460
"Jun 20, 2025, 1:09:59 PM",Kudos,Activity,14859360929
"Jun 20, 2025, 1:10:02 PM",Kudos,Activity,14858754944
"Jun 20, 2025, 1:10:10 PM",Kudos,Activity,14858708490
"Jun 20, 2025, 4:06:36 PM",Kudos,Activity,14861089812
"Jun 20, 2025, 4:06:45 PM",Kudos,Activity,14861254247
"Jun 20, 2025, 4:06:48 PM",Kudos,Activity,14860994406
"Jun 20, 2025, 4:07:19 PM",Kudos,Activity,14860067599
"Jun 20, 2025, 4:07:29 PM",Kudos,Activity,14859861717
"Jun 20, 2025, 4:07:56 PM",Kudos,Activity,14860646479
"Jun 20, 2025, 4:08:12 PM",Kudos,Activity,14859844530
"Jun 20, 2025, 6:59:23 PM",Kudos,Activity,14862230022
"Jun 21, 2025, 10:57:43 AM",Kudos,Activity,14865501185
"Jun 21, 2025, 10:57:49 AM",Kudos,Activity,14864904145
"Jun 21, 2025, 10:58:02 AM",Kudos,Activity,14864060150
"Jun 21, 2025, 10:58:19 AM",Kudos,Activity,14864089049
"Jun 21, 2025, 10:58:40 AM",Kudos,Activity,14863573960
"Jun 21, 2025, 10:58:45 AM",Kudos,Activity,14863533036
"Jun 21, 2025, 10:58:50 AM",Kudos,Activity,14863306919
"Jun 22, 2025, 1:38:08 AM",Kudos,Activity,14875250719
"Jun 22, 2025, 1:39:28 AM",Kudos,Activity,14874937954
"Jun 22, 2025, 1:39:34 AM",Kudos,Activity,14874419216
"Jun 22, 2025, 1:39:40 AM",Kudos,Activity,14874367552
"Jun 22, 2025, 1:40:03 AM",Kudos,Activity,14872870661
"Jun 22, 2025, 1:40:08 AM",Kudos,Activity,14872776230
"Jun 22, 2025, 1:40:12 AM",Kudos,Activity,14872479006
"Jun 22, 2025, 1:40:23 AM",Kudos,Activity,14872342208
"Jun 22, 2025, 1:40:24 AM",Kudos,Activity,14872743342
"Jun 22, 2025, 1:40:30 AM",Kudos,Activity,14872238375
"Jun 22, 2025, 1:40:34 AM",Kudos,Activity,14872039550
"Jun 22, 2025, 1:40:48 AM",Kudos,Activity,14872091262
"Jun 22, 2025, 1:40:58 AM",Kudos,Activity,14872085604
"Jun 22, 2025, 1:41:14 AM",Kudos,Activity,14871748128
"Jun 22, 2025, 1:41:16 AM",Kudos,Activity,14871656784
"Jun 22, 2025, 1:41:27 AM",Kudos,Activity,14871828616
"Jun 22, 2025, 1:41:37 AM",Kudos,Activity,14871490584
"Jun 22, 2025, 1:41:45 AM",Kudos,Activity,14871410382
"Jun 22, 2025, 1:41:48 AM",Kudos,Activity,14871346184
"Jun 22, 2025, 1:41:51 AM",Kudos,Activity,14871742466
"Jun 22, 2025, 1:42:17 AM",Kudos,Activity,14871230159
"Jun 22, 2025, 1:42:20 AM",Kudos,Activity,14871804069
"Jun 22, 2025, 1:42:24 AM",Kudos,Activity,14871192692
"Jun 22, 2025, 1:42:28 AM",Kudos,Activity,14871199909
"Jun 22, 2025, 1:42:29 AM",Kudos,Activity,14870791550
"Jun 22, 2025, 1:42:31 AM",Kudos,Activity,14870041935
"Jun 22, 2025, 1:42:33 AM",Kudos,Activity,14871186281
"Jun 22, 2025, 1:42:39 AM",Kudos,Activity,14870701388
"Jun 22, 2025, 1:45:19 AM",Kudos,Activity,14870343355
"Jun 22, 2025, 1:45:25 AM",Kudos,Activity,14870221477
"Jun 22, 2025, 1:45:30 AM",Kudos,Activity,14870580493
"Jun 22, 2025, 1:45:35 AM",Kudos,Activity,14870058486
"Jun 22, 2025, 1:45:40 AM",Kudos,Activity,14870013514
"Jun 22, 2025, 1:45:53 AM",Kudos,Activity,14869912702
"Jun 22, 2025, 1:46:00 AM",Kudos,Activity,14870366880
"Jun 22, 2025, 1:46:03 AM",Kudos,Activity,14869865723
"Jun 22, 2025, 1:46:15 AM",Kudos,Activity,14869856669
"Jun 22, 2025, 1:46:19 AM",Kudos,Activity,14869544491
"Jun 22, 2025, 10:33:15 AM",Kudos,Activity,14875798551
"Jun 22, 2025, 12:14:16 PM",Kudos,Activity,14879926881
"Jun 22, 2025, 12:14:21 PM",Kudos,Activity,14879165015
"Jun 22, 2025, 12:14:57 PM",Kudos,Activity,14876472070
"Jun 22, 2025, 4:11:04 PM",Kudos,Activity,14882617608
"Jun 23, 2025, 12:39:00 PM",Kudos,Activity,14889882716
"Jun 23, 2025, 12:39:05 PM",Kudos,Activity,14889727694
"Jun 23, 2025, 12:39:16 PM",Kudos,Activity,14889558236
"Jun 23, 2025, 12:39:18 PM",Kudos,Activity,14889452900
"Jun 23, 2025, 12:39:24 PM",Kudos,Activity,14886323935
"Jun 23, 2025, 12:39:28 PM",Kudos,Activity,14886078187
"Jun 23, 2025, 12:39:33 PM",Kudos,Activity,14885841729
"Jun 23, 2025, 12:39:36 PM",Kudos,Activity,14885821661
"Jun 23, 2025, 12:39:39 PM",Kudos,Activity,14885770858
"Jun 23, 2025, 12:39:42 PM",Kudos,Activity,14885473951
"Jun 23, 2025, 2:17:04 PM",Kudos,Activity,14890178384
"Jun 23, 2025, 2:17:08 PM",Kudos,Activity,14890127684
"Jun 23, 2025, 3:03:06 PM",Kudos,Activity,14891042908
"Jun 23, 2025, 5:18:22 PM",Kudos,Activity,14892210763
"Jun 24, 2025, 12:50:50 AM",Kudos,Activity,14895792420
"Jun 24, 2025, 12:51:01 AM",Kudos,Activity,14895736265
"Jun 24, 2025, 12:51:11 AM",Kudos,Activity,14895840722
"Jun 24, 2025, 12:51:14 AM",Kudos,Activity,14895831977
"Jun 24, 2025, 12:51:23 AM",Kudos,Activity,14895807961
"Jun 24, 2025, 12:51:26 AM",Kudos,Activity,14895735514
"Jun 24, 2025, 12:51:29 AM",Kudos,Activity,14895724237
"Jun 24, 2025, 12:51:33 AM",Kudos,Activity,14895774829
"Jun 24, 2025, 12:51:39 AM",Kudos,Activity,14895791239
"Jun 24, 2025, 12:51:43 AM",Kudos,Activity,14895749692
"Jun 24, 2025, 12:51:47 AM",Kudos,Activity,14895732724
"Jun 24, 2025, 12:51:48 AM",Kudos,Activity,14895769916
"Jun 24, 2025, 12:51:50 AM",Kudos,Activity,14895741866
"Jun 24, 2025, 12:51:52 AM",Kudos,Activity,14895711204
"Jun 24, 2025, 12:51:57 AM",Kudos,Activity,14895645120
"Jun 24, 2025, 12:52:00 AM",Kudos,Activity,14895615435
"Jun 24, 2025, 12:52:01 AM",Kudos,Activity,14895802313
"Jun 24, 2025, 12:52:06 AM",Kudos,Activity,14895519680
"Jun 24, 2025, 12:52:09 AM",Kudos,Activity,14895354705
"Jun 24, 2025, 2:00:28 AM",Kudos,Activity,14896090078
"Jun 24, 2025, 2:00:29 AM",Kudos,Activity,14895974857
"Jun 24, 2025, 2:00:50 AM",Kudos,Activity,14896237340
"Jun 24, 2025, 2:01:01 AM",Kudos,Activity,14895930500
"Jun 24, 2025, 2:29:52 AM",Kudos,Post,37757047
"Jun 24, 2025, 2:40:15 AM",Kudos,Activity,14895997864
"Jun 24, 2025, 2:40:16 AM",Kudos,Activity,14896384818
"Jun 24, 2025, 2:40:18 AM",Kudos,Activity,14896208920
"Jun 24, 2025, 2:40:53 AM",Kudos,Activity,14896005825
"Jun 24, 2025, 10:27:25 AM",Kudos,Activity,14896507306
"Jun 24, 2025, 11:22:13 AM",Kudos,Activity,14899527718
"Jun 24, 2025, 11:56:43 AM",Kudos,Activity,14899794692
"Jun 24, 2025, 12:07:49 PM",Kudos,Activity,14899950161
"Jun 24, 2025, 1:02:15 PM",Kudos,Activity,14900488814
"Jun 24, 2025, 1:06:28 PM",Kudos,Activity,14900569948
"Jun 24, 2025, 1:06:33 PM",Kudos,Activity,14900528779
"Jun 24, 2025, 1:27:19 PM",Kudos,Activity,14900704267
"Jun 24, 2025, 1:27:21 PM",Kudos,Activity,14900748059
"Jun 24, 2025, 2:20:26 PM",Kudos,Activity,14901223809
"Jun 24, 2025, 4:39:15 PM",Kudos,Activity,14901892413
"Jun 24, 2025, 4:39:23 PM",Kudos,Activity,14901324673
"Jun 24, 2025, 4:57:43 PM",Kudos,Activity,14902667470
"Jun 24, 2025, 4:57:47 PM",Kudos,Activity,14902089743
"Jun 24, 2025, 5:39:30 PM",Kudos,Activity,14903152690
"Jun 24, 2025, 5:39:34 PM",Kudos,Post,37768849
"Jun 24, 2025, 6:31:56 PM",Kudos,Activity,14903585274
"Jun 24, 2025, 6:32:00 PM",Kudos,Activity,14903606637
"Jun 24, 2025, 6:49:19 PM",Kudos,Activity,14903961188
"Jun 24, 2025, 8:21:07 PM",Kudos,Activity,14904968648
"Jun 24, 2025, 8:40:14 PM",Kudos,Activity,14900489592
"Jun 25, 2025, 12:40:27 AM",Kudos,Activity,14906543576
"Jun 25, 2025, 12:40:33 AM",Kudos,Activity,14906544232
"Jun 25, 2025, 12:40:39 AM",Kudos,Activity,14906524850
"Jun 25, 2025, 12:41:00 AM",Kudos,Activity,14906354442
"Jun 25, 2025, 12:41:16 AM",Kudos,Activity,14906332610
"Jun 25, 2025, 12:41:36 AM",Kudos,Activity,14905782465
"Jun 25, 2025, 1:49:11 AM",Kudos,Activity,14906952465
"Jun 25, 2025, 2:19:57 AM",Kudos,Activity,14907196063
"Jun 25, 2025, 11:35:31 AM",Kudos,Activity,14910434039
"Jun 25, 2025, 11:35:38 AM",Kudos,Activity,14910255084
"Jun 25, 2025, 11:35:42 AM",Kudos,Activity,14910249900
"Jun 25, 2025, 11:35:43 AM",Kudos,Activity,14910258197
"Jun 25, 2025, 12:07:51 PM",Kudos,Activity,14910788008
"Jun 25, 2025, 12:27:54 PM",Kudos,Activity,14910906631
"Jun 25, 2025, 12:28:23 PM",Kudos,Activity,14910790297
"Jun 25, 2025, 1:08:36 PM",Kudos,Activity,14911250562
"Jun 25, 2025, 1:08:53 PM",Kudos,Activity,14911048895
"Jun 25, 2025, 1:40:47 PM",Kudos,Activity,14911425624
"Jun 25, 2025, 1:41:04 PM",Kudos,Activity,14911411676
"Jun 25, 2025, 1:41:08 PM",Kudos,Activity,14911476374
"Jun 25, 2025, 1:56:36 PM",Kudos,Activity,14911698848
"Jun 25, 2025, 1:56:37 PM",Kudos,Activity,14911670337
"Jun 25, 2025, 3:09:03 PM",Kudos,Activity,14912104724
"Jun 25, 2025, 4:39:16 PM",Kudos,Activity,14913061763
"Jun 25, 2025, 5:11:10 PM",Kudos,Activity,14913575166
"Jun 25, 2025, 11:38:09 PM",Kudos,Post,37793479
"Jun 26, 2025, 12:53:24 AM",Kudos,Activity,14917290738
"Jun 26, 2025, 12:53:35 AM",Kudos,Activity,14917237055
"Jun 26, 2025, 12:53:50 AM",Kudos,Activity,14917219777
"Jun 26, 2025, 12:53:58 AM",Kudos,Activity,14917183221
"Jun 26, 2025, 12:54:06 AM",Kudos,Activity,14916847983
"Jun 26, 2025, 1:19:15 AM",Kudos,Activity,14917545768
"Jun 26, 2025, 1:19:17 AM",Kudos,Activity,14917439057
"Jun 26, 2025, 1:49:48 AM",Kudos,Activity,14917640314
"Jun 26, 2025, 10:05:05 AM",Kudos,Activity,14920074563
"Jun 26, 2025, 10:05:05 AM",Kudos,Activity,14916906822
"Jun 26, 2025, 10:05:07 AM",Kudos,Activity,14918258126
"Jun 26, 2025, 10:05:09 AM",Kudos,Activity,14917923334
"Jun 26, 2025, 10:05:11 AM",Kudos,Activity,14917745877
"Jun 26, 2025, 10:05:36 AM",Kudos,Activity,14917689244
"Jun 26, 2025, 10:05:38 AM",Kudos,Activity,14917661044
"Jun 26, 2025, 10:05:43 AM",Kudos,Activity,14917579640
"Jun 26, 2025, 10:05:51 AM",Kudos,Activity,14917578007
"Jun 26, 2025, 10:06:02 AM",Kudos,Activity,14917354499
"Jun 26, 2025, 10:06:33 AM",Kudos,Activity,14917221789
"Jun 26, 2025, 10:07:57 AM",Kudos,Activity,14917271935
"Jun 26, 2025, 10:08:15 AM",Kudos,Activity,14916761951
"Jun 26, 2025, 10:08:22 AM",Kudos,Activity,14916630695
"Jun 26, 2025, 10:08:29 AM",Kudos,Activity,14916349035
"Jun 26, 2025, 10:08:32 AM",Kudos,Activity,14916327498
"Jun 26, 2025, 10:08:36 AM",Kudos,Activity,14916135574
"Jun 26, 2025, 10:08:44 AM",Kudos,Activity,14916018505
"Jun 26, 2025, 10:08:49 AM",Kudos,Activity,14915710634
"Jun 26, 2025, 10:09:00 AM",Kudos,Activity,14915684984
"Jun 26, 2025, 10:09:11 AM",Kudos,Activity,14913594950
"Jun 26, 2025, 10:58:05 AM",Kudos,Activity,14920516189
"Jun 26, 2025, 11:30:08 AM",Kudos,Activity,14920837613
"Jun 26, 2025, 11:30:12 AM",Kudos,Activity,14920912851
"Jun 26, 2025, 11:30:16 AM",Kudos,Activity,14920630569
"Jun 26, 2025, 12:10:51 PM",Kudos,Post,37802939
"Jun 26, 2025, 12:18:12 PM",Kudos,Activity,14921351467
"Jun 26, 2025, 1:16:44 PM",Kudos,Activity,14921749594
"Jun 26, 2025, 1:16:45 PM",Kudos,Activity,14921733993
"Jun 26, 2025, 1:16:47 PM",Kudos,Activity,14921633814
"Jun 26, 2025, 1:16:53 PM",Kudos,Activity,14921733739
"Jun 26, 2025, 2:55:43 PM",Kudos,Activity,14922338397
"Jun 26, 2025, 2:56:53 PM",Kudos,Activity,14922069982
"Jun 26, 2025, 2:57:03 PM",Kudos,Activity,14921924007
"Jun 26, 2025, 3:18:34 PM",Kudos,Activity,14922886750
"Jun 26, 2025, 8:04:39 PM",Kudos,Activity,14925471417
"Jun 26, 2025, 8:04:51 PM",Kudos,Activity,14924811269
"Jun 26, 2025, 8:05:15 PM",Kudos,Activity,14924400053
"Jun 26, 2025, 8:05:39 PM",Kudos,Activity,14923239319
"Jun 26, 2025, 8:05:48 PM",Kudos,Activity,14923078148
"Jun 26, 2025, 8:05:55 PM",Kudos,Activity,14923077319
"Jun 26, 2025, 9:05:15 PM",Kudos,Activity,14926024043
"Jun 26, 2025, 11:41:25 PM",Kudos,Activity,14926897919
"Jun 26, 2025, 11:41:44 PM",Kudos,Activity,14926166314
"Jun 26, 2025, 11:41:49 PM",Kudos,Activity,14926991758
"Jun 26, 2025, 11:41:56 PM",Kudos,Activity,14926983950
"Jun 27, 2025, 1:46:16 AM",Kudos,Activity,14927726343
"Jun 27, 2025, 1:46:20 AM",Kudos,Activity,14927581016
"Jun 27, 2025, 11:39:01 AM",Kudos,Activity,14930947709
"Jun 27, 2025, 11:39:02 AM",Kudos,Activity,14930950702
"Jun 27, 2025, 11:39:06 AM",Kudos,Activity,14928276649
"Jun 27, 2025, 12:01:58 PM",Kudos,Activity,14931181911
"Jun 27, 2025, 12:11:00 PM",Kudos,Activity,14931388431
"Jun 27, 2025, 12:31:30 PM",Kudos,Activity,14931544414
"Jun 27, 2025, 12:31:43 PM",Kudos,Activity,14931487733
"Jun 27, 2025, 12:45:16 PM",Kudos,Activity,14931671582
"Jun 27, 2025, 12:48:49 PM",Kudos,Activity,14931622139
"Jun 27, 2025, 12:49:35 PM",Kudos,Activity,14931642264
"Jun 27, 2025, 12:58:04 PM",Kudos,Activity,14931730725
"Jun 27, 2025, 1:10:27 PM",Kudos,Activity,14931857337
"Jun 27, 2025, 7:00:43 PM",Kudos,Activity,14934734667
"Jun 27, 2025, 7:00:59 PM",Kudos,Activity,14934398565
"Jun 27, 2025, 7:01:04 PM",Kudos,Activity,14934648387
"Jun 27, 2025, 7:01:09 PM",Kudos,Activity,14933354039
"Jun 27, 2025, 7:01:15 PM",Kudos,Activity,14933284082
"Jun 27, 2025, 7:01:20 PM",Kudos,Activity,14932691314
"Jun 27, 2025, 7:01:49 PM",Kudos,Activity,14932249799
"Jun 27, 2025, 9:50:31 PM",Kudos,Activity,14935683497
"Jun 27, 2025, 9:59:52 PM",Kudos,Activity,14935495725
"Jun 27, 2025, 9:59:55 PM",Kudos,Activity,14935373260
"Jun 27, 2025, 9:59:59 PM",Kudos,Activity,14935527837
"Jun 28, 2025, 2:38:46 AM",Kudos,Activity,14937031201
"Jun 28, 2025, 2:38:53 AM",Kudos,Activity,14936857983
"Jun 28, 2025, 2:38:55 AM",Kudos,Activity,14936847558
"Jun 28, 2025, 2:38:59 AM",Kudos,Activity,14936823907
"Jun 28, 2025, 2:39:04 AM",Kudos,Activity,14936662105
"Jun 28, 2025, 2:39:18 AM",Kudos,Activity,14936517775
"Jun 28, 2025, 2:39:55 AM",Kudos,Activity,14935167982
"Jun 28, 2025, 2:40:04 AM",Kudos,Activity,14935085618
"Jun 28, 2025, 11:23:46 AM",Kudos,Activity,14937549388
"Jun 28, 2025, 11:40:11 AM",Kudos,Activity,14941010777
"Jun 28, 2025, 11:40:11 AM",Kudos,Activity,14940999615
"Jun 28, 2025, 12:14:22 PM",Kudos,Activity,14941340578
"Jun 28, 2025, 4:32:03 PM",Kudos,Activity,14944074819
"Jun 28, 2025, 5:00:32 PM",Kudos,Activity,14944231757
"Jun 28, 2025, 5:00:37 PM",Kudos,Activity,14944171192
"Jun 28, 2025, 5:52:24 PM",Kudos,Activity,14944438589
"Jun 28, 2025, 9:27:51 PM",Kudos,Activity,14945999844
"Jun 28, 2025, 9:27:52 PM",Kudos,Activity,14945928797
"Jun 28, 2025, 9:28:01 PM",Kudos,Activity,14945951830
"Jun 28, 2025, 9:28:09 PM",Kudos,Activity,14945636707
"Jun 28, 2025, 9:28:34 PM",Kudos,Activity,14945684703
"Jun 28, 2025, 9:49:29 PM",Kudos,Activity,14946321944
"Jun 28, 2025, 9:54:17 PM",Kudos,Activity,14946353141
"Jun 28, 2025, 10:01:02 PM",Kudos,Activity,14946373092
"Jun 28, 2025, 10:58:22 PM",Kudos,Activity,14946522668
"Jun 28, 2025, 11:23:13 PM",Kudos,Activity,14946732024
"Jun 29, 2025, 4:14:27 PM",Kudos,Post,37866986
"Jun 29, 2025, 7:07:40 PM",Kudos,Activity,14956161363
"Jun 29, 2025, 7:07:49 PM",Kudos,Activity,14955655485
"Jun 29, 2025, 7:07:55 PM",Kudos,Activity,14955663978
"Jun 29, 2025, 7:08:02 PM",Kudos,Activity,14955622750
"Jun 29, 2025, 7:08:34 PM",Kudos,Activity,14955574007
"Jun 29, 2025, 7:08:42 PM",Kudos,Activity,14955149108
"Jun 29, 2025, 7:08:46 PM",Kudos,Activity,14955158926
"Jun 29, 2025, 7:08:49 PM",Kudos,Activity,14954861891
"Jun 29, 2025, 7:08:52 PM",Kudos,Activity,14954705172
"Jun 29, 2025, 7:09:04 PM",Kudos,Activity,14954790919
"Jun 29, 2025, 7:09:11 PM",Kudos,Activity,14954874221
"Jun 29, 2025, 7:09:16 PM",Kudos,Activity,14954345636
"Jun 29, 2025, 7:09:40 PM",Kudos,Activity,14953695069
"Jun 29, 2025, 7:09:57 PM",Kudos,Activity,14953611018
"Jun 29, 2025, 7:10:05 PM",Kudos,Activity,14954531501
"Jun 29, 2025, 7:10:09 PM",Kudos,Activity,14954093472
"Jun 29, 2025, 7:10:18 PM",Kudos,Activity,14954050668
"Jun 29, 2025, 7:10:25 PM",Kudos,Activity,14953455704
"Jun 29, 2025, 7:10:28 PM",Kudos,Activity,14953358959
"Jun 29, 2025, 7:10:29 PM",Kudos,Activity,14953404099
"Jun 29, 2025, 7:10:47 PM",Kudos,Activity,14952987868
"Jun 29, 2025, 7:10:52 PM",Kudos,Activity,14952838803
"Jun 29, 2025, 7:10:58 PM",Kudos,Activity,14943218641
"Jun 29, 2025, 7:10:59 PM",Kudos,Activity,14952974827
"Jun 29, 2025, 7:11:02 PM",Kudos,Activity,14952638684
"Jun 29, 2025, 7:11:06 PM",Kudos,Activity,14952644741
"Jun 29, 2025, 7:11:10 PM",Kudos,Activity,14952399805
"Jun 29, 2025, 7:11:15 PM",Kudos,Activity,14951741056
"Jun 29, 2025, 7:11:22 PM",Kudos,Activity,14951361187
"Jun 29, 2025, 8:11:14 PM",Kudos,Activity,14956283012
"Jun 29, 2025, 8:11:36 PM",Kudos,Activity,14956359335
"Jun 29, 2025, 10:20:45 PM",Kudos,Activity,14957424274
"Jun 30, 2025, 1:09:30 AM",Kudos,Activity,14957691479
"Jun 30, 2025, 2:21:49 AM",Kudos,Activity,14957985370
"Jun 30, 2025, 2:21:57 AM",Kudos,Activity,14957937015
"Jun 30, 2025, 2:22:04 AM",Kudos,Activity,14957587434
"Jun 30, 2025, 2:22:08 AM",Kudos,Activity,14957597230
"Jun 30, 2025, 2:22:17 AM",Kudos,Activity,14957559367
"Jun 30, 2025, 11:56:20 AM",Kudos,Activity,14961622984
"Jun 30, 2025, 1:03:57 PM",Kudos,Activity,14962148759
"Jun 30, 2025, 1:03:59 PM",Kudos,Activity,14962024533
"Jun 30, 2025, 1:04:12 PM",Kudos,Activity,14958472892
"Jun 30, 2025, 2:14:58 PM",Kudos,Activity,14962561119
"Jun 30, 2025, 4:12:59 PM",Kudos,Activity,14963404398
"Jun 30, 2025, 4:13:01 PM",Kudos,Activity,14963332830
"Jun 30, 2025, 5:02:34 PM",Kudos,Activity,14964137340
"Jun 30, 2025, 5:24:59 PM",Kudos,Activity,14964334595
"Jun 30, 2025, 5:25:05 PM",Kudos,Post,37888456
"Jun 30, 2025, 6:18:55 PM",Kudos,Activity,14964615815
"Jun 30, 2025, 7:40:28 PM",Kudos,Activity,14965421911
"Jun 30, 2025, 7:40:38 PM",Kudos,Activity,14965068065
"Jun 30, 2025, 9:50:56 PM",Kudos,Activity,14966626886
"Jun 30, 2025, 11:27:17 PM",Kudos,Activity,14967301917
"Jul 1, 2025, 1:13:14 AM",Kudos,Activity,14967777719
"Jul 1, 2025, 1:14:57 AM",Kudos,Activity,14967749658
"Jul 1, 2025, 1:15:27 AM",Kudos,Activity,14967825634
"Jul 1, 2025, 1:15:48 AM",Kudos,Activity,14968131347
"Jul 1, 2025, 1:15:49 AM",Kudos,Activity,14967777468
"Jul 1, 2025, 1:15:52 AM",Kudos,Activity,14967817342
"Jul 1, 2025, 1:15:54 AM",Kudos,Activity,14968119089
"Jul 1, 2025, 1:15:56 AM",Kudos,Activity,14968073316
"Jul 1, 2025, 1:15:59 AM",Kudos,Activity,14968076571
"Jul 1, 2025, 1:16:06 AM",Kudos,Activity,14968017674
"Jul 1, 2025, 1:16:09 AM",Kudos,Activity,14967961906
"Jul 1, 2025, 1:16:12 AM",Kudos,Activity,14967946577
"Jul 1, 2025, 1:16:14 AM",Kudos,Activity,14968013276
"Jul 1, 2025, 1:16:17 AM",Kudos,Activity,14967895299
"Jul 1, 2025, 1:16:19 AM",Kudos,Activity,14967971638
"Jul 1, 2025, 1:16:23 AM",Kudos,Activity,14967876834
"Jul 1, 2025, 1:16:37 AM",Kudos,Activity,14967911797
"Jul 1, 2025, 1:16:48 AM",Kudos,Activity,14967959434
"Jul 1, 2025, 1:16:50 AM",Kudos,Activity,14967823429
"Jul 1, 2025, 1:16:53 AM",Kudos,Activity,14967818145
"Jul 1, 2025, 1:16:55 AM",Kudos,Activity,14967787929
"Jul 1, 2025, 1:16:59 AM",Kudos,Activity,14967929424
"Jul 1, 2025, 1:17:06 AM",Kudos,Activity,14967818046
"Jul 1, 2025, 1:17:16 AM",Kudos,Activity,14967699781
"Jul 1, 2025, 1:17:29 AM",Kudos,Activity,14967712993
"Jul 1, 2025, 1:32:03 AM",Kudos,Activity,14968156127
"Jul 1, 2025, 2:14:26 AM",Kudos,Activity,14968196728
"Jul 1, 2025, 2:19:08 AM",Kudos,Activity,14968430030
"Jul 1, 2025, 2:19:18 AM",Kudos,Activity,14968367092
"Jul 1, 2025, 2:36:50 AM",Kudos,Activity,14968538503
"Jul 1, 2025, 2:36:56 AM",Kudos,Post,37897395
"Jul 1, 2025, 3:07:34 AM",Kudos,Activity,14968656172
"Jul 1, 2025, 3:07:52 AM",Kudos,Activity,14968589132
"Jul 1, 2025, 10:56:35 AM",Kudos,Activity,14971547885
"Jul 1, 2025, 11:23:06 AM",Kudos,Activity,14971784500
"Jul 1, 2025, 11:23:21 AM",Kudos,Activity,14971772468
"Jul 1, 2025, 12:27:41 PM",Kudos,Activity,14972420906
"Jul 1, 2025, 12:27:45 PM",Kudos,Activity,14972223456
"Jul 1, 2025, 12:27:50 PM",Kudos,Activity,14972077391
"Jul 1, 2025, 12:43:34 PM",Kudos,Post,37905034
"Jul 1, 2025, 12:59:41 PM",Kudos,Activity,14972719124
"Jul 1, 2025, 12:59:48 PM",Kudos,Activity,14972359364
"Jul 1, 2025, 1:06:04 PM",Kudos,Activity,14972784715
"Jul 1, 2025, 1:06:10 PM",Kudos,Activity,14972773251
"Jul 1, 2025, 1:06:16 PM",Kudos,Activity,14972787556
"Jul 1, 2025, 1:18:32 PM",Kudos,Activity,14972853977
"Jul 1, 2025, 1:18:38 PM",Kudos,Activity,14972854019
"Jul 1, 2025, 4:36:51 PM",Kudos,Post,37909110
"Jul 1, 2025, 5:26:07 PM",Kudos,Activity,14973985119
"Jul 1, 2025, 5:26:10 PM",Kudos,Activity,14973820129
"Jul 1, 2025, 7:00:28 PM",Kudos,Activity,14975539480
"Jul 1, 2025, 7:00:45 PM",Kudos,Activity,14975178195
"Jul 2, 2025, 12:10:09 AM",Kudos,Activity,14978599836
"Jul 2, 2025, 12:10:18 AM",Kudos,Activity,14978426414
"Jul 2, 2025, 12:10:31 AM",Kudos,Activity,14978192889
"Jul 2, 2025, 12:10:41 AM",Kudos,Activity,14977816174
"Jul 2, 2025, 12:10:46 AM",Kudos,Activity,14977771356
"Jul 2, 2025, 12:10:49 AM",Kudos,Activity,14977813611
"Jul 2, 2025, 12:10:51 AM",Kudos,Activity,14977725404
"Jul 2, 2025, 12:10:53 AM",Kudos,Activity,14977857325
"Jul 2, 2025, 12:11:02 AM",Kudos,Activity,14977722583
"Jul 2, 2025, 12:11:06 AM",Kudos,Activity,14977435993
"Jul 2, 2025, 1:51:15 AM",Kudos,Activity,14978805353
"Jul 2, 2025, 1:51:27 AM",Kudos,Activity,14978717654
"Jul 2, 2025, 1:51:30 AM",Kudos,Activity,14978701268
"Jul 2, 2025, 1:51:33 AM",Kudos,Activity,14979026225
"Jul 2, 2025, 1:51:35 AM",Kudos,Activity,14979026324
"Jul 2, 2025, 1:51:39 AM",Kudos,Activity,14979026271
"Jul 2, 2025, 10:33:31 AM",Kudos,Activity,14980076260
"Jul 2, 2025, 10:33:45 AM",Kudos,Activity,14979566543
"Jul 2, 2025, 10:33:50 AM",Kudos,Activity,14980072881
"Jul 2, 2025, 10:33:58 AM",Kudos,Activity,14979372955
"Jul 2, 2025, 10:34:05 AM",Kudos,Activity,14978980971
"Jul 2, 2025, 10:34:13 AM",Kudos,Activity,14978867064
"Jul 2, 2025, 10:34:14 AM",Kudos,Activity,14978901638
"Jul 2, 2025, 11:37:24 AM",Kudos,Activity,14982566447
"Jul 2, 2025, 11:37:28 AM",Kudos,Activity,14982453091
"Jul 2, 2025, 1:30:21 PM",Kudos,Activity,14983731659
"Jul 2, 2025, 1:30:31 PM",Kudos,Activity,14983371838
"Jul 2, 2025, 1:30:34 PM",Kudos,Activity,14983060957
"Jul 2, 2025, 1:30:43 PM",Kudos,Activity,14982998832
"Jul 2, 2025, 5:20:00 PM",Kudos,Activity,14984924257
"Jul 2, 2025, 5:20:09 PM",Kudos,Activity,14984877690
"Jul 2, 2025, 5:20:12 PM",Kudos,Activity,14983871665
"Jul 2, 2025, 5:20:16 PM",Kudos,Activity,14983867251
"Jul 3, 2025, 10:48:20 AM",Kudos,Activity,14989956586
"Jul 3, 2025, 10:48:28 AM",Kudos,Activity,14990041081
"Jul 3, 2025, 10:48:44 AM",Kudos,Activity,14989689202
"Jul 3, 2025, 10:48:53 AM",Kudos,Activity,14989827945
"Jul 3, 2025, 10:49:05 AM",Kudos,Activity,14989845697
"Jul 3, 2025, 10:49:11 AM",Kudos,Activity,14989956715
"Jul 3, 2025, 10:49:22 AM",Kudos,Activity,14989461970
"Jul 3, 2025, 10:49:27 AM",Kudos,Activity,14989267789
"Jul 3, 2025, 10:49:32 AM",Kudos,Activity,14989129632
"Jul 3, 2025, 10:49:48 AM",Kudos,Activity,14988898641
"Jul 3, 2025, 10:49:53 AM",Kudos,Activity,14988678253
"Jul 3, 2025, 10:50:07 AM",Kudos,Activity,14988630387
"Jul 3, 2025, 10:50:14 AM",Kudos,Activity,14988417797
"Jul 3, 2025, 10:50:40 AM",Kudos,Activity,14988410076
"Jul 3, 2025, 10:50:47 AM",Kudos,Activity,14988476736
"Jul 3, 2025, 10:50:56 AM",Kudos,Activity,14988294941
"Jul 3, 2025, 10:50:59 AM",Kudos,Activity,14988251704
"Jul 3, 2025, 10:51:09 AM",Kudos,Post,37933874
"Jul 3, 2025, 10:51:33 AM",Kudos,Activity,14987650714
"Jul 3, 2025, 11:19:25 AM",Kudos,Activity,14993115117
"Jul 3, 2025, 12:03:42 PM",Kudos,Activity,14993510051
"Jul 3, 2025, 12:03:46 PM",Kudos,Activity,14993509896
"Jul 3, 2025, 12:03:49 PM",Kudos,Activity,14993510100
"Jul 3, 2025, 12:04:01 PM",Kudos,Activity,14993391448
"Jul 3, 2025, 2:43:51 PM",Kudos,Activity,14994819415
"Jul 3, 2025, 2:43:53 PM",Kudos,Activity,14994789727
"Jul 3, 2025, 2:44:04 PM",Kudos,Activity,14994394683
"Jul 3, 2025, 2:44:07 PM",Kudos,Activity,14994778402
"Jul 3, 2025, 2:44:22 PM",Kudos,Activity,14994209543
"Jul 3, 2025, 2:44:36 PM",Kudos,Activity,14994076654
"Jul 3, 2025, 2:44:48 PM",Kudos,Activity,14994030213
"Jul 3, 2025, 2:44:48 PM",Kudos,Activity,14993722645
"Jul 3, 2025, 4:54:55 PM",Kudos,Post,37950335
"Jul 3, 2025, 6:24:59 PM",Kudos,Post,37950955
"Jul 3, 2025, 7:46:14 PM",Kudos,Activity,14997395037
"Jul 3, 2025, 7:46:22 PM",Kudos,Activity,14997112939
"Jul 3, 2025, 10:09:05 PM",Kudos,Activity,14998863913
"Jul 3, 2025, 10:09:07 PM",Kudos,Activity,14998646267
"Jul 3, 2025, 10:09:11 PM",Kudos,Activity,14998820457
"Jul 4, 2025, 11:17:45 AM",Kudos,Activity,15000540655
"Jul 4, 2025, 11:18:12 AM",Kudos,Activity,15003190342
"Jul 4, 2025, 11:18:44 AM",Kudos,Activity,15000445866
"Jul 4, 2025, 11:18:48 AM",Kudos,Activity,15000428361
"Jul 4, 2025, 11:18:55 AM",Kudos,Activity,15000345820
"Jul 4, 2025, 11:18:56 AM",Kudos,Activity,14999789539
"Jul 4, 2025, 11:19:02 AM",Kudos,Activity,15000064740
"Jul 4, 2025, 11:19:06 AM",Kudos,Activity,15000025355
"Jul 4, 2025, 11:19:15 AM",Kudos,Activity,14999964635
"Jul 4, 2025, 11:19:19 AM",Kudos,Activity,14999839577
"Jul 4, 2025, 11:19:44 AM",Kudos,Activity,14999825685
"Jul 4, 2025, 11:19:49 AM",Kudos,Activity,14999691817
"Jul 4, 2025, 11:19:55 AM",Kudos,Activity,14999804954
"Jul 4, 2025, 11:20:34 AM",Kudos,Activity,14999823388
"Jul 4, 2025, 11:20:38 AM",Kudos,Activity,14999640717
"Jul 4, 2025, 11:20:41 AM",Kudos,Activity,14999911710
"Jul 4, 2025, 11:58:23 AM",Kudos,Activity,15003648955
"Jul 4, 2025, 11:58:27 AM",Kudos,Activity,15003553617
"Jul 4, 2025, 11:58:58 AM",Kudos,Activity,15003641872
"Jul 4, 2025, 1:35:13 PM",Kudos,Activity,15004446991
"Jul 4, 2025, 1:35:16 PM",Kudos,Activity,15004327868
"Jul 4, 2025, 1:35:20 PM",Kudos,Activity,15004420143
"Jul 4, 2025, 1:35:37 PM",Kudos,Activity,15004184349
"Jul 4, 2025, 1:35:39 PM",Kudos,Activity,15004231061
"Jul 4, 2025, 1:35:41 PM",Kudos,Activity,15004181894
"Jul 4, 2025, 1:36:31 PM",Kudos,Activity,15004207252
"Jul 4, 2025, 1:36:37 PM",Kudos,Activity,15004026051
"Jul 4, 2025, 1:36:47 PM",Kudos,Activity,15004095951
"Jul 4, 2025, 1:37:06 PM",Kudos,Activity,15003987572
"Jul 4, 2025, 1:37:23 PM",Kudos,Activity,15003891249
"Jul 4, 2025, 1:37:29 PM",Kudos,Activity,15003853547
"Jul 4, 2025, 1:37:33 PM",Kudos,Activity,15003842643
"Jul 4, 2025, 1:37:43 PM",Kudos,Activity,15003846195
"Jul 4, 2025, 1:37:47 PM",Kudos,Activity,15003845547
"Jul 4, 2025, 1:38:16 PM",Kudos,Activity,15003787053
"Jul 4, 2025, 2:20:24 PM",Kudos,Activity,15004963737
"Jul 4, 2025, 2:20:32 PM",Kudos,Activity,15004889452
"Jul 4, 2025, 2:20:37 PM",Kudos,Activity,15004745918
"Jul 4, 2025, 2:20:49 PM",Kudos,Activity,15004754992
"Jul 4, 2025, 10:19:26 PM",Kudos,Activity,15007291320
"Jul 4, 2025, 10:19:46 PM",Kudos,Activity,15006859623
"Jul 4, 2025, 10:19:54 PM",Kudos,Activity,15006929153
"Jul 4, 2025, 10:20:08 PM",Kudos,Activity,15006789274
"Jul 4, 2025, 10:20:21 PM",Kudos,Activity,15008363955
"Jul 4, 2025, 10:20:27 PM",Kudos,Activity,15006096261
"Jul 4, 2025, 10:20:35 PM",Kudos,Activity,15005873277
"Jul 4, 2025, 10:20:58 PM",Kudos,Activity,15005741635
"Jul 4, 2025, 10:21:01 PM",Kudos,Activity,15005623059
"Jul 4, 2025, 10:21:12 PM",Kudos,Activity,15005421448
"Jul 4, 2025, 10:21:18 PM",Kudos,Activity,15005381935
"Jul 4, 2025, 10:21:33 PM",Kudos,Activity,15005290116
"Jul 4, 2025, 10:21:51 PM",Kudos,Activity,15005013188
"Jul 4, 2025, 10:21:55 PM",Kudos,Activity,15008352591
"Jul 5, 2025, 12:04:41 PM",Kudos,Activity,15013380139
"Jul 5, 2025, 12:04:52 PM",Kudos,Activity,15009471987
"Jul 5, 2025, 12:05:00 PM",Kudos,Activity,15009278568
"Jul 5, 2025, 5:26:56 PM",Kudos,Activity,15017123031
"Jul 5, 2025, 5:27:22 PM",Kudos,Activity,15017042195
"Jul 5, 2025, 5:27:25 PM",Kudos,Activity,15017036762
"Jul 5, 2025, 5:27:29 PM",Kudos,Activity,15016485112
"Jul 5, 2025, 5:27:38 PM",Kudos,Activity,15014707746
"Jul 5, 2025, 5:27:41 PM",Kudos,Activity,15016689547
"Jul 5, 2025, 5:27:50 PM",Kudos,Activity,15016363804
"Jul 5, 2025, 5:28:03 PM",Kudos,Activity,15016256410
"Jul 5, 2025, 5:28:06 PM",Kudos,Activity,15016127980
"Jul 5, 2025, 5:28:08 PM",Kudos,Activity,15015849657
"Jul 5, 2025, 5:28:11 PM",Kudos,Activity,15015831591
"Jul 5, 2025, 5:28:19 PM",Kudos,Activity,15015733031
"Jul 5, 2025, 5:28:21 PM",Kudos,Activity,15015619238
"Jul 5, 2025, 5:28:29 PM",Kudos,Activity,15015408497
"Jul 5, 2025, 5:28:45 PM",Kudos,Activity,15015022919
"Jul 5, 2025, 5:28:58 PM",Kudos,Activity,15014974024
"Jul 5, 2025, 5:29:00 PM",Kudos,Activity,15015095353
"Jul 5, 2025, 5:29:12 PM",Kudos,Activity,15014744273
"Jul 5, 2025, 5:29:14 PM",Kudos,Activity,15014724790
"Jul 5, 2025, 5:29:27 PM",Kudos,Activity,15014534450
"Jul 5, 2025, 5:29:29 PM",Kudos,Activity,15014567073
"Jul 5, 2025, 5:29:40 PM",Kudos,Activity,15014540326
"Jul 5, 2025, 5:29:47 PM",Kudos,Activity,15014600465
"Jul 5, 2025, 5:29:53 PM",Kudos,Activity,15014475899
"Jul 5, 2025, 5:29:58 PM",Kudos,Activity,15014807205
"Jul 5, 2025, 5:30:00 PM",Kudos,Activity,15014438163
"Jul 5, 2025, 5:30:03 PM",Kudos,Activity,15014413730
"Jul 5, 2025, 5:30:06 PM",Kudos,Activity,15016122211
"Jul 5, 2025, 5:30:11 PM",Kudos,Activity,15015132580
"Jul 5, 2025, 9:15:57 PM",Kudos,Activity,15018021152
"Jul 5, 2025, 10:13:43 PM",Kudos,Activity,15018947757
"Jul 5, 2025, 10:13:50 PM",Kudos,Activity,15018554838
"Jul 5, 2025, 10:13:59 PM",Kudos,Activity,15017949651
"Jul 5, 2025, 10:14:02 PM",Kudos,Activity,15017737791
"Jul 5, 2025, 10:14:10 PM",Kudos,Activity,15017730438
"Jul 5, 2025, 10:14:18 PM",Kudos,Activity,15017608502
"Jul 5, 2025, 10:14:21 PM",Kudos,Activity,15017607867
"Jul 6, 2025, 10:41:59 AM",Kudos,Activity,15020504754
"Jul 6, 2025, 10:42:02 AM",Kudos,Activity,15020349612
"Jul 6, 2025, 10:42:04 AM",Kudos,Activity,15019978975
"Jul 6, 2025, 10:42:17 AM",Kudos,Activity,15019846140
"Jul 6, 2025, 10:42:39 AM",Kudos,Activity,15019616812
"Jul 6, 2025, 10:42:44 AM",Kudos,Activity,15019375133
"Jul 6, 2025, 10:42:59 AM",Kudos,Activity,15019270542
"Jul 6, 2025, 2:13:37 PM",Kudos,Activity,15025799550
"Jul 6, 2025, 2:13:45 PM",Kudos,Activity,15025752897
"Jul 6, 2025, 2:13:51 PM",Kudos,Activity,15025497716
"Jul 6, 2025, 2:14:01 PM",Kudos,Activity,15025323815
"Jul 6, 2025, 2:14:15 PM",Kudos,Activity,15024832408
"Jul 6, 2025, 2:14:21 PM",Kudos,Activity,15024195607
"Jul 6, 2025, 2:24:19 PM",Kudos,Activity,15026012241
"Jul 6, 2025, 5:36:40 PM",Kudos,Post,38013324
"Jul 6, 2025, 6:57:34 PM",Kudos,Activity,15028672734
"Jul 7, 2025, 12:41:48 AM",Kudos,Activity,15030458784
"Jul 7, 2025, 12:41:54 AM",Kudos,Activity,15030033267
"Jul 7, 2025, 12:42:07 AM",Kudos,Activity,15030137893
"Jul 7, 2025, 12:42:10 AM",Kudos,Activity,15029798071
"Jul 7, 2025, 12:42:18 AM",Kudos,Activity,15029518068
"Jul 7, 2025, 12:42:24 AM",Kudos,Activity,15029518937
"Jul 7, 2025, 12:42:26 AM",Kudos,Activity,15029459393
"Jul 7, 2025, 12:42:29 AM",Kudos,Activity,15029142493
"Jul 7, 2025, 12:42:32 AM",Kudos,Activity,15028949781
"Jul 7, 2025, 12:42:38 AM",Kudos,Activity,15028961045
"Jul 7, 2025, 12:42:40 AM",Kudos,Activity,15028894779
"Jul 7, 2025, 12:42:51 AM",Kudos,Activity,15028079938
"Jul 7, 2025, 12:50:25 AM",Kudos,Activity,15030447309
"Jul 7, 2025, 1:28:26 AM",Kudos,Activity,15030815761
"Jul 7, 2025, 2:48:48 AM",Kudos,Activity,15031027337
"Jul 7, 2025, 2:49:04 AM",Kudos,Activity,15030980908
"Jul 7, 2025, 2:49:08 AM",Kudos,Activity,15030959322
"Jul 7, 2025, 2:49:13 AM",Kudos,Activity,15030959798
"Jul 7, 2025, 12:26:21 PM",Kudos,Activity,15034322959
"Jul 7, 2025, 12:47:35 PM",Kudos,Activity,15034449791
"Jul 7, 2025, 3:22:54 PM",Kudos,Activity,15035482791
"Jul 7, 2025, 3:22:56 PM",Kudos,Activity,15035078885
"Jul 7, 2025, 3:23:04 PM",Kudos,Activity,15034734139
"Jul 7, 2025, 3:23:14 PM",Kudos,Activity,15034670495
"Jul 7, 2025, 3:23:23 PM",Kudos,Activity,15034804953
"Jul 7, 2025, 3:23:29 PM",Kudos,Activity,15034561735
"Jul 7, 2025, 3:23:36 PM",Kudos,Activity,15034804958
"Jul 7, 2025, 5:17:27 PM",Kudos,Activity,15036879477
"Jul 7, 2025, 5:17:31 PM",Kudos,Activity,15036944456
"Jul 7, 2025, 5:17:32 PM",Kudos,Activity,15036944779
"Jul 7, 2025, 5:17:35 PM",Kudos,Activity,15036359408
"Jul 7, 2025, 5:17:37 PM",Kudos,Activity,15035989904
"Jul 7, 2025, 10:48:49 PM",Kudos,Activity,15039584573
"Jul 8, 2025, 2:59:45 AM",Kudos,Activity,15040518982
"Jul 8, 2025, 3:00:20 AM",Kudos,Activity,15040625648
"Jul 8, 2025, 3:01:06 AM",Kudos,Activity,15040566001
"Jul 8, 2025, 3:02:22 AM",Kudos,Activity,15040681560
"Jul 8, 2025, 3:02:45 AM",Kudos,Activity,15040764589
"Jul 8, 2025, 3:02:56 AM",Kudos,Activity,15026754250
"Jul 8, 2025, 3:03:06 AM",Kudos,Activity,15040562001
"Jul 8, 2025, 3:03:26 AM",Kudos,Activity,15041297216
"Jul 8, 2025, 3:03:30 AM",Kudos,Activity,15041268888
"Jul 8, 2025, 3:03:34 AM",Kudos,Post,38042842
"Jul 8, 2025, 3:03:36 AM",Kudos,Activity,15041119797
"Jul 8, 2025, 3:03:43 AM",Kudos,Activity,15041214735
"Jul 8, 2025, 3:03:50 AM",Kudos,Activity,15040920282
"Jul 8, 2025, 3:03:52 AM",Kudos,Activity,15040548461
"Jul 8, 2025, 3:03:54 AM",Kudos,Activity,15040835799
"Jul 8, 2025, 3:04:02 AM",Kudos,Activity,15040830506
"Jul 8, 2025, 3:04:05 AM",Kudos,Activity,15040706400
"Jul 8, 2025, 3:04:10 AM",Kudos,Activity,15040592672
"Jul 8, 2025, 3:04:14 AM",Kudos,Activity,15040855768
"Jul 8, 2025, 3:04:15 AM",Kudos,Activity,15040636449
"Jul 8, 2025, 3:04:19 AM",Kudos,Activity,15040562787
"Jul 8, 2025, 3:04:24 AM",Kudos,Activity,15040684321
"Jul 8, 2025, 3:04:26 AM",Kudos,Activity,15040750023
"Jul 8, 2025, 3:04:30 AM",Kudos,Activity,15040629538
"Jul 8, 2025, 3:04:33 AM",Kudos,Activity,15040787558
"Jul 8, 2025, 3:04:37 AM",Kudos,Activity,15040739054
"Jul 8, 2025, 3:04:52 AM",Kudos,Activity,15040629547
"Jul 8, 2025, 3:05:12 AM",Kudos,Activity,15040575059
"Jul 8, 2025, 3:05:21 AM",Kudos,Activity,15040550097
"Jul 8, 2025, 3:05:25 AM",Kudos,Activity,15040506830
"Jul 8, 2025, 3:05:28 AM",Kudos,Activity,15040435187
"Jul 8, 2025, 3:05:31 AM",Kudos,Activity,15040299771
"Jul 8, 2025, 3:05:35 AM",Kudos,Activity,15040382187
"Jul 8, 2025, 3:05:37 AM",Kudos,Activity,15040435254
"Jul 8, 2025, 3:05:39 AM",Kudos,Activity,15040550128
"Jul 8, 2025, 3:05:45 AM",Kudos,Activity,15040112914
"Jul 8, 2025, 3:05:48 AM",Kudos,Activity,15039991755
"Jul 8, 2025, 3:05:52 AM",Kudos,Activity,15040011236
"Jul 8, 2025, 10:35:27 AM",Kudos,Activity,15042078106
"Jul 8, 2025, 10:35:40 AM",Kudos,Activity,15041551560
"Jul 8, 2025, 11:38:46 AM",Kudos,Activity,15044427113
"Jul 8, 2025, 11:38:52 AM",Kudos,Activity,15044348143
"Jul 8, 2025, 11:38:55 AM",Kudos,Activity,15044288599
"Jul 8, 2025, 11:39:05 AM",Kudos,Activity,15044453344
"Jul 8, 2025, 12:10:09 PM",Kudos,Activity,15044971087
"Jul 8, 2025, 12:10:10 PM",Kudos,Activity,15044911547
"Jul 8, 2025, 12:10:18 PM",Kudos,Activity,15044893568
"Jul 8, 2025, 12:10:26 PM",Kudos,Activity,15044817598
"Jul 8, 2025, 12:56:49 PM",Kudos,Activity,15045291822
"Jul 8, 2025, 12:56:57 PM",Kudos,Activity,15045211936
"Jul 8, 2025, 12:57:07 PM",Kudos,Activity,15045177192
"Jul 8, 2025, 12:57:14 PM",Kudos,Activity,15045023905
"Jul 8, 2025, 1:02:42 PM",Kudos,Activity,15045556953
"Jul 8, 2025, 1:09:26 PM",Kudos,Activity,15045599823
"Jul 8, 2025, 1:44:08 PM",Kudos,Activity,15045915339
"Jul 8, 2025, 4:08:19 PM",Kudos,Post,38053029
"Jul 8, 2025, 4:08:27 PM",Kudos,Activity,15046892039
"Jul 8, 2025, 4:08:34 PM",Kudos,Activity,15046693441
"Jul 8, 2025, 4:08:40 PM",Kudos,Activity,15046368738
"Jul 8, 2025, 5:19:47 PM",Kudos,Activity,15047977620
"Jul 8, 2025, 6:28:35 PM",Kudos,Activity,15048941295
"Jul 8, 2025, 9:31:52 PM",Kudos,Activity,15049856406
"Jul 8, 2025, 9:31:58 PM",Kudos,Activity,15049576523
"Jul 8, 2025, 9:46:21 PM",Kudos,Activity,15049152099
"Jul 8, 2025, 10:07:53 PM",Kudos,Activity,15050845939
"Jul 9, 2025, 10:37:14 AM",Kudos,Activity,15052722057
"Jul 9, 2025, 10:37:18 AM",Kudos,Activity,15052702270
"Jul 9, 2025, 10:37:23 AM",Kudos,Activity,15052575840
"Jul 9, 2025, 10:37:26 AM",Kudos,Activity,15052469527
"Jul 9, 2025, 10:37:33 AM",Kudos,Post,38063571
"Jul 9, 2025, 10:37:38 AM",Kudos,Activity,15052418042
"Jul 9, 2025, 10:37:50 AM",Kudos,Activity,15052072995
"Jul 9, 2025, 10:37:53 AM",Kudos,Activity,15052053955
"Jul 9, 2025, 10:37:58 AM",Kudos,Activity,15051949053
"Jul 9, 2025, 10:38:07 AM",Kudos,Activity,15051988800
"Jul 9, 2025, 10:38:11 AM",Kudos,Activity,15051952707
"Jul 9, 2025, 10:38:14 AM",Kudos,Activity,15051713451
"Jul 9, 2025, 10:38:17 AM",Kudos,Activity,15051651404
"Jul 9, 2025, 10:38:29 AM",Kudos,Activity,15051621352
"Jul 9, 2025, 10:38:33 AM",Kudos,Activity,15051619940
"Jul 9, 2025, 10:38:51 AM",Kudos,Activity,15051629982
"Jul 9, 2025, 10:38:53 AM",Kudos,Activity,15051412189
"Jul 9, 2025, 10:38:58 AM",Kudos,Activity,15051393120
"Jul 9, 2025, 10:39:12 AM",Kudos,Activity,15051412224
"Jul 9, 2025, 11:57:21 AM",Kudos,Activity,15055832290
"Jul 9, 2025, 11:57:25 AM",Kudos,Activity,15055582249
"Jul 9, 2025, 11:57:27 AM",Kudos,Activity,15055582036
"Jul 9, 2025, 12:19:50 PM",Kudos,Activity,15056358272
"Jul 9, 2025, 12:44:23 PM",Kudos,Activity,15056665759
"Jul 9, 2025, 2:23:48 PM",Kudos,Activity,15057621836
"Jul 9, 2025, 2:23:53 PM",Kudos,Activity,15057497300
"Jul 9, 2025, 4:58:44 PM",Kudos,Activity,15058671930
"Jul 9, 2025, 8:18:31 PM",Kudos,Activity,15058098033
"Jul 9, 2025, 8:18:55 PM",Kudos,Activity,15058111293
"Jul 9, 2025, 8:19:16 PM",Kudos,Activity,15057871710
"Jul 9, 2025, 9:46:48 PM",Kudos,Activity,15062302929
"Jul 9, 2025, 9:46:58 PM",Kudos,Activity,15062204674
"Jul 9, 2025, 10:38:20 PM",Kudos,Activity,15062546321
"Jul 9, 2025, 10:38:28 PM",Kudos,Activity,15062410477
"Jul 9, 2025, 10:39:02 PM",Kudos,Activity,15062008872
"Jul 9, 2025, 10:53:22 PM",Kudos,Activity,15062718140
"Jul 10, 2025, 12:42:05 AM",Kudos,Activity,15063460796
"Jul 10, 2025, 12:42:05 AM",Kudos,Activity,15063461983
"Jul 10, 2025, 12:42:25 AM",Kudos,Activity,15063358164
"Jul 10, 2025, 12:42:51 AM",Kudos,Activity,15063434630
"Jul 10, 2025, 12:42:53 AM",Kudos,Activity,15063410058
"Jul 10, 2025, 12:42:55 AM",Kudos,Activity,15063425080
"Jul 10, 2025, 12:42:57 AM",Kudos,Activity,15063371525
"Jul 10, 2025, 12:43:05 AM",Kudos,Activity,15063348207
"Jul 10, 2025, 12:43:08 AM",Kudos,Activity,15063327685
"Jul 10, 2025, 12:43:11 AM",Kudos,Activity,15063247498
"Jul 10, 2025, 12:44:28 AM",Kudos,Activity,15063301585
"Jul 10, 2025, 12:44:33 AM",Kudos,Activity,15063277696
"Jul 10, 2025, 12:44:36 AM",Kudos,Activity,15063147718
"Jul 10, 2025, 12:44:39 AM",Kudos,Activity,15063096905
"Jul 10, 2025, 12:45:30 AM",Kudos,Activity,15063506791
"Jul 10, 2025, 12:53:08 AM",Kudos,Activity,15063524307
"Jul 10, 2025, 1:17:07 AM",Kudos,Activity,15063525862
"Jul 10, 2025, 1:17:12 AM",Kudos,Activity,15063546613
"Jul 10, 2025, 1:37:38 AM",Kudos,Activity,15063706194
"Jul 10, 2025, 2:01:26 AM",Kudos,Activity,15063888556
"Jul 10, 2025, 2:28:32 AM",Kudos,Activity,15063958280
"Jul 10, 2025, 10:30:29 AM",Kudos,Activity,15064346857
"Jul 10, 2025, 11:00:34 AM",Kudos,Activity,15066856092
"Jul 10, 2025, 12:17:18 PM",Kudos,Activity,15067616055
"Jul 10, 2025, 1:15:12 PM",Kudos,Activity,15068261634
"Jul 10, 2025, 1:15:39 PM",Kudos,Activity,15068245935
"Jul 10, 2025, 1:15:46 PM",Kudos,Activity,15068134050
"Jul 10, 2025, 2:30:19 PM",Kudos,Activity,15068828580
"Jul 10, 2025, 2:30:21 PM",Kudos,Activity,15068635748
"Jul 10, 2025, 2:32:22 PM",Kudos,Activity,15068546776
"Jul 10, 2025, 3:57:59 PM",Kudos,Activity,15069091039
"Jul 10, 2025, 3:59:14 PM",Kudos,Activity,15068987687
"Jul 10, 2025, 3:59:17 PM",Kudos,Activity,15069012575
"Jul 10, 2025, 5:31:33 PM",Kudos,Activity,15070476083
"Jul 10, 2025, 5:31:35 PM",Kudos,Post,38096779
"Jul 10, 2025, 5:31:45 PM",Kudos,Post,38096520
"Jul 10, 2025, 5:31:49 PM",Kudos,Activity,15069839279
"Jul 10, 2025, 6:19:27 PM",Kudos,Activity,15071178936
"Jul 10, 2025, 6:55:48 PM",Kudos,Activity,15071533008
"Jul 10, 2025, 7:17:25 PM",Kudos,Activity,15071867088
"Jul 10, 2025, 9:11:33 PM",Kudos,Activity,15072743924
"Jul 10, 2025, 9:11:38 PM",Kudos,Activity,15072210245
"Jul 10, 2025, 9:52:27 PM",Kudos,Activity,15072857468
"Jul 10, 2025, 10:09:22 PM",Kudos,Activity,15073058771
"Jul 10, 2025, 10:09:35 PM",Kudos,Activity,15073122460
"Jul 10, 2025, 10:09:37 PM",Kudos,Activity,15073015977
"Jul 10, 2025, 10:27:04 PM",Kudos,Activity,15073270537
"Jul 10, 2025, 11:11:27 PM",Kudos,Activity,15073559003
"Jul 11, 2025, 12:47:12 AM",Kudos,Activity,15074058157
"Jul 11, 2025, 12:47:13 AM",Kudos,Activity,15074053621
"Jul 11, 2025, 12:47:22 AM",Kudos,Activity,15074084191
"Jul 11, 2025, 12:47:23 AM",Kudos,Activity,15074091315
"Jul 11, 2025, 12:47:55 AM",Kudos,Activity,15073889275
"Jul 11, 2025, 12:48:05 AM",Kudos,Activity,15073639774
"Jul 11, 2025, 12:48:07 AM",Kudos,Activity,15073628175
"Jul 11, 2025, 12:48:09 AM",Kudos,Activity,15073601747
"Jul 11, 2025, 12:51:39 AM",Kudos,Activity,15074266905
"Jul 11, 2025, 12:58:41 AM",Kudos,Activity,15074305532
"Jul 11, 2025, 1:02:49 AM",Kudos,Activity,15074325080
"Jul 11, 2025, 1:15:15 AM",Kudos,Activity,15074402658
"Jul 11, 2025, 1:17:53 AM",Kudos,Activity,15073336592
"Jul 11, 2025, 1:34:29 AM",Kudos,Activity,15074492758
"Jul 11, 2025, 1:40:04 AM",Kudos,Post,38104828
"Jul 11, 2025, 9:45:19 AM",Kudos,Activity,15075069767
"Jul 11, 2025, 10:03:52 AM",Kudos,Activity,15074865104
"Jul 11, 2025, 11:31:32 AM",Kudos,Activity,15077855408
"Jul 11, 2025, 12:06:47 PM",Kudos,Activity,15077791890
"Jul 11, 2025, 12:06:49 PM",Kudos,Activity,15077990271
"Jul 11, 2025, 12:07:04 PM",Kudos,Activity,15077725378
"Jul 11, 2025, 12:07:36 PM",Kudos,Activity,15077780017
"Jul 11, 2025, 12:11:34 PM",Kudos,Activity,15078292232
"Jul 11, 2025, 12:27:29 PM",Kudos,Activity,15078437170
"Jul 11, 2025, 12:27:52 PM",Kudos,Activity,15078405972
"Jul 11, 2025, 12:28:04 PM",Kudos,Activity,15078424734
"Jul 11, 2025, 12:37:51 PM",Kudos,Activity,15078470796
"Jul 11, 2025, 12:52:39 PM",Kudos,Activity,15078581034
"Jul 11, 2025, 1:21:33 PM",Kudos,Activity,15078441368
"Jul 11, 2025, 1:46:25 PM",Kudos,Activity,15079092161
"Jul 11, 2025, 2:46:50 PM",Kudos,Activity,15079524055
"Jul 11, 2025, 2:46:52 PM",Kudos,Activity,15079482311
"Jul 11, 2025, 3:42:11 PM",Kudos,Activity,15080014241
"Jul 11, 2025, 3:42:36 PM",Kudos,Activity,15079987102
"Jul 11, 2025, 3:42:37 PM",Kudos,Activity,15079948567
"Jul 11, 2025, 4:13:52 PM",Kudos,Activity,15080456804
"Jul 11, 2025, 5:25:07 PM",Kudos,Activity,15081083163
"Jul 11, 2025, 5:37:03 PM",Kudos,Activity,15080615203
"Jul 11, 2025, 6:50:21 PM",Kudos,Activity,15081712214
"Jul 11, 2025, 7:52:29 PM",Kudos,Activity,15081925018
"Jul 11, 2025, 7:52:36 PM",Kudos,Activity,15081925045
"Jul 11, 2025, 7:52:49 PM",Kudos,Activity,15081684044
"Jul 11, 2025, 7:52:52 PM",Kudos,Activity,15081670483
"Jul 11, 2025, 8:12:40 PM",Kudos,Activity,15082345632
"Jul 11, 2025, 9:17:38 PM",Kudos,Activity,15082563885
"Jul 11, 2025, 9:31:27 PM",Kudos,Activity,15082791580
"Jul 12, 2025, 12:12:35 AM",Kudos,Activity,15083627363
"Jul 12, 2025, 12:12:40 AM",Kudos,Activity,15083456437
"Jul 12, 2025, 12:12:48 AM",Kudos,Activity,15083327883
"Jul 12, 2025, 12:13:00 AM",Kudos,Activity,15083329784
"Jul 12, 2025, 12:13:06 AM",Kudos,Activity,15082940623
"Jul 12, 2025, 12:13:07 AM",Kudos,Activity,15083327833
"Jul 12, 2025, 1:47:58 AM",Kudos,Activity,15084227094
"Jul 12, 2025, 3:10:23 AM",Kudos,Activity,15084676155
"Jul 12, 2025, 11:38:56 AM",Kudos,Activity,15087618656
"Jul 12, 2025, 11:39:02 AM",Kudos,Activity,15078407581
"Jul 12, 2025, 12:17:21 PM",Kudos,Activity,15088666369
"Jul 12, 2025, 12:17:27 PM",Kudos,Activity,15088626914
"Jul 12, 2025, 12:17:32 PM",Kudos,Activity,15088685145
"Jul 12, 2025, 2:13:16 PM",Kudos,Activity,15089826997
"Jul 12, 2025, 2:13:24 PM",Kudos,Activity,15089727639
"Jul 12, 2025, 2:21:52 PM",Kudos,Activity,15089320507
"Jul 12, 2025, 2:21:53 PM",Kudos,Activity,15089125607
"Jul 12, 2025, 2:21:55 PM",Kudos,Activity,15089436556
"Jul 12, 2025, 2:21:59 PM",Kudos,Activity,15089695291
"Jul 12, 2025, 2:22:02 PM",Kudos,Activity,15089013073
"Jul 12, 2025, 2:22:03 PM",Kudos,Activity,15089713093
"Jul 12, 2025, 2:22:06 PM",Kudos,Activity,15089932183
"Jul 12, 2025, 2:22:09 PM",Kudos,Activity,15089660992
"Jul 12, 2025, 2:22:13 PM",Kudos,Activity,15089524691
"Jul 12, 2025, 2:22:23 PM",Kudos,Activity,15089454059
"Jul 12, 2025, 2:22:27 PM",Kudos,Activity,15089370145
"Jul 12, 2025, 2:22:29 PM",Kudos,Activity,15089315444
"Jul 12, 2025, 2:22:32 PM",Kudos,Activity,15089236989
"Jul 12, 2025, 2:22:34 PM",Kudos,Activity,15089169641
"Jul 12, 2025, 2:23:12 PM",Kudos,Activity,15089429304
"Jul 12, 2025, 2:23:13 PM",Kudos,Activity,15088984102
"Jul 12, 2025, 2:23:22 PM",Kudos,Activity,15088926231
"Jul 12, 2025, 2:23:25 PM",Kudos,Activity,15089322743
"Jul 12, 2025, 2:23:30 PM",Kudos,Activity,15088949155
"Jul 12, 2025, 2:23:34 PM",Kudos,Activity,15089134985
"Jul 12, 2025, 2:26:10 PM",Kudos,Activity,15090074894
"Jul 12, 2025, 2:27:05 PM",Kudos,Activity,15090102383
"Jul 12, 2025, 2:36:13 PM",Kudos,Activity,15090097942
"Jul 12, 2025, 2:51:04 PM",Kudos,Activity,15090384972
"Jul 12, 2025, 3:46:47 PM",Kudos,Activity,15090754265
"Jul 12, 2025, 3:46:52 PM",Kudos,Activity,15090771468
"Jul 12, 2025, 3:46:58 PM",Kudos,Activity,15090531525
"Jul 12, 2025, 4:12:59 PM",Kudos,Activity,15091236669
"Jul 12, 2025, 4:13:03 PM",Kudos,Activity,15091138714
"Jul 12, 2025, 4:13:05 PM",Kudos,Activity,15091062891
"Jul 12, 2025, 4:16:30 PM",Kudos,Activity,15091288228
"Jul 12, 2025, 4:43:27 PM",Kudos,Activity,15091423640
"Jul 12, 2025, 8:08:33 PM",Kudos,Activity,15093213968
"Jul 12, 2025, 8:08:41 PM",Kudos,Activity,15092007664
"Jul 12, 2025, 9:01:27 PM",Kudos,Activity,15093494747
"Jul 12, 2025, 9:01:31 PM",Kudos,Activity,15093446515
"Jul 12, 2025, 9:01:37 PM",Kudos,Activity,15093448683
"Jul 12, 2025, 10:29:19 PM",Kudos,Activity,15093938135
"Jul 13, 2025, 1:13:45 AM",Kudos,Activity,15094991243
"Jul 13, 2025, 1:50:47 AM",Kudos,Activity,15095083382
"Jul 13, 2025, 1:51:44 AM",Kudos,Activity,15094945213
"Jul 13, 2025, 2:26:53 PM",Kudos,Activity,15100525612
"Jul 13, 2025, 2:26:59 PM",Kudos,Activity,15100165344
"Jul 13, 2025, 2:27:09 PM",Kudos,Activity,15100123077
"Jul 13, 2025, 3:24:18 PM",Kudos,Activity,15101896820
"Jul 13, 2025, 3:24:20 PM",Kudos,Activity,15101818060
"Jul 13, 2025, 3:24:27 PM",Kudos,Activity,15101517783
"Jul 13, 2025, 3:24:39 PM",Kudos,Activity,15101376800
"Jul 13, 2025, 3:33:05 PM",Kudos,Activity,15102037128
"Jul 13, 2025, 3:45:35 PM",Kudos,Activity,15102153693
"Jul 13, 2025, 4:48:30 PM",Kudos,Activity,15102237476
"Jul 13, 2025, 4:48:37 PM",Kudos,Activity,15102632677
"Jul 13, 2025, 4:54:07 PM",Kudos,Activity,15102906026
"Jul 13, 2025, 5:42:04 PM",Kudos,Activity,15103369604
"Jul 13, 2025, 5:42:07 PM",Kudos,Activity,15103021943
"Jul 13, 2025, 8:19:58 PM",Kudos,Activity,15104617970
"Jul 13, 2025, 8:20:27 PM",Kudos,Activity,15104313235
"Jul 13, 2025, 8:20:36 PM",Kudos,Activity,15104318695
"Jul 13, 2025, 8:20:48 PM",Kudos,Post,38166123
"Jul 13, 2025, 8:23:01 PM",Kudos,Activity,15104113245
"Jul 13, 2025, 8:23:06 PM",Kudos,Activity,15104156814
"Jul 13, 2025, 8:23:11 PM",Kudos,Activity,15103736441
"Jul 13, 2025, 8:23:13 PM",Kudos,Activity,15104319688
"Jul 13, 2025, 8:23:17 PM",Kudos,Activity,15104556241
"Jul 13, 2025, 8:23:29 PM",Kudos,Activity,15103532838
"Jul 13, 2025, 9:44:04 PM",Kudos,Activity,15105184976
"Jul 13, 2025, 9:44:05 PM",Kudos,Activity,15105121293
"Jul 13, 2025, 9:44:08 PM",Kudos,Activity,15105112780
"Jul 13, 2025, 9:44:26 PM",Kudos,Activity,15105017304
"Jul 13, 2025, 9:44:28 PM",Kudos,Activity,15104880782
"Jul 13, 2025, 11:03:53 PM",Kudos,Activity,15105428370
"Jul 14, 2025, 1:31:20 AM",Kudos,Activity,15105735342
"Jul 14, 2025, 1:31:20 AM",Kudos,Activity,15106211816
"Jul 14, 2025, 1:31:34 AM",Kudos,Activity,15105914043
"Jul 14, 2025, 2:15:03 AM",Kudos,Activity,15105914168
"Jul 14, 2025, 12:23:07 PM",Kudos,Activity,15110025364
"Jul 14, 2025, 12:23:11 PM",Kudos,Activity,15109809002
"Jul 14, 2025, 12:23:13 PM",Kudos,Activity,15109833323
"Jul 14, 2025, 12:23:24 PM",Kudos,Activity,15109724330
"Jul 14, 2025, 12:23:30 PM",Kudos,Activity,15109664821
"Jul 14, 2025, 12:23:31 PM",Kudos,Activity,15109629506
"Jul 14, 2025, 12:25:37 PM",Kudos,Activity,15109428517
"Jul 14, 2025, 12:25:46 PM",Kudos,Activity,15109368993
"Jul 14, 2025, 12:25:51 PM",Kudos,Activity,15106503166
"Jul 14, 2025, 12:38:55 PM",Kudos,Activity,15110188553
"Jul 14, 2025, 12:59:21 PM",Kudos,Activity,15110370244
"Jul 14, 2025, 1:00:47 PM",Kudos,Activity,15110297380
"Jul 14, 2025, 1:29:23 PM",Kudos,Activity,15110598687
"Jul 14, 2025, 1:52:00 PM",Kudos,Activity,15110751024
"Jul 14, 2025, 1:52:02 PM",Kudos,Activity,15110587350
"Jul 14, 2025, 1:52:23 PM",Kudos,Activity,15110627262
"Jul 14, 2025, 2:27:00 PM",Kudos,Activity,15111138978
"Jul 14, 2025, 2:30:30 PM",Kudos,Activity,15104685094
"Jul 14, 2025, 3:30:26 PM",Kudos,Activity,15111676298
"Jul 14, 2025, 7:14:32 PM",Kudos,Activity,15110257079
"Jul 14, 2025, 9:32:34 PM",Kudos,Activity,15114913899
"Jul 14, 2025, 11:04:27 PM",Kudos,Activity,15115857971
"Jul 14, 2025, 11:04:29 PM",Kudos,Activity,15115858791
"Jul 15, 2025, 12:49:16 AM",Kudos,Activity,15116459594
"Jul 15, 2025, 1:09:55 AM",Kudos,Activity,15116658934
"Jul 15, 2025, 1:09:56 AM",Kudos,Activity,15116745257
"Jul 15, 2025, 1:10:02 AM",Kudos,Activity,15116697387
"Jul 15, 2025, 1:10:10 AM",Kudos,Activity,15116683782
"Jul 15, 2025, 1:10:44 AM",Kudos,Activity,15116558043
"Jul 15, 2025, 1:10:46 AM",Kudos,Activity,15116529058
"Jul 15, 2025, 1:10:47 AM",Kudos,Activity,15116573077
"Jul 15, 2025, 1:10:49 AM",Kudos,Activity,15116615375
"Jul 15, 2025, 1:10:51 AM",Kudos,Activity,15116487380
"Jul 15, 2025, 1:11:12 AM",Kudos,Activity,15116456443
"Jul 15, 2025, 1:11:14 AM",Kudos,Activity,15116440336
"Jul 15, 2025, 1:11:19 AM",Kudos,Activity,15116379011
"Jul 15, 2025, 1:11:25 AM",Kudos,Activity,15116363533
"Jul 15, 2025, 1:11:32 AM",Kudos,Activity,15116359647
"Jul 15, 2025, 1:11:34 AM",Kudos,Activity,15116331080
"Jul 15, 2025, 1:11:41 AM",Kudos,Activity,15116329929
"Jul 15, 2025, 1:11:43 AM",Kudos,Activity,15116322348
"Jul 15, 2025, 1:11:57 AM",Kudos,Activity,15116314615
"Jul 15, 2025, 1:12:21 AM",Kudos,Activity,15115924543
"Jul 15, 2025, 1:12:23 AM",Kudos,Activity,15115966153
"Jul 15, 2025, 1:12:45 AM",Kudos,Activity,15116759524
"Jul 15, 2025, 1:48:41 AM",Kudos,Activity,15116907375
"Jul 15, 2025, 1:48:45 AM",Kudos,Activity,15116837107
"Jul 15, 2025, 1:48:47 AM",Kudos,Activity,15116837059
"Jul 15, 2025, 1:48:49 AM",Kudos,Activity,15116835034
"Jul 15, 2025, 2:08:05 AM",Kudos,Activity,15117070994
"Jul 15, 2025, 2:08:10 AM",Kudos,Activity,15117070538
"Jul 15, 2025, 2:19:28 AM",Kudos,Activity,15117122983
"Jul 15, 2025, 2:42:17 AM",Kudos,Post,38193792
"Jul 15, 2025, 10:49:13 AM",Kudos,Activity,15120036903
"Jul 15, 2025, 11:09:26 AM",Kudos,Activity,15120340813
"Jul 15, 2025, 11:20:27 AM",Kudos,Activity,15120400501
"Jul 15, 2025, 11:28:17 AM",Kudos,Activity,15120506344
"Jul 15, 2025, 11:28:33 AM",Kudos,Activity,15120506338
"Jul 15, 2025, 11:40:17 AM",Kudos,Activity,15120614343
"Jul 15, 2025, 11:47:55 AM",Kudos,Activity,15120701708
"Jul 15, 2025, 11:50:36 AM",Kudos,Activity,15120796042
"Jul 15, 2025, 12:05:44 PM",Kudos,Activity,15120956539
"Jul 15, 2025, 12:32:08 PM",Kudos,Activity,15121193415
"Jul 15, 2025, 1:08:34 PM",Kudos,Activity,15121548297
"Jul 15, 2025, 1:08:37 PM",Kudos,Activity,15121541349
"Jul 15, 2025, 1:08:39 PM",Kudos,Activity,15121539259
"Jul 15, 2025, 1:33:24 PM",Kudos,Activity,15121858284
"Jul 15, 2025, 1:33:29 PM",Kudos,Activity,15121823247
"Jul 15, 2025, 2:18:01 PM",Kudos,Activity,15122269462
"Jul 15, 2025, 2:28:38 PM",Kudos,Activity,15122346459
"Jul 15, 2025, 3:32:43 PM",Kudos,Activity,15123004587
"Jul 15, 2025, 6:09:12 PM",Kudos,Activity,15124595324
"Jul 15, 2025, 6:09:26 PM",Kudos,Activity,15124612216
"Jul 15, 2025, 6:09:42 PM",Kudos,Activity,15124120350
"Jul 15, 2025, 6:10:01 PM",Kudos,Activity,15123135887
"Jul 15, 2025, 7:30:50 PM",Kudos,Activity,15124850025
"Jul 15, 2025, 10:49:09 PM",Kudos,Activity,15127232141
"Jul 15, 2025, 10:49:14 PM",Kudos,Activity,15127022389
"Jul 16, 2025, 2:16:58 AM",Kudos,Activity,15128688289
"Jul 16, 2025, 2:16:59 AM",Kudos,Activity,15128615864
"Jul 16, 2025, 2:17:01 AM",Kudos,Activity,15128687161
"Jul 16, 2025, 2:17:04 AM",Kudos,Activity,15128695632
"Jul 16, 2025, 2:17:20 AM",Kudos,Activity,15128162419
"Jul 16, 2025, 2:17:33 AM",Kudos,Activity,15128091819
"Jul 16, 2025, 2:17:35 AM",Kudos,Activity,15128188740
"Jul 16, 2025, 2:17:38 AM",Kudos,Activity,15128086961
"Jul 16, 2025, 2:17:50 AM",Kudos,Activity,15127996227
"Jul 16, 2025, 2:17:51 AM",Kudos,Activity,15128020303
"Jul 16, 2025, 2:17:57 AM",Kudos,Activity,15127775465
"Jul 16, 2025, 2:18:03 AM",Kudos,Activity,15127559567
"Jul 16, 2025, 2:18:11 AM",Kudos,Activity,15127554132
"Jul 16, 2025, 2:18:24 AM",Kudos,Activity,15127417724
"Jul 16, 2025, 2:18:30 AM",Kudos,Activity,15127491018
"Jul 16, 2025, 2:18:33 AM",Kudos,Activity,15127363331
"Jul 16, 2025, 2:18:35 AM",Kudos,Activity,15127585676
"Jul 16, 2025, 2:55:32 AM",Kudos,Activity,15128878705
"Jul 16, 2025, 12:49:02 PM",Kudos,Activity,15132564037
"Jul 16, 2025, 12:49:12 PM",Kudos,Activity,15132499120
"Jul 16, 2025, 12:49:18 PM",Kudos,Activity,15132486340
"Jul 16, 2025, 12:49:22 PM",Kudos,Activity,15132396852
"Jul 16, 2025, 12:49:24 PM",Kudos,Activity,15132385825
"Jul 16, 2025, 12:50:05 PM",Kudos,Activity,15131975376
"Jul 16, 2025, 12:50:08 PM",Kudos,Activity,15131884920
"Jul 16, 2025, 12:50:24 PM",Kudos,Activity,15131794325
"Jul 16, 2025, 12:50:50 PM",Kudos,Activity,15132780625
"Jul 16, 2025, 1:21:58 PM",Kudos,Activity,15133215318
"Jul 16, 2025, 1:52:02 PM",Kudos,Activity,15133477245
"Jul 16, 2025, 1:52:12 PM",Kudos,Activity,15133420790
"Jul 16, 2025, 3:03:43 PM",Kudos,Activity,15133930705
"Jul 16, 2025, 5:59:28 PM",Kudos,Activity,15135678103
"Jul 16, 2025, 5:59:29 PM",Kudos,Activity,15135543193
"Jul 16, 2025, 5:59:37 PM",Kudos,Activity,15134875734
"Jul 16, 2025, 6:02:35 PM",Kudos,Activity,15136106218
"Jul 16, 2025, 6:24:32 PM",Kudos,Activity,15136295409
"Jul 16, 2025, 7:07:06 PM",Kudos,Post,38230634
"Jul 16, 2025, 7:27:17 PM",Kudos,Activity,15137071333
"Jul 16, 2025, 7:33:50 PM",Kudos,Activity,15137099911
"Jul 16, 2025, 9:14:51 PM",Kudos,Activity,15137891115
"Jul 16, 2025, 9:39:05 PM",Kudos,Activity,15138030006
"Jul 16, 2025, 10:17:56 PM",Kudos,Activity,15138277881
"Jul 16, 2025, 10:45:09 PM",Kudos,Activity,15138463566
"Jul 16, 2025, 11:41:48 PM",Kudos,Activity,15138711086
"Jul 16, 2025, 11:41:51 PM",Kudos,Activity,15138691417
"Jul 17, 2025, 1:05:02 AM",Kudos,Activity,15139386790
"Jul 17, 2025, 1:05:20 AM",Kudos,Activity,15139249260
"Jul 17, 2025, 1:05:25 AM",Kudos,Activity,15139327559
"Jul 17, 2025, 1:05:33 AM",Kudos,Activity,15139189426
"Jul 17, 2025, 1:05:52 AM",Kudos,Activity,15139158913
"Jul 17, 2025, 1:07:12 AM",Kudos,Activity,15139084219
"Jul 17, 2025, 1:07:28 AM",Kudos,Activity,15139032027
"Jul 17, 2025, 1:07:32 AM",Kudos,Activity,15138981824
"Jul 17, 2025, 1:07:40 AM",Kudos,Activity,15138937732
"Jul 17, 2025, 1:07:42 AM",Kudos,Activity,15139091772
"Jul 17, 2025, 1:14:31 AM",Kudos,Activity,15139527522
"Jul 17, 2025, 1:46:12 AM",Kudos,Activity,15139668814
"Jul 17, 2025, 1:46:14 AM",Kudos,Activity,15139537553
"Jul 17, 2025, 1:46:20 AM",Kudos,Activity,15139574332
"Jul 17, 2025, 1:51:39 AM",Kudos,Activity,15139727277
"Jul 17, 2025, 2:08:00 AM",Kudos,Activity,15139796631
"Jul 17, 2025, 10:41:57 AM",Kudos,Activity,15142652733
"Jul 17, 2025, 11:01:44 AM",Kudos,Activity,15142758394
"Jul 17, 2025, 11:01:49 AM",Kudos,Activity,15142779258
"Jul 17, 2025, 11:20:03 AM",Kudos,Activity,15143008732
"Jul 17, 2025, 11:24:56 AM",Kudos,Activity,15143095787
"Jul 17, 2025, 11:25:02 AM",Kudos,Activity,15143083484
"Jul 17, 2025, 11:51:22 AM",Kudos,Activity,15143301835
"Jul 17, 2025, 12:28:12 PM",Kudos,Activity,15139466001
"Jul 17, 2025, 12:28:35 PM",Kudos,Activity,15143540326
"Jul 17, 2025, 12:28:38 PM",Kudos,Activity,15143494440
"Jul 17, 2025, 12:28:39 PM",Kudos,Activity,15143437132
"Jul 17, 2025, 12:28:41 PM",Kudos,Activity,15143484978
"Jul 17, 2025, 1:25:11 PM",Kudos,Activity,15144205671
"Jul 17, 2025, 1:25:48 PM",Kudos,Activity,15144294655
"Jul 17, 2025, 1:25:55 PM",Kudos,Activity,15144275438
"Jul 17, 2025, 1:25:58 PM",Kudos,Activity,15144249189
"Jul 17, 2025, 1:34:49 PM",Kudos,Activity,15144345808
"Jul 17, 2025, 1:41:38 PM",Kudos,Activity,15144434850
"Jul 17, 2025, 1:52:50 PM",Kudos,Activity,15143663633
"Jul 17, 2025, 2:04:55 PM",Kudos,Activity,15144558892
"Jul 17, 2025, 2:08:22 PM",Kudos,Activity,15144302298
"Jul 17, 2025, 2:30:32 PM",Kudos,Activity,15144861215
"Jul 17, 2025, 3:06:48 PM",Kudos,Activity,15144994971
"Jul 17, 2025, 3:08:24 PM",Kudos,Activity,15145226245
"Jul 17, 2025, 4:22:18 PM",Kudos,Activity,15145796632
"Jul 17, 2025, 4:22:20 PM",Kudos,Activity,15145796640
"Jul 17, 2025, 5:10:38 PM",Kudos,Post,38248895
"Jul 17, 2025, 9:43:12 PM",Kudos,Activity,15148749062
"Jul 17, 2025, 9:43:20 PM",Kudos,Activity,15148734846
"Jul 17, 2025, 10:06:39 PM",Kudos,Activity,15148992573
"Jul 17, 2025, 10:06:42 PM",Kudos,Activity,15148901356
"Jul 17, 2025, 10:46:42 PM",Kudos,Activity,15149180622
"Jul 17, 2025, 11:13:08 PM",Kudos,Activity,15149463223
"Jul 17, 2025, 11:13:11 PM",Kudos,Activity,15149172230
"Jul 18, 2025, 12:20:40 AM",Kudos,Activity,15149936567
"Jul 18, 2025, 2:02:49 AM",Kudos,Activity,15150503150
"Jul 18, 2025, 2:02:51 AM",Kudos,Activity,15150490461
"Jul 18, 2025, 2:02:52 AM",Kudos,Activity,15150499724
"Jul 18, 2025, 2:02:55 AM",Kudos,Activity,15150438852
"Jul 18, 2025, 2:02:59 AM",Kudos,Activity,15150215523
"Jul 18, 2025, 2:03:01 AM",Kudos,Activity,15150218771
"Jul 18, 2025, 2:03:03 AM",Kudos,Activity,15149984040
"Jul 18, 2025, 2:03:06 AM",Kudos,Activity,15149954506
"Jul 18, 2025, 2:03:40 AM",Kudos,Activity,15149945913
"Jul 18, 2025, 2:04:20 AM",Kudos,Activity,15149747067
"Jul 18, 2025, 2:04:28 AM",Kudos,Activity,15149689810
"Jul 18, 2025, 2:04:31 AM",Kudos,Activity,15149841623
"Jul 18, 2025, 2:04:35 AM",Kudos,Activity,15149633987
"Jul 18, 2025, 2:21:07 AM",Kudos,Activity,15150554424
"Jul 18, 2025, 2:24:36 AM",Kudos,Activity,15150423003
"Jul 18, 2025, 2:24:37 AM",Kudos,Activity,15149966832
"Jul 18, 2025, 2:48:31 AM",Kudos,Activity,15150717519
"Jul 18, 2025, 9:38:56 AM",Kudos,Activity,15150829278
"Jul 18, 2025, 11:48:52 AM",Kudos,Activity,15153853651
"Jul 18, 2025, 11:48:54 AM",Kudos,Activity,15153670560
"Jul 18, 2025, 11:48:58 AM",Kudos,Activity,15153639854
"Jul 18, 2025, 11:49:01 AM",Kudos,Activity,15153572478
"Jul 18, 2025, 11:49:06 AM",Kudos,Activity,15153680927
"Jul 18, 2025, 11:49:18 AM",Kudos,Activity,15153583207
"Jul 18, 2025, 11:49:19 AM",Kudos,Activity,15153558830
"Jul 18, 2025, 11:49:20 AM",Kudos,Activity,15153699774
"Jul 18, 2025, 11:49:22 AM",Kudos,Activity,15153853622
"Jul 18, 2025, 11:49:24 AM",Kudos,Activity,15153797993
"Jul 18, 2025, 11:49:25 AM",Kudos,Activity,15153800318
"Jul 18, 2025, 11:58:33 AM",Kudos,Activity,15154003410
"Jul 18, 2025, 12:11:53 PM",Kudos,Activity,15154210656
"Jul 18, 2025, 12:11:55 PM",Kudos,Activity,15154176363
"Jul 18, 2025, 12:20:14 PM",Kudos,Activity,15154279736
"Jul 18, 2025, 12:54:46 PM",Kudos,Activity,15154423575
"Jul 18, 2025, 12:54:47 PM",Kudos,Activity,15154483667
"Jul 18, 2025, 12:54:51 PM",Kudos,Activity,15154422293
"Jul 18, 2025, 1:27:16 PM",Kudos,Activity,15154859788
"Jul 18, 2025, 1:27:52 PM",Kudos,Activity,15153967320
"Jul 18, 2025, 1:27:54 PM",Kudos,Activity,15153991352
"Jul 18, 2025, 1:34:42 PM",Kudos,Activity,15154948283
"Jul 18, 2025, 1:34:44 PM",Kudos,Activity,15154958023
"Jul 18, 2025, 1:34:50 PM",Kudos,Activity,15154924485
"Jul 18, 2025, 1:48:21 PM",Kudos,Activity,15155058162
"Jul 18, 2025, 1:59:50 PM",Kudos,Activity,15155183460
"Jul 18, 2025, 2:36:49 PM",Kudos,Activity,15155489787
"Jul 18, 2025, 3:08:59 PM",Kudos,Activity,15155852705
"Jul 18, 2025, 3:20:29 PM",Kudos,Activity,15155947155
"Jul 18, 2025, 7:00:12 PM",Kudos,Activity,15157422139
"Jul 18, 2025, 7:00:46 PM",Kudos,Activity,15157230997
"Jul 18, 2025, 7:00:48 PM",Kudos,Activity,15157493140
"Jul 18, 2025, 7:18:36 PM",Kudos,Activity,15157994699
"Jul 18, 2025, 9:21:33 PM",Kudos,Activity,15158819693
"Jul 18, 2025, 10:15:15 PM",Kudos,Activity,15159180166
"Jul 18, 2025, 10:15:19 PM",Kudos,Activity,15159138671
"Jul 18, 2025, 10:43:58 PM",Kudos,Activity,15159372144
"Jul 18, 2025, 11:39:07 PM",Kudos,Activity,15159721807
"Jul 19, 2025, 12:44:37 AM",Kudos,Activity,15160081586
"Jul 19, 2025, 12:44:58 AM",Kudos,Activity,15159792427
"Jul 19, 2025, 12:45:11 AM",Kudos,Activity,15159758322
"Jul 19, 2025, 1:01:23 AM",Kudos,Activity,15160266098
"Jul 19, 2025, 2:44:21 AM",Kudos,Activity,15160732481
"Jul 19, 2025, 10:57:57 AM",Kudos,Activity,15163620931
"Jul 19, 2025, 10:58:15 AM",Kudos,Activity,15161162472
"Jul 19, 2025, 10:58:35 AM",Kudos,Activity,15160908209
"Jul 19, 2025, 11:07:12 AM",Kudos,Activity,15164073478
"Jul 19, 2025, 12:07:04 PM",Kudos,Activity,15164703574
"Jul 19, 2025, 3:36:49 PM",Kudos,Activity,15166371080
"Jul 19, 2025, 3:39:51 PM",Kudos,Activity,15167045740
"Jul 19, 2025, 3:58:40 PM",Kudos,Activity,15167226530
"Jul 19, 2025, 4:04:28 PM",Kudos,Activity,15167002969
"Jul 19, 2025, 4:04:31 PM",Kudos,Activity,15166829914
"Jul 19, 2025, 4:04:33 PM",Kudos,Activity,15166925455
"Jul 19, 2025, 4:04:58 PM",Kudos,Activity,15166326541
"Jul 19, 2025, 4:05:07 PM",Kudos,Activity,15166366683
"Jul 19, 2025, 4:05:27 PM",Kudos,Activity,15166297989
"Jul 19, 2025, 4:05:29 PM",Kudos,Activity,15166220147
"Jul 19, 2025, 4:05:36 PM",Kudos,Activity,15166097189
"Jul 19, 2025, 4:05:41 PM",Kudos,Activity,15166104320
"Jul 19, 2025, 4:05:47 PM",Kudos,Activity,15165990250
"Jul 19, 2025, 4:05:50 PM",Kudos,Activity,15166109212
"Jul 19, 2025, 4:05:56 PM",Kudos,Activity,15166002956
"Jul 19, 2025, 4:07:09 PM",Kudos,Activity,15166183235
"Jul 19, 2025, 4:07:11 PM",Kudos,Activity,15165923782
"Jul 19, 2025, 4:07:16 PM",Kudos,Activity,15165935503
"Jul 19, 2025, 4:07:25 PM",Kudos,Activity,15165765090
"Jul 19, 2025, 4:07:35 PM",Kudos,Activity,15165643781
"Jul 19, 2025, 4:07:41 PM",Kudos,Activity,15165525275
"Jul 19, 2025, 4:07:48 PM",Kudos,Activity,15166403129
"Jul 19, 2025, 4:07:53 PM",Kudos,Activity,15165493174
"Jul 19, 2025, 4:07:56 PM",Kudos,Activity,15165468945
"Jul 19, 2025, 4:08:02 PM",Kudos,Activity,15165695401
"Jul 19, 2025, 4:08:05 PM",Kudos,Activity,15165386596
"Jul 19, 2025, 4:08:10 PM",Kudos,Activity,15165238323
"Jul 19, 2025, 4:08:22 PM",Kudos,Activity,15164834354
"Jul 19, 2025, 4:08:28 PM",Kudos,Activity,15165060054
"Jul 19, 2025, 4:08:55 PM",Kudos,Activity,15165935464
"Jul 19, 2025, 4:33:16 PM",Kudos,Activity,15166870858
"Jul 19, 2025, 4:46:51 PM",Kudos,Activity,15167762339
"Jul 19, 2025, 4:46:52 PM",Kudos,Activity,15167747238
"Jul 19, 2025, 4:46:54 PM",Kudos,Activity,15167741063
"Jul 19, 2025, 5:21:52 PM",Kudos,Activity,15168050243
"Jul 19, 2025, 5:21:54 PM",Kudos,Activity,15168010606
"Jul 19, 2025, 5:33:23 PM",Kudos,Activity,15168177100
"Jul 19, 2025, 5:43:42 PM",Kudos,Activity,15168302172
"Jul 19, 2025, 5:43:58 PM",Kudos,Activity,15168181460
"Jul 19, 2025, 6:22:55 PM",Kudos,Activity,15168644239
"Jul 19, 2025, 6:22:59 PM",Kudos,Activity,15168657749
"Jul 19, 2025, 6:23:09 PM",Kudos,Activity,15168497303
"Jul 19, 2025, 7:02:09 PM",Kudos,Activity,15168941861
"Jul 19, 2025, 7:02:14 PM",Kudos,Activity,15168927073
"Jul 19, 2025, 7:02:15 PM",Kudos,Activity,15168868618
"Jul 19, 2025, 7:46:39 PM",Kudos,Activity,15169263645
"Jul 19, 2025, 7:46:40 PM",Kudos,Activity,15169203698
"Jul 19, 2025, 9:37:38 PM",Kudos,Activity,15169485946
"Jul 19, 2025, 10:24:40 PM",Kudos,Activity,15168969026
"Jul 19, 2025, 11:06:09 PM",Kudos,Activity,15170335857
"Jul 20, 2025, 12:17:45 AM",Kudos,Activity,15170698384
"Jul 20, 2025, 12:46:27 AM",Kudos,Activity,15171037446
"Jul 20, 2025, 12:46:29 AM",Kudos,Activity,15171025848
"Jul 20, 2025, 1:56:49 AM",Kudos,Activity,15171220481
"Jul 20, 2025, 2:37:33 AM",Kudos,Activity,15171585559
"Jul 20, 2025, 1:02:55 PM",Kudos,Activity,15176366675
"Jul 20, 2025, 1:02:56 PM",Kudos,Activity,15176392407
"Jul 20, 2025, 1:14:20 PM",Kudos,Activity,15175650009
"Jul 20, 2025, 2:20:13 PM",Kudos,Activity,15177245690
"Jul 20, 2025, 2:20:19 PM",Kudos,Activity,15177043110
"Jul 20, 2025, 2:20:26 PM",Kudos,Activity,15176976160
"Jul 20, 2025, 2:31:22 PM",Kudos,Activity,15177369763
"Jul 20, 2025, 2:47:19 PM",Kudos,Activity,15177544444
"Jul 20, 2025, 3:37:26 PM",Kudos,Activity,15177936985
"Jul 20, 2025, 3:37:29 PM",Kudos,Activity,15178027458
"Jul 20, 2025, 3:37:34 PM",Kudos,Activity,15177809326
"Jul 20, 2025, 3:37:41 PM",Kudos,Activity,15177771828
"Jul 20, 2025, 3:37:44 PM",Kudos,Activity,15178068769
"Jul 20, 2025, 3:37:48 PM",Kudos,Activity,15177818266
"Jul 20, 2025, 3:37:51 PM",Kudos,Activity,15178069241
"Jul 20, 2025, 3:37:54 PM",Kudos,Activity,15177703785
"Jul 20, 2025, 4:44:59 PM",Kudos,Activity,15178298852
"Jul 20, 2025, 4:45:14 PM",Kudos,Activity,15178341950
"Jul 20, 2025, 4:45:18 PM",Kudos,Activity,15178388292
"Jul 20, 2025, 5:22:11 PM",Kudos,Activity,15179175267
"Jul 20, 2025, 5:22:18 PM",Kudos,Activity,15179007835
"Jul 20, 2025, 5:22:24 PM",Kudos,Activity,15178501887
"Jul 20, 2025, 6:06:52 PM",Kudos,Activity,15179694234
"Jul 20, 2025, 6:47:50 PM",Kudos,Activity,15179953676
"Jul 20, 2025, 6:47:51 PM",Kudos,Activity,15179951131
"Jul 20, 2025, 10:30:58 PM",Kudos,Activity,15181574425
"Jul 20, 2025, 10:31:03 PM",Kudos,Activity,15181434231
"Jul 20, 2025, 10:31:09 PM",Kudos,Activity,15181446718
"Jul 20, 2025, 10:31:11 PM",Kudos,Activity,15181187076
"Jul 20, 2025, 10:31:23 PM",Kudos,Activity,15180844928
"Jul 20, 2025, 10:31:25 PM",Kudos,Activity,15180985779
"Jul 20, 2025, 10:31:44 PM",Kudos,Post,38318256
"Jul 20, 2025, 10:32:19 PM",Kudos,Activity,15180016571
"Jul 20, 2025, 11:26:52 PM",Kudos,Activity,15181765665
"Jul 20, 2025, 11:26:53 PM",Kudos,Activity,15181616363
"Jul 20, 2025, 11:27:12 PM",Kudos,Activity,15181729089
"Jul 20, 2025, 11:40:15 PM",Kudos,Activity,15181895467
"Jul 21, 2025, 12:43:46 AM",Kudos,Activity,15182076921
"Jul 21, 2025, 2:55:29 AM",Kudos,Activity,15182649089
"Jul 21, 2025, 10:59:16 AM",Kudos,Activity,15185243997
"Jul 21, 2025, 11:20:51 AM",Kudos,Activity,15185439915
"Jul 21, 2025, 11:40:26 AM",Kudos,Activity,15185681766
"Jul 21, 2025, 11:40:28 AM",Kudos,Activity,15185588751
"Jul 21, 2025, 11:40:32 AM",Kudos,Activity,15185515846
"Jul 21, 2025, 12:30:11 PM",Kudos,Activity,15186142270
"Jul 21, 2025, 12:30:14 PM",Kudos,Activity,15186139709
"Jul 21, 2025, 12:30:19 PM",Kudos,Activity,15186119406
"Jul 21, 2025, 12:30:32 PM",Kudos,Activity,15185703398
"Jul 21, 2025, 12:30:48 PM",Kudos,Activity,15182348649
"Jul 21, 2025, 12:31:03 PM",Kudos,Activity,15182348514
"Jul 21, 2025, 12:47:48 PM",Kudos,Post,38331537
"Jul 21, 2025, 1:01:06 PM",Kudos,Activity,15186440970
"Jul 21, 2025, 1:01:11 PM",Kudos,Activity,15186135069
"Jul 21, 2025, 1:06:41 PM",Kudos,Activity,15186481215
"Jul 21, 2025, 1:06:51 PM",Kudos,Activity,15186454638
"Jul 21, 2025, 1:18:23 PM",Kudos,Activity,15186574947
"Jul 21, 2025, 1:18:26 PM",Kudos,Activity,15186554168
"Jul 21, 2025, 1:18:30 PM",Kudos,Activity,15186596011
"Jul 21, 2025, 1:18:31 PM",Kudos,Activity,15186595958
"Jul 21, 2025, 2:24:23 PM",Kudos,Activity,15187058803
"Jul 21, 2025, 2:27:41 PM",Kudos,Activity,15186811983
"Jul 21, 2025, 2:57:07 PM",Kudos,Activity,15187361625
"Jul 21, 2025, 3:55:38 PM",Kudos,Activity,15187716308
"Jul 21, 2025, 4:20:39 PM",Kudos,Activity,15188158384
"Jul 21, 2025, 4:33:27 PM",Kudos,Post,38335925
"Jul 21, 2025, 6:47:36 PM",Kudos,Activity,15189465749
"Jul 21, 2025, 6:47:44 PM",Kudos,Activity,15189293285
"Jul 21, 2025, 6:47:52 PM",Kudos,Activity,15189256573
"Jul 21, 2025, 8:59:14 PM",Kudos,Activity,15190960296
"Jul 21, 2025, 9:21:18 PM",Kudos,Activity,15191106905
"Jul 21, 2025, 9:33:17 PM",Kudos,Activity,15191175350
"Jul 21, 2025, 11:07:20 PM",Kudos,Activity,15191513195
"Jul 21, 2025, 11:07:31 PM",Kudos,Activity,15191444324
"Jul 21, 2025, 11:07:35 PM",Kudos,Activity,15191242705
"Jul 21, 2025, 11:07:38 PM",Kudos,Activity,15191290243
"Jul 21, 2025, 11:07:41 PM",Kudos,Activity,15191625261
"Jul 21, 2025, 11:39:38 PM",Kudos,Activity,15192061482
"Jul 22, 2025, 12:08:56 AM",Kudos,Activity,15192382140
"Jul 22, 2025, 1:18:57 AM",Kudos,Activity,15192835842
"Jul 22, 2025, 1:19:07 AM",Kudos,Activity,15192854189
"Jul 22, 2025, 1:19:10 AM",Kudos,Activity,15192673184
"Jul 22, 2025, 1:19:14 AM",Kudos,Activity,15192711240
"Jul 22, 2025, 1:19:20 AM",Kudos,Activity,15192594288
"Jul 22, 2025, 1:19:27 AM",Kudos,Activity,15192620361
"Jul 22, 2025, 1:19:30 AM",Kudos,Activity,15192656516
"Jul 22, 2025, 1:19:36 AM",Kudos,Activity,15192566404
"Jul 22, 2025, 1:19:43 AM",Kudos,Activity,15192527742
"Jul 22, 2025, 1:20:11 AM",Kudos,Activity,15192509630
"Jul 22, 2025, 1:20:25 AM",Kudos,Activity,15192486849
"Jul 22, 2025, 1:20:28 AM",Kudos,Activity,15192461134
"Jul 22, 2025, 1:20:35 AM",Kudos,Activity,15192452073
"Jul 22, 2025, 1:20:40 AM",Kudos,Activity,15192473863
"Jul 22, 2025, 1:20:42 AM",Kudos,Activity,15192668913
"Jul 22, 2025, 1:20:45 AM",Kudos,Activity,15192409859
"Jul 22, 2025, 1:21:04 AM",Kudos,Activity,15192528584
"Jul 22, 2025, 1:21:08 AM",Kudos,Activity,15192383540
"Jul 22, 2025, 1:21:23 AM",Kudos,Activity,15192291733
"Jul 22, 2025, 2:19:17 AM",Kudos,Activity,15193172332
"Jul 22, 2025, 2:19:24 AM",Kudos,Activity,15192950856
"Jul 22, 2025, 11:05:46 AM",Kudos,Activity,15196200331
"Jul 22, 2025, 11:05:48 AM",Kudos,Post,38345424
"Jul 22, 2025, 11:23:03 AM",Kudos,Activity,15196520054
"Jul 22, 2025, 11:23:12 AM",Kudos,Activity,15196553669
"Jul 22, 2025, 11:59:01 AM",Kudos,Activity,15196925234
"Jul 22, 2025, 11:59:07 AM",Kudos,Activity,15196895184
"Jul 22, 2025, 11:59:11 AM",Kudos,Activity,15196899961
"Jul 22, 2025, 11:59:13 AM",Kudos,Activity,15196918019
"Jul 22, 2025, 11:59:17 AM",Kudos,Activity,15196899945
"Jul 22, 2025, 11:59:28 AM",Kudos,Activity,15196998246
"Jul 22, 2025, 12:28:28 PM",Kudos,Activity,15197216505
"Jul 22, 2025, 12:28:30 PM",Kudos,Activity,15197227067
"Jul 22, 2025, 12:41:56 PM",Kudos,Activity,15197444493
"Jul 22, 2025, 12:41:58 PM",Kudos,Activity,15197360647
"Jul 22, 2025, 12:50:27 PM",Kudos,Activity,15197511173
"Jul 22, 2025, 12:50:33 PM",Kudos,Activity,15197470060
"Jul 22, 2025, 1:12:17 PM",Kudos,Activity,15197690321
"Jul 22, 2025, 1:30:14 PM",Kudos,Activity,15197931050
"Jul 22, 2025, 1:30:17 PM",Kudos,Activity,15197830374
"Jul 22, 2025, 2:32:21 PM",Kudos,Activity,15198459373
"Jul 22, 2025, 2:32:23 PM",Kudos,Activity,15198368694
"Jul 22, 2025, 2:32:25 PM",Kudos,Activity,15198019768
"Jul 22, 2025, 2:32:28 PM",Kudos,Activity,15197963297
"Jul 22, 2025, 3:49:17 PM",Kudos,Activity,15199130995
"Jul 22, 2025, 3:49:22 PM",Kudos,Activity,15199042019
"Jul 22, 2025, 4:09:41 PM",Kudos,Activity,15199475770
"Jul 22, 2025, 5:34:56 PM",Kudos,Post,38357949
"Jul 22, 2025, 9:08:30 PM",Kudos,Activity,15202576411
"Jul 22, 2025, 9:08:34 PM",Kudos,Activity,15202749086
"Jul 22, 2025, 9:19:24 PM",Kudos,Activity,15202878747
"Jul 22, 2025, 10:32:14 PM",Kudos,Activity,15203357810
"Jul 22, 2025, 10:32:16 PM",Kudos,Activity,15203319417
"Jul 22, 2025, 10:32:19 PM",Kudos,Activity,15203269500
"Jul 23, 2025, 1:55:35 AM",Kudos,Activity,15204810084
"Jul 23, 2025, 1:55:46 AM",Kudos,Activity,15204704710
"Jul 23, 2025, 1:55:51 AM",Kudos,Activity,15204626694
"Jul 23, 2025, 1:55:54 AM",Kudos,Activity,15204646636
"Jul 23, 2025, 1:56:06 AM",Kudos,Activity,15204544819
"Jul 23, 2025, 1:56:11 AM",Kudos,Activity,15204609737
"Jul 23, 2025, 1:56:16 AM",Kudos,Activity,15204654402
"Jul 23, 2025, 1:56:18 AM",Kudos,Activity,15204323375
"Jul 23, 2025, 1:56:19 AM",Kudos,Activity,15204435179
"Jul 23, 2025, 1:56:21 AM",Kudos,Activity,15204438671
"Jul 23, 2025, 1:56:51 AM",Kudos,Activity,15204355082
"Jul 23, 2025, 1:57:03 AM",Kudos,Activity,15204251816
"Jul 23, 2025, 1:57:15 AM",Kudos,Activity,15204333828
"Jul 23, 2025, 1:59:58 AM",Kudos,Activity,15204324064
"Jul 23, 2025, 2:00:12 AM",Kudos,Activity,15204245769
"Jul 23, 2025, 2:00:15 AM",Kudos,Activity,15204024084
"Jul 23, 2025, 2:00:24 AM",Kudos,Activity,15203934206
"Jul 23, 2025, 2:00:30 AM",Kudos,Activity,15203765179
"Jul 23, 2025, 2:00:36 AM",Kudos,Activity,15204108621
"Jul 23, 2025, 2:00:44 AM",Kudos,Activity,15203682895
"Jul 23, 2025, 2:00:47 AM",Kudos,Activity,15203760916
"Jul 23, 2025, 2:32:58 AM",Kudos,Activity,15205069790
"Jul 23, 2025, 10:38:42 AM",Kudos,Activity,15204297098
"Jul 23, 2025, 10:38:51 AM",Kudos,Activity,15205271355
"Jul 23, 2025, 11:02:46 AM",Kudos,Activity,15208125201
"Jul 23, 2025, 11:02:55 AM",Kudos,Activity,15208013916
"Jul 23, 2025, 11:03:14 AM",Kudos,Activity,15207985016
"Jul 23, 2025, 11:34:43 AM",Kudos,Activity,15208441629
"Jul 23, 2025, 11:35:13 AM",Kudos,Activity,15208391732
"Jul 23, 2025, 11:35:52 AM",Kudos,Activity,15208350494
"Jul 23, 2025, 11:36:21 AM",Kudos,Activity,15208550535
"Jul 23, 2025, 11:39:58 AM",Kudos,Activity,15208576204
"Jul 23, 2025, 12:24:09 PM",Kudos,Activity,15208950764
"Jul 23, 2025, 12:24:22 PM",Kudos,Activity,15208939699
"Jul 23, 2025, 12:24:28 PM",Kudos,Activity,15208915881
"Jul 23, 2025, 12:24:39 PM",Kudos,Activity,15208866180
"Jul 23, 2025, 12:39:04 PM",Kudos,Activity,15209202898
"Jul 23, 2025, 12:39:08 PM",Kudos,Activity,15209170161
"Jul 23, 2025, 12:39:12 PM",Kudos,Activity,15209163648
"Jul 23, 2025, 1:08:08 PM",Kudos,Activity,15209481859
"Jul 23, 2025, 1:08:16 PM",Kudos,Activity,15209239396
"Jul 23, 2025, 1:49:56 PM",Kudos,Activity,15209736831
"Jul 23, 2025, 1:49:58 PM",Kudos,Activity,15209812242
"Jul 23, 2025, 1:59:21 PM",Kudos,Activity,15209986475
"Jul 23, 2025, 2:01:08 PM",Kudos,Activity,15210055856
"Jul 23, 2025, 2:07:06 PM",Kudos,Activity,15210111873
"Jul 23, 2025, 3:32:05 PM",Kudos,Activity,15210832561
"Jul 23, 2025, 3:32:08 PM",Kudos,Activity,15210875432
"Jul 23, 2025, 4:44:27 PM",Kudos,Activity,15211167358
"Jul 23, 2025, 5:24:28 PM",Kudos,Activity,15211801509
"Jul 23, 2025, 6:35:20 PM",Kudos,Activity,15212826575
"Jul 23, 2025, 6:35:24 PM",Kudos,Activity,15212418718
"Jul 23, 2025, 6:47:29 PM",Kudos,Activity,15213140681
"Jul 23, 2025, 7:01:10 PM",Kudos,Activity,15213100386
"Jul 23, 2025, 8:36:00 PM",Kudos,Activity,15213959694
"Jul 23, 2025, 10:45:47 PM",Kudos,Post,38385088
"Jul 23, 2025, 11:21:00 PM",Kudos,Activity,15215132759
"Jul 23, 2025, 11:21:02 PM",Kudos,Activity,15215079286
"Jul 23, 2025, 11:21:28 PM",Kudos,Activity,15215152093
"Jul 24, 2025, 12:43:08 AM",Kudos,Activity,15215871982
"Jul 24, 2025, 12:43:10 AM",Kudos,Activity,15215724034
"Jul 24, 2025, 12:43:11 AM",Kudos,Activity,15215723381
"Jul 24, 2025, 12:43:13 AM",Kudos,Activity,15215827101
"Jul 24, 2025, 12:43:17 AM",Kudos,Activity,15215750979
"Jul 24, 2025, 1:00:08 AM",Kudos,Activity,15216009450
"Jul 24, 2025, 1:00:15 AM",Kudos,Activity,15215722426
"Jul 24, 2025, 1:21:02 AM",Kudos,Activity,15216123079
"Jul 24, 2025, 1:21:10 AM",Kudos,Activity,15216043038
"Jul 24, 2025, 1:37:10 AM",Kudos,Activity,15216220780
"Jul 24, 2025, 1:48:36 AM",Kudos,Activity,15216271818
"Jul 24, 2025, 1:49:42 AM",Kudos,Activity,15215722466
"Jul 24, 2025, 1:49:57 AM",Kudos,Activity,15215666707
"Jul 24, 2025, 1:50:03 AM",Kudos,Activity,15215587164
"Jul 24, 2025, 1:50:10 AM",Kudos,Activity,15215674000
"Jul 24, 2025, 1:50:16 AM",Kudos,Activity,15215525865
"Jul 24, 2025, 1:50:24 AM",Kudos,Activity,15215509468
"Jul 24, 2025, 1:50:26 AM",Kudos,Activity,15215537316
"Jul 24, 2025, 2:10:09 AM",Kudos,Activity,15216401498
"Jul 24, 2025, 2:40:21 AM",Kudos,Activity,15215769113
"Jul 24, 2025, 10:27:33 AM",Kudos,Activity,15217637822
"Jul 24, 2025, 10:27:35 AM",Kudos,Activity,15216665395
"Jul 24, 2025, 11:06:18 AM",Kudos,Activity,15219495825
"Jul 24, 2025, 11:06:20 AM",Kudos,Activity,15219489890
"Jul 24, 2025, 11:17:24 AM",Kudos,Activity,15219612715
"Jul 24, 2025, 11:22:44 AM",Kudos,Activity,15219673548
"Jul 24, 2025, 11:23:08 AM",Kudos,Activity,15219688652
"Jul 24, 2025, 11:59:01 AM",Kudos,Activity,15220025547
"Jul 24, 2025, 11:59:05 AM",Kudos,Activity,15219991455
"Jul 24, 2025, 12:24:42 PM",Kudos,Activity,15220256938
"Jul 24, 2025, 12:24:45 PM",Kudos,Activity,15220193716
"Jul 24, 2025, 12:26:35 PM",Kudos,Activity,15220359523
"Jul 24, 2025, 12:26:38 PM",Kudos,Activity,15220349978
"Jul 24, 2025, 12:26:51 PM",Kudos,Activity,15220348902
"Jul 24, 2025, 1:31:43 PM",Kudos,Activity,15220990186
"Jul 24, 2025, 1:31:44 PM",Kudos,Activity,15220890574
"Jul 24, 2025, 1:31:47 PM",Kudos,Activity,15220860765
"Jul 24, 2025, 1:50:28 PM",Kudos,Activity,15221092556
"Jul 24, 2025, 1:50:33 PM",Kudos,Activity,15221074146
"Jul 24, 2025, 2:26:15 PM",Kudos,Activity,15221386309
"Jul 24, 2025, 2:26:19 PM",Kudos,Activity,15221332262
"Jul 24, 2025, 2:26:22 PM",Kudos,Activity,15221185255
"Jul 24, 2025, 3:11:42 PM",Kudos,Activity,15221868898
"Jul 24, 2025, 3:11:45 PM",Kudos,Activity,15221819992
"Jul 24, 2025, 3:11:48 PM",Kudos,Activity,15221791028
"Jul 24, 2025, 4:27:51 PM",Kudos,Post,38398941
"Jul 24, 2025, 5:39:08 PM",Kudos,Activity,15222535756
"Jul 24, 2025, 6:48:21 PM",Kudos,Activity,15224068282
"Jul 24, 2025, 6:48:24 PM",Kudos,Activity,15224068303
"Jul 24, 2025, 6:48:30 PM",Kudos,Activity,15222672156
"Jul 24, 2025, 6:57:54 PM",Kudos,Activity,15224216307
"Jul 24, 2025, 6:57:59 PM",Kudos,Activity,15224215701
"Jul 24, 2025, 7:12:44 PM",Kudos,Activity,15224386601
"Jul 24, 2025, 7:56:16 PM",Kudos,Activity,15224717357
"Jul 24, 2025, 8:28:36 PM",Kudos,Activity,15224992393
"Jul 24, 2025, 8:28:39 PM",Kudos,Activity,15224822923
"Jul 24, 2025, 8:28:47 PM",Kudos,Activity,15225033464
"Jul 24, 2025, 8:45:08 PM",Kudos,Activity,15225157144
"Jul 24, 2025, 9:23:47 PM",Kudos,Activity,15225351086
"Jul 24, 2025, 10:09:25 PM",Kudos,Post,38404423
"Jul 24, 2025, 11:55:18 PM",Kudos,Activity,15226366594
"Jul 24, 2025, 11:55:20 PM",Kudos,Activity,15226089153
"Jul 24, 2025, 11:55:23 PM",Kudos,Activity,15226061542
"Jul 25, 2025, 12:34:19 AM",Kudos,Activity,15226649134
"Jul 25, 2025, 12:34:22 AM",Kudos,Activity,15226458588
"Jul 25, 2025, 12:34:26 AM",Kudos,Activity,15226442031
"Jul 25, 2025, 1:55:57 AM",Kudos,Activity,15227104025
"Jul 25, 2025, 2:50:05 AM",Kudos,Activity,15227264804
"Jul 25, 2025, 3:00:22 AM",Kudos,Activity,15226958206
"Jul 25, 2025, 3:00:37 AM",Kudos,Activity,15226888983
"Jul 25, 2025, 3:00:46 AM",Kudos,Activity,15226888825
"Jul 25, 2025, 3:00:51 AM",Kudos,Activity,15226892688
"Jul 25, 2025, 3:00:55 AM",Kudos,Activity,15226818688
"Jul 25, 2025, 3:01:00 AM",Kudos,Activity,15226686827
"Jul 25, 2025, 3:01:07 AM",Kudos,Activity,15226685829
"Jul 25, 2025, 3:01:28 AM",Kudos,Activity,15226725901
"Jul 25, 2025, 12:04:43 PM",Kudos,Activity,15230743904
"Jul 25, 2025, 12:04:47 PM",Kudos,Activity,15230628625
"Jul 25, 2025, 12:04:55 PM",Kudos,Activity,15230628818
"Jul 25, 2025, 12:05:07 PM",Kudos,Activity,15230633029
"Jul 25, 2025, 12:05:10 PM",Kudos,Activity,15230502791
"Jul 25, 2025, 12:05:12 PM",Kudos,Activity,15230197281
"Jul 25, 2025, 12:05:14 PM",Kudos,Activity,15230197378
"Jul 25, 2025, 12:05:23 PM",Kudos,Activity,15230218668
"Jul 25, 2025, 12:05:27 PM",Kudos,Activity,15227661155
"Jul 25, 2025, 12:34:51 PM",Kudos,Activity,15231018275
"Jul 25, 2025, 12:34:57 PM",Kudos,Activity,15231012062
"Jul 25, 2025, 12:35:00 PM",Kudos,Activity,15231005800
"Jul 25, 2025, 12:35:07 PM",Kudos,Activity,15230930754
"Jul 25, 2025, 12:35:09 PM",Kudos,Activity,15230919283
"Jul 25, 2025, 12:35:12 PM",Kudos,Activity,15230904840
"Jul 25, 2025, 12:35:15 PM",Kudos,Activity,15230897313
"Jul 25, 2025, 12:36:56 PM",Kudos,Activity,15231057923
"Jul 25, 2025, 1:16:47 PM",Kudos,Activity,15231316510
"Jul 25, 2025, 1:17:11 PM",Kudos,Activity,15231114539
"Jul 25, 2025, 1:17:38 PM",Kudos,Activity,15231085801
"Jul 25, 2025, 1:17:41 PM",Kudos,Activity,15231108842
"Jul 25, 2025, 1:26:50 PM",Kudos,Activity,15230855513
"Jul 25, 2025, 1:27:20 PM",Kudos,Activity,15231030103
"Jul 25, 2025, 4:32:15 PM",Kudos,Activity,15231611904
"Jul 25, 2025, 4:33:35 PM",Kudos,Activity,15232665224
"Jul 25, 2025, 4:33:38 PM",Kudos,Activity,15231875008
"Jul 25, 2025, 4:44:56 PM",Kudos,Activity,15232953412
"Jul 25, 2025, 4:45:01 PM",Kudos,Activity,15232749167
"Jul 25, 2025, 4:45:06 PM",Kudos,Activity,15232719774
"Jul 25, 2025, 6:50:19 PM",Kudos,Activity,15234273092
"Jul 25, 2025, 9:58:33 PM",Kudos,Activity,15235589983
"Jul 25, 2025, 9:58:41 PM",Kudos,Activity,15235477647
"Jul 25, 2025, 9:58:45 PM",Kudos,Activity,15235364768
"Jul 25, 2025, 9:58:47 PM",Kudos,Activity,15235367607
"Jul 25, 2025, 9:58:51 PM",Kudos,Activity,15235333140
"Jul 26, 2025, 12:42:44 AM",Kudos,Activity,15236573004
"Jul 26, 2025, 12:42:51 AM",Kudos,Activity,15236250844
"Jul 26, 2025, 12:49:11 AM",Kudos,Activity,15236198483
"Jul 26, 2025, 12:49:12 AM",Kudos,Activity,15236197163
"Jul 26, 2025, 12:49:23 AM",Kudos,Activity,15236378500
"Jul 26, 2025, 12:19:27 PM",Kudos,Activity,15241196636
"Jul 26, 2025, 12:19:29 PM",Kudos,Activity,15241135263
"Jul 26, 2025, 12:19:43 PM",Kudos,Activity,15240849022
"Jul 26, 2025, 12:19:52 PM",Kudos,Activity,15237966819
"Jul 26, 2025, 12:26:01 PM",Kudos,Activity,15241364243
"Jul 26, 2025, 7:27:42 PM",Kudos,Activity,15245625614
"Jul 26, 2025, 7:27:45 PM",Kudos,Activity,15245191566
"Jul 26, 2025, 7:27:46 PM",Kudos,Activity,15245457887
"Jul 26, 2025, 7:27:51 PM",Kudos,Activity,15245284352
"Jul 26, 2025, 7:27:53 PM",Kudos,Activity,15244984533
"Jul 26, 2025, 7:28:13 PM",Kudos,Activity,15244596244
"Jul 26, 2025, 7:28:17 PM",Kudos,Activity,15244466278
"Jul 26, 2025, 7:28:20 PM",Kudos,Activity,15244211561
"Jul 26, 2025, 7:28:28 PM",Kudos,Activity,15244334334
"Jul 26, 2025, 7:28:33 PM",Kudos,Activity,15244191187
"Jul 26, 2025, 7:28:37 PM",Kudos,Activity,15244118322
"Jul 26, 2025, 7:28:43 PM",Kudos,Activity,15243875604
"Jul 26, 2025, 7:29:16 PM",Kudos,Activity,15243466369
"Jul 26, 2025, 7:29:21 PM",Kudos,Activity,15243258393
"Jul 26, 2025, 7:29:41 PM",Kudos,Activity,15243277191
"Jul 26, 2025, 7:29:47 PM",Kudos,Activity,15243163663
"Jul 26, 2025, 7:29:55 PM",Kudos,Activity,15242989987
"Jul 26, 2025, 7:29:58 PM",Kudos,Activity,15242766017
"Jul 26, 2025, 7:30:10 PM",Kudos,Activity,15242771231
"Jul 26, 2025, 7:30:24 PM",Kudos,Activity,15243649480
"Jul 26, 2025, 7:30:34 PM",Kudos,Activity,15242609202
"Jul 26, 2025, 7:30:43 PM",Kudos,Activity,15242437368
"Jul 26, 2025, 7:30:46 PM",Kudos,Activity,15242292818
"Jul 26, 2025, 7:30:54 PM",Kudos,Activity,15242734132
"Jul 26, 2025, 7:31:11 PM",Kudos,Activity,15242541208
"Jul 26, 2025, 7:31:17 PM",Kudos,Activity,15242664660
"Jul 26, 2025, 7:31:34 PM",Kudos,Activity,15242177402
"Jul 26, 2025, 7:31:38 PM",Kudos,Activity,15242278427
"Jul 26, 2025, 7:31:51 PM",Kudos,Activity,15242083336
"Jul 26, 2025, 7:32:02 PM",Kudos,Activity,15242445177
"Jul 26, 2025, 7:32:05 PM",Kudos,Activity,15242664810
"Jul 26, 2025, 7:32:08 PM",Kudos,Activity,15242138445
"Jul 26, 2025, 7:32:14 PM",Kudos,Activity,15242179611
"Jul 26, 2025, 7:32:39 PM",Kudos,Activity,15241678107
"Jul 26, 2025, 7:32:44 PM",Kudos,Activity,15242648633
"Jul 26, 2025, 7:32:55 PM",Kudos,Activity,15242419475
"Jul 26, 2025, 7:33:03 PM",Kudos,Activity,15241772390
"Jul 26, 2025, 7:33:07 PM",Kudos,Activity,15241655788
"Jul 26, 2025, 10:14:34 PM",Kudos,Activity,15246418863
"Jul 26, 2025, 10:14:39 PM",Kudos,Activity,15246330269
"Jul 26, 2025, 10:14:52 PM",Kudos,Activity,15245946340
"Jul 26, 2025, 10:15:01 PM",Kudos,Activity,15246155960
"Jul 27, 2025, 3:40:17 AM",Kudos,Activity,15247595970
"Jul 27, 2025, 5:07:51 PM",Kudos,Activity,15255677003
"Jul 27, 2025, 5:07:54 PM",Kudos,Activity,15255502903
"Jul 27, 2025, 5:07:57 PM",Kudos,Post,38463790
"Jul 27, 2025, 5:14:42 PM",Kudos,Activity,15254951779
"Jul 27, 2025, 5:14:45 PM",Kudos,Activity,15254950358
"Jul 27, 2025, 5:14:48 PM",Kudos,Activity,15254683990
"Jul 27, 2025, 5:14:54 PM",Kudos,Activity,15254955835
"Jul 27, 2025, 5:14:57 PM",Kudos,Activity,15253973935
"Jul 27, 2025, 5:15:00 PM",Kudos,Activity,15253804005
"Jul 27, 2025, 5:15:05 PM",Kudos,Activity,15253789756
"Jul 27, 2025, 5:15:10 PM",Kudos,Activity,15253632433
"Jul 27, 2025, 5:15:23 PM",Kudos,Activity,15253616111
"Jul 27, 2025, 5:15:25 PM",Kudos,Activity,15253521347
"Jul 27, 2025, 5:15:29 PM",Kudos,Activity,15253471398
"Jul 27, 2025, 5:15:36 PM",Kudos,Activity,15253138479
"Jul 27, 2025, 5:15:38 PM",Kudos,Activity,15253085129
"Jul 27, 2025, 5:15:44 PM",Kudos,Activity,15253764993
"Jul 27, 2025, 5:15:49 PM",Kudos,Activity,15253780390
"Jul 27, 2025, 5:15:52 PM",Kudos,Activity,15252473125
"Jul 27, 2025, 5:15:56 PM",Kudos,Activity,15252375848
"Jul 27, 2025, 5:16:00 PM",Kudos,Activity,15252183950
"Jul 27, 2025, 6:02:28 PM",Kudos,Activity,15256173512
"Jul 27, 2025, 6:08:06 PM",Kudos,Activity,15256327384
"Jul 27, 2025, 9:20:23 PM",Kudos,Activity,15257114339
"Jul 27, 2025, 9:20:30 PM",Kudos,Activity,15256722144
"Jul 27, 2025, 10:30:06 PM",Kudos,Activity,15258213136
"Jul 27, 2025, 10:30:10 PM",Kudos,Activity,15257815368
"Jul 27, 2025, 10:30:15 PM",Kudos,Activity,15257768134
"Jul 27, 2025, 10:30:40 PM",Kudos,Activity,15257796131
"Jul 28, 2025, 1:17:19 AM",Kudos,Activity,15258911861
"Jul 28, 2025, 1:17:20 AM",Kudos,Activity,15258899584
"Jul 28, 2025, 1:17:23 AM",Kudos,Activity,15258736221
"Jul 28, 2025, 1:17:25 AM",Kudos,Activity,15259017060
"Jul 28, 2025, 1:17:40 AM",Kudos,Activity,15258375164
"Jul 28, 2025, 1:17:43 AM",Kudos,Activity,15258309493
"Jul 28, 2025, 1:44:35 AM",Kudos,Activity,15259107973
"Jul 28, 2025, 1:45:06 AM",Kudos,Activity,15259092850
"Jul 28, 2025, 1:17:04 PM",Kudos,Activity,15263179430
"Jul 28, 2025, 1:17:07 PM",Kudos,Activity,15263102792
"Jul 28, 2025, 1:17:13 PM",Kudos,Activity,15262827467
"Jul 28, 2025, 1:17:16 PM",Kudos,Activity,15262597497
"Jul 28, 2025, 1:17:20 PM",Kudos,Activity,15262568542
"Jul 28, 2025, 1:17:23 PM",Kudos,Activity,15262307118
"Jul 28, 2025, 1:17:31 PM",Kudos,Activity,15262169810
"Jul 28, 2025, 5:11:00 PM",Kudos,Activity,15265424980
"Jul 28, 2025, 5:11:16 PM",Kudos,Activity,15264669980
"Jul 28, 2025, 5:11:18 PM",Kudos,Activity,15264590565
"Jul 28, 2025, 5:11:25 PM",Kudos,Activity,15264636934
"Jul 28, 2025, 5:16:39 PM",Kudos,Activity,15264350166
"Jul 28, 2025, 5:18:49 PM",Kudos,Activity,15263937460
"Jul 28, 2025, 5:18:52 PM",Kudos,Activity,15263737415
"Jul 28, 2025, 5:18:55 PM",Kudos,Activity,15263734917
"Jul 28, 2025, 5:19:00 PM",Kudos,Activity,15263370024
"Jul 28, 2025, 5:19:10 PM",Kudos,Activity,15263330747
"Jul 28, 2025, 6:07:28 PM",Kudos,Activity,15266021928
"Jul 28, 2025, 6:07:33 PM",Kudos,Activity,15265887442
"Jul 28, 2025, 6:33:31 PM",Kudos,Activity,15266297063
"Jul 28, 2025, 6:33:33 PM",Kudos,Activity,15266271622
"Jul 28, 2025, 8:06:42 PM",Kudos,Activity,15267336204
"Jul 28, 2025, 9:24:26 PM",Kudos,Activity,15267833630
"Jul 28, 2025, 10:03:07 PM",Kudos,Activity,15268112587
"Jul 29, 2025, 1:04:23 AM",Kudos,Activity,15269402073
"Jul 29, 2025, 2:08:28 AM",Kudos,Post,38493380
"Jul 29, 2025, 2:08:32 AM",Kudos,Activity,15269751672
"Jul 29, 2025, 2:08:48 AM",Kudos,Activity,15269728656
"Jul 29, 2025, 2:08:52 AM",Kudos,Activity,15269193884
"Jul 29, 2025, 2:08:56 AM",Kudos,Activity,15269343347
"Jul 29, 2025, 2:08:59 AM",Kudos,Activity,15269730239
"Jul 29, 2025, 2:09:03 AM",Kudos,Activity,15269180718
"Jul 29, 2025, 2:09:08 AM",Kudos,Activity,15269298540
"Jul 29, 2025, 2:09:15 AM",Kudos,Activity,15269270619
"Jul 29, 2025, 2:09:39 AM",Kudos,Activity,15269233027
"Jul 29, 2025, 2:09:44 AM",Kudos,Activity,15269283759
"Jul 29, 2025, 2:09:48 AM",Kudos,Activity,15269223514
"Jul 29, 2025, 2:09:51 AM",Kudos,Activity,15269464551
"Jul 29, 2025, 2:10:05 AM",Kudos,Activity,15269270426
"Jul 29, 2025, 2:10:14 AM",Kudos,Activity,15269230912
"Jul 29, 2025, 2:10:40 AM",Kudos,Activity,15269642297
"Jul 29, 2025, 2:10:44 AM",Kudos,Activity,15269639552
"Jul 29, 2025, 2:10:58 AM",Kudos,Activity,15269573429
"Jul 29, 2025, 2:11:05 AM",Kudos,Activity,15269256009
"Jul 29, 2025, 2:11:15 AM",Kudos,Activity,15269548367
"Jul 29, 2025, 2:11:48 AM",Kudos,Activity,15269376633
"Jul 29, 2025, 2:11:55 AM",Kudos,Activity,15269259131
"Jul 29, 2025, 2:11:55 AM",Kudos,Activity,15269413556
"Jul 29, 2025, 2:13:46 AM",Kudos,Activity,15269312388
"Jul 29, 2025, 2:14:13 AM",Kudos,Activity,15269301372
"Jul 29, 2025, 2:14:15 AM",Kudos,Activity,15269213654
"Jul 29, 2025, 2:14:19 AM",Kudos,Activity,15269168724
"Jul 29, 2025, 2:14:21 AM",Kudos,Activity,15269230879
"Jul 29, 2025, 2:14:25 AM",Kudos,Activity,15269148643
"Jul 29, 2025, 2:14:46 AM",Kudos,Activity,15269116340
"Jul 29, 2025, 2:14:49 AM",Kudos,Activity,15269050252
"Jul 29, 2025, 2:14:52 AM",Kudos,Activity,15269151166
"Jul 29, 2025, 2:15:07 AM",Kudos,Activity,15268968317
"Jul 29, 2025, 2:15:10 AM",Kudos,Activity,15268799798
"Jul 29, 2025, 2:15:52 AM",Kudos,Activity,15268525623
"Jul 29, 2025, 2:15:54 AM",Kudos,Activity,15268471650
"Jul 29, 2025, 2:35:06 AM",Kudos,Activity,15269897665
"Jul 29, 2025, 2:43:52 AM",Kudos,Activity,15269928936
"Jul 29, 2025, 2:54:39 AM",Kudos,Activity,15269965123
"Jul 29, 2025, 10:54:14 AM",Kudos,Activity,15272801668
"Jul 29, 2025, 11:00:33 AM",Kudos,Post,38498853
"Jul 29, 2025, 11:31:03 AM",Kudos,Activity,15273327411
"Jul 29, 2025, 11:41:08 AM",Kudos,Activity,15273447121
"Jul 29, 2025, 12:05:20 PM",Kudos,Activity,15273678459
"Jul 29, 2025, 12:22:09 PM",Kudos,Activity,15273845240
"Jul 29, 2025, 12:22:48 PM",Kudos,Activity,15273609864
"Jul 29, 2025, 1:08:47 PM",Kudos,Activity,15274366194
"Jul 29, 2025, 1:28:50 PM",Kudos,Activity,15274580169
"Jul 29, 2025, 1:29:19 PM",Kudos,Activity,15274291944
"Jul 29, 2025, 3:07:56 PM",Kudos,Activity,15275634585
"Jul 29, 2025, 3:07:57 PM",Kudos,Activity,15275584934
"Jul 29, 2025, 3:08:04 PM",Kudos,Activity,15275249171
"Jul 29, 2025, 3:08:07 PM",Kudos,Activity,15274997014
"Jul 29, 2025, 3:08:10 PM",Kudos,Activity,15274948424
"Jul 29, 2025, 3:08:12 PM",Kudos,Activity,15274685175
"Jul 29, 2025, 3:08:15 PM",Kudos,Activity,15274895040
"Jul 29, 2025, 3:08:19 PM",Kudos,Activity,15275011928
"Jul 29, 2025, 4:38:01 PM",Kudos,Activity,15275935142
"Jul 29, 2025, 4:38:08 PM",Kudos,Activity,15275746821
"Jul 29, 2025, 4:43:10 PM",Kudos,Activity,15276622989
"Jul 29, 2025, 5:35:12 PM",Kudos,Activity,15277062570
"Jul 29, 2025, 7:11:09 PM",Kudos,Activity,15278400610
"Jul 29, 2025, 9:35:23 PM",Kudos,Activity,15279668807
"Jul 29, 2025, 9:35:27 PM",Kudos,Activity,15279628637
"Jul 29, 2025, 10:02:52 PM",Kudos,Activity,15279913556
"Jul 29, 2025, 10:02:56 PM",Kudos,Activity,15279855172
"Jul 29, 2025, 10:21:44 PM",Kudos,Activity,15280055499
"Jul 29, 2025, 11:46:46 PM",Kudos,Activity,15280599797
"Jul 29, 2025, 11:46:55 PM",Kudos,Activity,15280508613
"Jul 29, 2025, 11:47:00 PM",Kudos,Activity,15280394197
"Jul 29, 2025, 11:47:04 PM",Kudos,Activity,15280322324
"Jul 29, 2025, 11:47:13 PM",Kudos,Activity,15280350109
"Jul 29, 2025, 11:47:16 PM",Kudos,Activity,15280350105
"Jul 30, 2025, 12:41:11 AM",Kudos,Activity,15281081020
"Jul 30, 2025, 12:41:14 AM",Kudos,Activity,15281059299
"Jul 30, 2025, 12:41:19 AM",Kudos,Activity,15281039017
"Jul 30, 2025, 12:41:21 AM",Kudos,Activity,15281018518
"Jul 30, 2025, 12:41:29 AM",Kudos,Activity,15280949589
"Jul 30, 2025, 12:41:30 AM",Kudos,Activity,15280921634
"Jul 30, 2025, 12:41:51 AM",Kudos,Activity,15280903150
"Jul 30, 2025, 12:41:54 AM",Kudos,Activity,15280746347
"Jul 30, 2025, 12:44:37 AM",Kudos,Activity,15281140469
"Jul 30, 2025, 1:12:03 AM",Kudos,Activity,15281245675
"Jul 30, 2025, 1:12:06 AM",Kudos,Activity,15281180060
"Jul 30, 2025, 1:40:03 AM",Kudos,Activity,15281350754
"Jul 30, 2025, 1:40:10 AM",Kudos,Activity,15281335460
"Jul 30, 2025, 1:49:57 AM",Kudos,Activity,15281548900
"Jul 30, 2025, 1:50:00 AM",Kudos,Activity,15281507521
"Jul 30, 2025, 1:57:22 AM",Kudos,Activity,15281557351
"Jul 30, 2025, 2:37:24 AM",Kudos,Activity,15281775056
"Jul 30, 2025, 11:34:10 AM",Kudos,Activity,15285135512
"Jul 30, 2025, 11:34:19 AM",Kudos,Activity,15285098316
"Jul 30, 2025, 11:34:23 AM",Kudos,Activity,15285153998
"Jul 30, 2025, 11:34:27 AM",Kudos,Activity,15285154042
"Jul 30, 2025, 11:34:30 AM",Kudos,Activity,15285161185
"Jul 30, 2025, 11:34:33 AM",Kudos,Activity,15284829290
"Jul 30, 2025, 11:49:26 AM",Kudos,Activity,15285233956
"Jul 30, 2025, 11:51:51 AM",Kudos,Activity,15285354207
"Jul 30, 2025, 12:04:48 PM",Kudos,Activity,15285498713
"Jul 30, 2025, 12:04:49 PM",Kudos,Activity,15285492181
"Jul 30, 2025, 12:07:35 PM",Kudos,Activity,15285527025
"Jul 30, 2025, 12:17:54 PM",Kudos,Activity,15285636157
"Jul 30, 2025, 12:35:59 PM",Kudos,Activity,15285821383
"Jul 30, 2025, 12:35:59 PM",Kudos,Activity,15285826954
"Jul 30, 2025, 1:15:10 PM",Kudos,Activity,15286261705
"Jul 30, 2025, 1:15:22 PM",Kudos,Activity,15286184139
"Jul 30, 2025, 1:37:39 PM",Kudos,Activity,15286363230
"Jul 30, 2025, 1:37:42 PM",Kudos,Activity,15286352626
"Jul 30, 2025, 1:57:52 PM",Kudos,Activity,15286634554
"Jul 30, 2025, 2:00:33 PM",Kudos,Activity,15286712583
"Jul 30, 2025, 2:33:55 PM",Kudos,Activity,15287006935
"Jul 30, 2025, 3:04:29 PM",Kudos,Activity,15287327188
"Jul 30, 2025, 3:04:37 PM",Kudos,Activity,15287299498
"Jul 30, 2025, 3:04:41 PM",Kudos,Activity,15287071854
"Jul 30, 2025, 3:20:35 PM",Kudos,Activity,15287499961
"Jul 30, 2025, 3:20:40 PM",Kudos,Activity,15287457997
"Jul 30, 2025, 4:03:13 PM",Kudos,Activity,15287928205
"Jul 30, 2025, 4:56:11 PM",Kudos,Activity,15288389228
"Jul 31, 2025, 1:22:23 AM",Kudos,Activity,15292836171
"Jul 31, 2025, 1:22:26 AM",Kudos,Activity,15292413652
"Jul 31, 2025, 1:22:33 AM",Kudos,Activity,15292821394
"Jul 31, 2025, 1:22:35 AM",Kudos,Activity,15292426089
"Jul 31, 2025, 1:22:40 AM",Kudos,Activity,15292796633
"Jul 31, 2025, 1:23:10 AM",Kudos,Activity,15292476565
"Jul 31, 2025, 1:23:15 AM",Kudos,Activity,15292490691
"Jul 31, 2025, 1:23:18 AM",Kudos,Activity,15292328594
"Jul 31, 2025, 1:23:21 AM",Kudos,Activity,15292524981
"Jul 31, 2025, 1:23:24 AM",Kudos,Activity,15292314483
"Jul 31, 2025, 1:23:33 AM",Kudos,Activity,15292529824
"Jul 31, 2025, 1:23:43 AM",Kudos,Activity,15292184647
"Jul 31, 2025, 1:24:14 AM",Kudos,Activity,15292174643
"Jul 31, 2025, 1:24:17 AM",Kudos,Activity,15291547158
"Jul 31, 2025, 1:24:20 AM",Kudos,Activity,15291463033
"Jul 31, 2025, 1:24:25 AM",Kudos,Activity,15291481797
"Jul 31, 2025, 1:24:40 AM",Kudos,Activity,15291271840
"Jul 31, 2025, 1:24:43 AM",Kudos,Activity,15291069057
"Jul 31, 2025, 1:24:54 AM",Kudos,Activity,15292855248
"Jul 31, 2025, 1:25:48 AM",Kudos,Activity,15292867698
"Jul 31, 2025, 11:47:30 AM",Kudos,Activity,15296007613
"Jul 31, 2025, 11:47:38 AM",Kudos,Activity,15296183071
"Jul 31, 2025, 11:47:41 AM",Kudos,Activity,15296405391
"Jul 31, 2025, 11:48:02 AM",Kudos,Activity,15296557793
"Jul 31, 2025, 11:48:10 AM",Kudos,Activity,15296596267
"Jul 31, 2025, 2:01:45 PM",Kudos,Activity,15297640079
"Jul 31, 2025, 2:02:12 PM",Kudos,Activity,15297473359
"Jul 31, 2025, 2:02:18 PM",Kudos,Activity,15297258547
"Jul 31, 2025, 2:02:20 PM",Kudos,Activity,15297076660
"Jul 31, 2025, 4:42:35 PM",Kudos,Activity,15299482832
"Jul 31, 2025, 5:53:38 PM",Kudos,Activity,15300295284
"Jul 31, 2025, 5:53:41 PM",Kudos,Activity,15299669615
"Jul 31, 2025, 5:53:50 PM",Kudos,Activity,15299263238
"Jul 31, 2025, 5:54:27 PM",Kudos,Activity,15298888438
"Jul 31, 2025, 6:07:42 PM",Kudos,Post,38547969
"Jul 31, 2025, 11:58:39 PM",Kudos,Activity,15302990558
"Jul 31, 2025, 11:58:55 PM",Kudos,Activity,15302475343
"Jul 31, 2025, 11:59:03 PM",Kudos,Activity,15302468607
"Jul 31, 2025, 11:59:15 PM",Kudos,Activity,15301875515
"Jul 31, 2025, 11:59:33 PM",Kudos,Activity,15301607692
"Jul 31, 2025, 11:59:35 PM",Kudos,Activity,15300999347
"Aug 1, 2025, 12:44:41 AM",Kudos,Activity,15303426694
"Aug 1, 2025, 1:37:28 AM",Kudos,Activity,15303809227
"Aug 1, 2025, 2:52:00 AM",Kudos,Activity,15304049233
"Aug 1, 2025, 2:54:02 AM",Kudos,Activity,15304196237
"Aug 1, 2025, 12:07:29 PM",Kudos,Activity,15307444634
"Aug 1, 2025, 12:07:39 PM",Kudos,Activity,15307373625
"Aug 1, 2025, 12:33:40 PM",Kudos,Activity,15307784794
"Aug 1, 2025, 12:33:46 PM",Kudos,Activity,15307761035
"Aug 1, 2025, 12:34:55 PM",Kudos,Activity,15307756942
"Aug 1, 2025, 12:35:00 PM",Kudos,Activity,15307651071
"Aug 1, 2025, 12:35:11 PM",Kudos,Activity,15307816066
"Aug 1, 2025, 12:35:12 PM",Kudos,Activity,15307847397
"Aug 1, 2025, 12:53:42 PM",Kudos,Activity,15307954639
"Aug 1, 2025, 4:42:02 PM",Kudos,Activity,15310037156
"Aug 1, 2025, 4:42:05 PM",Kudos,Activity,15309305622
"Aug 1, 2025, 4:42:14 PM",Kudos,Activity,15308742311
"Aug 1, 2025, 4:42:26 PM",Kudos,Activity,15308634852
"Aug 1, 2025, 4:42:34 PM",Kudos,Activity,15308679029
"Aug 1, 2025, 4:42:44 PM",Kudos,Activity,15308294668
"Aug 1, 2025, 7:16:13 PM",Kudos,Activity,15311457759
"Aug 1, 2025, 7:54:54 PM",Kudos,Activity,15311431130
"Aug 1, 2025, 7:54:56 PM",Kudos,Activity,15311756776
"Aug 1, 2025, 9:02:08 PM",Kudos,Activity,15312093332
"Aug 1, 2025, 9:25:16 PM",Kudos,Activity,15312313217
"Aug 1, 2025, 9:25:22 PM",Kudos,Activity,15312307328
"Aug 1, 2025, 9:32:37 PM",Kudos,Activity,15312396417
"Aug 1, 2025, 10:40:45 PM",Kudos,Activity,15312559316
"Aug 1, 2025, 11:02:51 PM",Kudos,Activity,15312869005
"Aug 1, 2025, 11:03:28 PM",Kudos,Activity,15312920808
"Aug 2, 2025, 12:24:03 AM",Kudos,Activity,15313391541
"Aug 2, 2025, 11:23:23 AM",Kudos,Activity,15317680446
"Aug 2, 2025, 11:32:34 AM",Kudos,Activity,15317827409
"Aug 2, 2025, 12:41:54 PM",Kudos,Activity,15318388775
"Aug 2, 2025, 12:42:19 PM",Kudos,Activity,15318069137
"Aug 2, 2025, 12:42:24 PM",Kudos,Activity,15318040777
"Aug 2, 2025, 1:03:58 PM",Kudos,Activity,15318763170
"Aug 2, 2025, 1:04:09 PM",Kudos,Activity,15318698190
"Aug 2, 2025, 1:04:29 PM",Kudos,Activity,15318650206
"Aug 2, 2025, 1:04:31 PM",Kudos,Activity,15318646880
"Aug 2, 2025, 1:47:07 PM",Kudos,Activity,15319120493
"Aug 2, 2025, 1:47:13 PM",Kudos,Activity,15319097325
"Aug 2, 2025, 1:47:33 PM",Kudos,Activity,15319149133
"Aug 2, 2025, 1:47:50 PM",Kudos,Activity,15319126975
"Aug 2, 2025, 1:47:54 PM",Kudos,Activity,15319008130
"Aug 2, 2025, 1:48:10 PM",Kudos,Activity,15318850504
"Aug 2, 2025, 1:48:16 PM",Kudos,Activity,15318949166
"Aug 2, 2025, 1:48:29 PM",Kudos,Activity,15319184281
"Aug 2, 2025, 2:12:11 PM",Kudos,Activity,15319536406
"Aug 2, 2025, 2:12:33 PM",Kudos,Activity,15319554013
"Aug 2, 2025, 2:12:46 PM",Kudos,Activity,15319461933
"Aug 2, 2025, 2:42:45 PM",Kudos,Activity,15319874844
"Aug 2, 2025, 2:42:51 PM",Kudos,Activity,15319885603
"Aug 2, 2025, 2:42:57 PM",Kudos,Activity,15319794664
"Aug 2, 2025, 2:43:06 PM",Kudos,Activity,15319748699
"Aug 2, 2025, 2:43:12 PM",Kudos,Activity,15319741142
"Aug 2, 2025, 2:43:15 PM",Kudos,Activity,15319661668
"Aug 2, 2025, 2:43:22 PM",Kudos,Activity,15319708234
"Aug 2, 2025, 2:59:23 PM",Kudos,Activity,15320084935
"Aug 2, 2025, 2:59:41 PM",Kudos,Activity,15320126406
"Aug 2, 2025, 2:59:46 PM",Kudos,Activity,15319894987
"Aug 2, 2025, 2:59:49 PM",Kudos,Activity,15319894997
"Aug 2, 2025, 2:59:50 PM",Kudos,Activity,15320040969
"Aug 2, 2025, 3:00:42 PM",Kudos,Activity,15320198659
"Aug 2, 2025, 3:24:27 PM",Kudos,Activity,15320425232
"Aug 2, 2025, 3:24:40 PM",Kudos,Activity,15320391286
"Aug 2, 2025, 3:25:07 PM",Kudos,Activity,15320348494
"Aug 2, 2025, 4:48:21 PM",Kudos,Activity,15320706861
"Aug 2, 2025, 7:13:27 PM",Kudos,Activity,15322572705
"Aug 2, 2025, 7:13:31 PM",Kudos,Activity,15322564938
"Aug 2, 2025, 7:13:51 PM",Kudos,Activity,15321856486
"Aug 2, 2025, 7:14:11 PM",Kudos,Activity,15322053034
"Aug 2, 2025, 9:41:14 PM",Kudos,Activity,15323394687
"Aug 2, 2025, 9:41:16 PM",Kudos,Activity,15323357440
"Aug 2, 2025, 9:41:18 PM",Kudos,Activity,15322995484
"Aug 2, 2025, 10:00:32 PM",Kudos,Activity,15323804025
"Aug 2, 2025, 10:00:42 PM",Kudos,Activity,15323721100
"Aug 2, 2025, 10:06:13 PM",Kudos,Activity,15321171826
"Aug 2, 2025, 10:20:34 PM",Kudos,Activity,15323904170
"Aug 2, 2025, 11:27:21 PM",Kudos,Activity,15324109550
"Aug 3, 2025, 12:13:52 AM",Kudos,Activity,15324514912
"Aug 3, 2025, 2:46:38 PM",Kudos,Activity,15331258117
"Aug 3, 2025, 2:46:42 PM",Kudos,Activity,15331120741
"Aug 3, 2025, 2:46:47 PM",Kudos,Activity,15330606093
"Aug 3, 2025, 2:46:52 PM",Kudos,Activity,15330576994
"Aug 3, 2025, 2:46:55 PM",Kudos,Activity,15330972380
"Aug 3, 2025, 2:46:58 PM",Kudos,Activity,15330303379
"Aug 3, 2025, 2:47:08 PM",Kudos,Activity,15329997432
"Aug 3, 2025, 5:30:07 PM",Kudos,Post,38615210
"Aug 3, 2025, 5:30:14 PM",Kudos,Activity,15332434771
"Aug 3, 2025, 5:30:22 PM",Kudos,Activity,15332207007
"Aug 3, 2025, 5:58:13 PM",Kudos,Activity,15333554805
"Aug 3, 2025, 5:58:16 PM",Kudos,Activity,15333606681
"Aug 3, 2025, 6:20:09 PM",Kudos,Activity,15333863452
"Aug 3, 2025, 6:20:13 PM",Kudos,Activity,15333623312
"Aug 3, 2025, 7:01:46 PM",Kudos,Activity,15334305245
"Aug 3, 2025, 7:25:36 PM",Kudos,Activity,15334498183
"Aug 3, 2025, 7:25:39 PM",Kudos,Activity,15334359276
"Aug 3, 2025, 7:25:48 PM",Kudos,Activity,15334361855
"Aug 3, 2025, 9:27:24 PM",Kudos,Activity,15335163719
"Aug 3, 2025, 9:27:30 PM",Kudos,Activity,15335071975
"Aug 3, 2025, 9:27:34 PM",Kudos,Activity,15335000541
"Aug 3, 2025, 9:27:36 PM",Kudos,Activity,15335000518
"Aug 3, 2025, 9:27:42 PM",Kudos,Activity,15334683185
"Aug 3, 2025, 11:23:28 PM",Kudos,Activity,15335876889
"Aug 3, 2025, 11:25:58 PM",Kudos,Activity,15335881477
"Aug 4, 2025, 1:19:01 AM",Kudos,Activity,15335815053
"Aug 4, 2025, 1:19:15 AM",Kudos,Activity,15335785521
"Aug 4, 2025, 1:19:23 AM",Kudos,Activity,15335350708
"Aug 4, 2025, 1:19:25 AM",Kudos,Activity,15335350692
"Aug 4, 2025, 1:19:28 AM",Kudos,Activity,15335350714
"Aug 4, 2025, 1:34:29 AM",Kudos,Activity,15336260920
"Aug 4, 2025, 10:31:43 AM",Kudos,Activity,15336858780
"Aug 4, 2025, 10:33:04 AM",Kudos,Activity,15336259092
"Aug 4, 2025, 11:03:18 AM",Kudos,Activity,15339355554
"Aug 4, 2025, 11:38:31 AM",Kudos,Activity,15339796158
"Aug 4, 2025, 11:38:32 AM",Kudos,Activity,15339787998
"Aug 4, 2025, 11:49:32 AM",Kudos,Activity,15339887237
"Aug 4, 2025, 12:01:16 PM",Kudos,Activity,15339943493
"Aug 4, 2025, 12:14:20 PM",Kudos,Activity,15340023011
"Aug 4, 2025, 12:25:24 PM",Kudos,Activity,15340252341
"Aug 4, 2025, 12:25:26 PM",Kudos,Activity,15340249358
"Aug 4, 2025, 12:25:32 PM",Kudos,Activity,15340156942
"Aug 4, 2025, 12:54:39 PM",Kudos,Activity,15340391694
"Aug 4, 2025, 1:18:46 PM",Kudos,Activity,15340741735
"Aug 4, 2025, 2:46:22 PM",Kudos,Activity,15341088475
"Aug 4, 2025, 2:46:25 PM",Kudos,Activity,15341060135
"Aug 4, 2025, 6:05:29 PM",Kudos,Activity,15342791718
"Aug 4, 2025, 7:12:24 PM",Kudos,Activity,15344556679
"Aug 4, 2025, 7:13:31 PM",Kudos,Activity,15341984574
"Aug 4, 2025, 8:12:30 PM",Kudos,Activity,15345035398
"Aug 4, 2025, 8:53:29 PM",Kudos,Activity,15345347575
"Aug 4, 2025, 10:05:00 PM",Kudos,Activity,15345300243
"Aug 5, 2025, 1:03:43 AM",Kudos,Activity,15347152129
"Aug 5, 2025, 1:03:50 AM",Kudos,Activity,15346975340
"Aug 5, 2025, 1:03:56 AM",Kudos,Activity,15347092653
"Aug 5, 2025, 1:04:19 AM",Kudos,Activity,15346924563
"Aug 5, 2025, 1:04:46 AM",Kudos,Activity,15346913781
"Aug 5, 2025, 1:04:49 AM",Kudos,Activity,15346871173
"Aug 5, 2025, 1:04:51 AM",Kudos,Activity,15346908849
"Aug 5, 2025, 1:04:57 AM",Kudos,Activity,15346856967
"Aug 5, 2025, 1:05:07 AM",Kudos,Activity,15346615912
"Aug 5, 2025, 1:05:15 AM",Kudos,Activity,15346551735
"Aug 5, 2025, 1:05:18 AM",Kudos,Activity,15346544862
"Aug 5, 2025, 1:05:23 AM",Kudos,Activity,15346467273
"Aug 5, 2025, 1:05:35 AM",Kudos,Activity,15346725697
"Aug 5, 2025, 1:05:42 AM",Kudos,Activity,15346544898
"Aug 5, 2025, 1:14:10 AM",Kudos,Activity,15347224559
"Aug 5, 2025, 1:17:58 AM",Kudos,Activity,15347282213
"Aug 5, 2025, 1:23:55 AM",Kudos,Activity,15347326871
"Aug 5, 2025, 1:43:36 AM",Kudos,Activity,15347416395
"Aug 5, 2025, 1:43:39 AM",Kudos,Activity,15345992733
"Aug 5, 2025, 2:18:11 AM",Kudos,Activity,15347610369
"Aug 5, 2025, 11:32:10 AM",Kudos,Activity,15351252426
"Aug 5, 2025, 11:38:38 AM",Kudos,Activity,15351343779
"Aug 5, 2025, 12:11:03 PM",Kudos,Post,38646824
"Aug 5, 2025, 12:13:59 PM",Kudos,Activity,15351784816
"Aug 5, 2025, 12:14:06 PM",Kudos,Activity,15351781849
"Aug 5, 2025, 12:43:48 PM",Kudos,Activity,15352042793
"Aug 5, 2025, 1:12:11 PM",Kudos,Activity,15352219636
"Aug 5, 2025, 1:12:12 PM",Kudos,Activity,15340467107
"Aug 5, 2025, 1:39:58 PM",Kudos,Activity,15352680181
"Aug 5, 2025, 1:40:01 PM",Kudos,Activity,15352650658
"Aug 5, 2025, 1:40:04 PM",Kudos,Activity,15352606782
"Aug 5, 2025, 1:52:42 PM",Kudos,Activity,15352784704
"Aug 5, 2025, 4:57:42 PM",Kudos,Activity,15352398854
"Aug 5, 2025, 7:35:54 PM",Kudos,Post,38663138
"Aug 5, 2025, 7:41:50 PM",Kudos,Activity,15347528845
"Aug 5, 2025, 9:07:56 PM",Kudos,Activity,15357467924
"Aug 5, 2025, 9:20:32 PM",Kudos,Activity,15357682182
"Aug 5, 2025, 11:00:33 PM",Kudos,Activity,15358394883
"Aug 5, 2025, 11:00:40 PM",Kudos,Activity,15358330508
"Aug 5, 2025, 11:27:28 PM",Kudos,Activity,15358460535
"Aug 6, 2025, 12:55:07 AM",Kudos,Activity,15359122258
"Aug 6, 2025, 12:55:09 AM",Kudos,Activity,15359118928
"Aug 6, 2025, 12:55:16 AM",Kudos,Activity,15359236649
"Aug 6, 2025, 12:55:21 AM",Kudos,Activity,15359173637
"Aug 6, 2025, 12:55:25 AM",Kudos,Activity,15359108122
"Aug 6, 2025, 12:55:30 AM",Kudos,Activity,15359141815
"Aug 6, 2025, 12:55:33 AM",Kudos,Activity,15359091759
"Aug 6, 2025, 12:55:44 AM",Kudos,Activity,15358718711
"Aug 6, 2025, 12:55:47 AM",Kudos,Activity,15358812001
"Aug 6, 2025, 12:56:15 AM",Kudos,Activity,15358653274
"Aug 6, 2025, 1:44:56 AM",Kudos,Activity,15359596677
"Aug 6, 2025, 2:41:44 AM",Kudos,Activity,15359934029
"Aug 6, 2025, 11:12:55 AM",Kudos,Activity,15363154620
"Aug 6, 2025, 11:25:08 AM",Kudos,Activity,15363375147
"Aug 6, 2025, 11:46:44 AM",Kudos,Activity,15363637786
"Aug 6, 2025, 11:55:34 AM",Kudos,Activity,15363682451
"Aug 6, 2025, 12:14:10 PM",Kudos,Activity,15363939322
"Aug 6, 2025, 12:17:47 PM",Kudos,Activity,15363906866
"Aug 6, 2025, 12:42:50 PM",Kudos,Activity,15364256179
"Aug 6, 2025, 1:48:09 PM",Kudos,Activity,15364916270
"Aug 6, 2025, 1:48:11 PM",Kudos,Activity,15364916954
"Aug 6, 2025, 3:04:28 PM",Kudos,Activity,15365735442
"Aug 6, 2025, 4:58:04 PM",Kudos,Activity,15366859608
"Aug 6, 2025, 6:12:25 PM",Kudos,Activity,15367734195
"Aug 6, 2025, 8:36:27 PM",Kudos,Post,38686984
"Aug 6, 2025, 10:28:14 PM",Kudos,Activity,15370133989
"Aug 7, 2025, 12:13:34 AM",Kudos,Activity,15371011195
"Aug 7, 2025, 12:22:02 AM",Kudos,Activity,15370943847
"Aug 7, 2025, 12:25:25 AM",Kudos,Activity,15371127776
"Aug 7, 2025, 12:29:01 AM",Kudos,Activity,15371145291
"Aug 7, 2025, 12:29:09 AM",Kudos,Activity,15371145629
"Aug 7, 2025, 12:30:17 AM",Kudos,Activity,15371162991
"Aug 7, 2025, 12:42:13 AM",Kudos,Activity,15371235839
"Aug 7, 2025, 12:42:26 AM",Kudos,Activity,15371185433
"Aug 7, 2025, 12:57:11 AM",Kudos,Activity,15371289521
"Aug 7, 2025, 12:57:21 AM",Kudos,Activity,15371289245
"Aug 7, 2025, 12:57:30 AM",Kudos,Activity,15370852239
"Aug 7, 2025, 12:57:34 AM",Kudos,Activity,15371289401
"Aug 7, 2025, 1:31:16 AM",Kudos,Activity,15371484956
"Aug 7, 2025, 1:57:00 AM",Kudos,Activity,15371589873
"Aug 7, 2025, 2:00:48 AM",Kudos,Activity,15371693847
"Aug 7, 2025, 11:22:05 AM",Kudos,Activity,15375222295
"Aug 7, 2025, 11:22:10 AM",Kudos,Activity,15374953235
"Aug 7, 2025, 11:36:37 AM",Kudos,Activity,15375282826
"Aug 7, 2025, 12:25:47 PM",Kudos,Activity,15375675903
"Aug 7, 2025, 12:26:37 PM",Kudos,Activity,15375584833
"Aug 7, 2025, 1:02:41 PM",Kudos,Activity,15376317207
"Aug 7, 2025, 1:21:58 PM",Kudos,Activity,15376437911
"Aug 7, 2025, 2:14:26 PM",Kudos,Activity,15376983401
"Aug 7, 2025, 2:14:37 PM",Kudos,Post,38700980
"Aug 7, 2025, 2:59:11 PM",Kudos,Activity,15377388007
"Aug 7, 2025, 5:07:24 PM",Kudos,Activity,15378783858
"Aug 7, 2025, 5:07:37 PM",Kudos,Activity,15378365406
"Aug 7, 2025, 9:44:23 PM",Kudos,Activity,15381447543
"Aug 7, 2025, 9:44:28 PM",Kudos,Activity,15381363719
"Aug 7, 2025, 11:13:53 PM",Kudos,Activity,15381818973
"Aug 7, 2025, 11:13:57 PM",Kudos,Activity,15381856760
"Aug 7, 2025, 11:14:04 PM",Kudos,Activity,15381990066
"Aug 8, 2025, 12:47:17 AM",Kudos,Activity,15382697270
"Aug 8, 2025, 12:47:42 AM",Kudos,Activity,15382580462
"Aug 8, 2025, 12:48:00 AM",Kudos,Activity,15382577916
"Aug 8, 2025, 12:48:02 AM",Kudos,Activity,15382441900
"Aug 8, 2025, 12:48:36 AM",Kudos,Activity,15382241022
"Aug 8, 2025, 12:49:04 AM",Kudos,Activity,15382278677
"Aug 8, 2025, 1:09:58 AM",Kudos,Activity,15382932136
"Aug 8, 2025, 1:10:01 AM",Kudos,Activity,15382785391
"Aug 8, 2025, 9:39:49 AM",Kudos,Activity,15383397146
"Aug 8, 2025, 12:13:40 PM",Kudos,Activity,15386535715
"Aug 8, 2025, 12:13:41 PM",Kudos,Activity,15386481810
"Aug 8, 2025, 12:13:43 PM",Kudos,Activity,15386534254
"Aug 8, 2025, 12:13:44 PM",Kudos,Activity,15386496251
"Aug 8, 2025, 12:13:47 PM",Kudos,Activity,15386898072
"Aug 8, 2025, 12:13:52 PM",Kudos,Activity,15386885729
"Aug 8, 2025, 12:13:56 PM",Kudos,Activity,15386957670
"Aug 8, 2025, 12:13:59 PM",Kudos,Activity,15386777486
"Aug 8, 2025, 12:14:03 PM",Kudos,Activity,15386868887
"Aug 8, 2025, 12:14:06 PM",Kudos,Activity,15386666023
"Aug 8, 2025, 12:21:35 PM",Kudos,Activity,15387173440
"Aug 8, 2025, 1:21:13 PM",Kudos,Activity,15387710274
"Aug 8, 2025, 1:21:26 PM",Kudos,Activity,15387663745
"Aug 8, 2025, 1:21:30 PM",Kudos,Activity,15387520154
"Aug 8, 2025, 1:21:39 PM",Kudos,Activity,15387385874
"Aug 8, 2025, 1:21:47 PM",Kudos,Activity,15387353728
"Aug 8, 2025, 1:21:51 PM",Kudos,Activity,15387234372
"Aug 8, 2025, 1:21:53 PM",Kudos,Activity,15387268571
"Aug 8, 2025, 1:32:32 PM",Kudos,Activity,15387778960
"Aug 8, 2025, 1:59:53 PM",Kudos,Activity,15388195104
"Aug 8, 2025, 2:05:43 PM",Kudos,Activity,15388225706
"Aug 8, 2025, 2:43:22 PM",Kudos,Activity,15388584556
"Aug 8, 2025, 4:09:15 PM",Kudos,Activity,15389383977
"Aug 8, 2025, 4:09:21 PM",Kudos,Activity,15389245116
"Aug 8, 2025, 5:00:52 PM",Kudos,Activity,15389631447
"Aug 8, 2025, 5:21:13 PM",Kudos,Activity,15390123699
"Aug 8, 2025, 6:19:25 PM",Kudos,Activity,15390641352
"Aug 8, 2025, 6:59:32 PM",Kudos,Activity,15391012538
"Aug 8, 2025, 8:04:55 PM",Kudos,Activity,15391489254
"Aug 8, 2025, 8:04:58 PM",Kudos,Activity,15391383343
"Aug 8, 2025, 10:35:34 PM",Kudos,Activity,15392306221
"Aug 8, 2025, 10:35:43 PM",Kudos,Activity,15392321618
"Aug 8, 2025, 10:35:49 PM",Kudos,Activity,15391971797
"Aug 8, 2025, 10:35:50 PM",Kudos,Activity,15391982496
"Aug 8, 2025, 10:36:06 PM",Kudos,Activity,15391980082
"Aug 8, 2025, 10:36:09 PM",Kudos,Activity,15391617226
"Aug 8, 2025, 10:42:15 PM",Kudos,Activity,15392449890
"Aug 8, 2025, 11:13:44 PM",Kudos,Activity,15392628497
"Aug 8, 2025, 11:55:02 PM",Kudos,Activity,15392875253
"Aug 8, 2025, 11:55:21 PM",Kudos,Activity,15392829855
"Aug 9, 2025, 1:31:25 AM",Kudos,Activity,15393461100
"Aug 9, 2025, 2:31:09 AM",Kudos,Activity,15393712366
"Aug 9, 2025, 2:31:15 AM",Kudos,Activity,15393711617
"Aug 9, 2025, 10:47:11 AM",Kudos,Activity,15394320592
"Aug 9, 2025, 10:47:26 AM",Kudos,Activity,15393953294
"Aug 9, 2025, 12:19:44 PM",Kudos,Activity,15393857316
"Aug 9, 2025, 10:28:46 PM",Kudos,Activity,15403752609
"Aug 9, 2025, 10:28:55 PM",Kudos,Activity,15403490932
"Aug 9, 2025, 10:29:05 PM",Kudos,Activity,15402840268
"Aug 9, 2025, 10:29:07 PM",Kudos,Activity,15403189127
"Aug 9, 2025, 10:29:11 PM",Kudos,Activity,15402832773
"Aug 9, 2025, 10:29:14 PM",Kudos,Activity,15402722692
"Aug 9, 2025, 10:29:22 PM",Kudos,Activity,15398708560
"Aug 9, 2025, 10:29:24 PM",Kudos,Activity,15402722559
"Aug 9, 2025, 10:30:03 PM",Kudos,Activity,15399987147
"Aug 9, 2025, 10:30:16 PM",Kudos,Activity,15398610193
"Aug 9, 2025, 10:30:17 PM",Kudos,Activity,15400444341
"Aug 9, 2025, 10:30:28 PM",Kudos,Activity,15398915693
"Aug 9, 2025, 10:30:30 PM",Kudos,Activity,15398598764
"Aug 9, 2025, 10:30:42 PM",Kudos,Activity,15398617267
"Aug 9, 2025, 10:30:49 PM",Kudos,Activity,15402202762
"Aug 9, 2025, 10:31:00 PM",Kudos,Activity,15401854115
"Aug 9, 2025, 10:31:11 PM",Kudos,Activity,15401487602
"Aug 9, 2025, 10:31:16 PM",Kudos,Activity,15401207552
"Aug 9, 2025, 10:31:23 PM",Kudos,Activity,15401171171
"Aug 9, 2025, 10:31:32 PM",Kudos,Activity,15401031187
"Aug 9, 2025, 10:31:36 PM",Kudos,Activity,15400998955
"Aug 9, 2025, 10:31:39 PM",Kudos,Activity,15401100709
"Aug 9, 2025, 10:31:58 PM",Kudos,Activity,15400687224
"Aug 9, 2025, 10:32:07 PM",Kudos,Activity,15400724243
"Aug 9, 2025, 10:32:14 PM",Kudos,Activity,15400999092
"Aug 9, 2025, 10:32:17 PM",Kudos,Activity,15401788088
"Aug 9, 2025, 10:32:21 PM",Kudos,Activity,15400578337
"Aug 9, 2025, 10:32:26 PM",Kudos,Activity,15400464921
"Aug 9, 2025, 10:32:40 PM",Kudos,Activity,15400518919
"Aug 9, 2025, 10:32:42 PM",Kudos,Activity,15400231760
"Aug 9, 2025, 10:32:48 PM",Kudos,Activity,15400072076
"Aug 9, 2025, 10:32:55 PM",Kudos,Activity,15399560840
"Aug 9, 2025, 10:33:00 PM",Kudos,Activity,15399329511
"Aug 9, 2025, 10:33:05 PM",Kudos,Activity,15399363368
"Aug 9, 2025, 10:33:11 PM",Kudos,Activity,15399238589
"Aug 9, 2025, 10:33:17 PM",Kudos,Activity,15399199450
"Aug 9, 2025, 10:33:19 PM",Kudos,Activity,15399695668
"Aug 9, 2025, 10:33:24 PM",Kudos,Activity,15399338719
"Aug 9, 2025, 10:33:32 PM",Kudos,Activity,15399088047
"Aug 9, 2025, 10:33:47 PM",Kudos,Activity,15399030820
"Aug 9, 2025, 10:33:50 PM",Kudos,Activity,15398782919
"Aug 9, 2025, 10:33:52 PM",Kudos,Activity,15399133980
"Aug 9, 2025, 10:34:00 PM",Kudos,Activity,15398650719
"Aug 9, 2025, 10:34:08 PM",Kudos,Activity,15399099278
"Aug 9, 2025, 10:34:13 PM",Kudos,Activity,15398752860
"Aug 9, 2025, 10:34:18 PM",Kudos,Activity,15399225450
"Aug 9, 2025, 10:34:25 PM",Kudos,Activity,15398466866
"Aug 9, 2025, 10:34:33 PM",Kudos,Activity,15398015323
"Aug 10, 2025, 1:31:09 AM",Kudos,Activity,15404887295
"Aug 10, 2025, 1:31:32 AM",Kudos,Activity,15404018955
"Aug 10, 2025, 4:34:20 PM",Kudos,Activity,15412606241
"Aug 10, 2025, 4:34:26 PM",Kudos,Activity,15412260399
"Aug 10, 2025, 4:34:44 PM",Kudos,Activity,15411841852
"Aug 10, 2025, 4:34:48 PM",Kudos,Activity,15411471858
"Aug 10, 2025, 4:34:54 PM",Kudos,Activity,15410504462
"Aug 10, 2025, 4:34:56 PM",Kudos,Activity,15411939798
"Aug 10, 2025, 4:34:58 PM",Kudos,Activity,15411693733
"Aug 10, 2025, 4:35:06 PM",Kudos,Activity,15410793812
"Aug 10, 2025, 4:35:15 PM",Kudos,Activity,15410396790
"Aug 10, 2025, 4:54:02 PM",Kudos,Activity,15412914988
"Aug 10, 2025, 4:56:21 PM",Kudos,Activity,15413029640
"Aug 10, 2025, 6:11:50 PM",Kudos,Activity,15413802324
"Aug 10, 2025, 6:11:54 PM",Kudos,Activity,15413683302
"Aug 10, 2025, 7:54:46 PM",Kudos,Activity,15414510263
"Aug 10, 2025, 7:54:51 PM",Kudos,Activity,15414510232
"Aug 10, 2025, 7:54:54 PM",Kudos,Post,38775457
"Aug 10, 2025, 8:20:34 PM",Kudos,Activity,15414899115
"Aug 10, 2025, 9:11:43 PM",Kudos,Activity,15414980229
"Aug 10, 2025, 9:11:48 PM",Kudos,Activity,15415006148
"Aug 10, 2025, 9:22:20 PM",Kudos,Activity,15414510243
"Aug 10, 2025, 10:14:59 PM",Kudos,Activity,15415532943
"Aug 10, 2025, 11:47:01 PM",Kudos,Activity,15415967581
"Aug 11, 2025, 12:22:42 AM",Kudos,Activity,15415789290
"Aug 11, 2025, 12:22:43 AM",Kudos,Activity,15415718804
"Aug 11, 2025, 12:22:45 AM",Kudos,Activity,15415659750
"Aug 11, 2025, 12:22:48 AM",Kudos,Activity,15415602053
"Aug 11, 2025, 12:22:50 AM",Kudos,Activity,15415565808
"Aug 11, 2025, 12:22:53 AM",Kudos,Activity,15415550460
"Aug 11, 2025, 12:23:09 AM",Kudos,Activity,15415368184
"Aug 11, 2025, 12:25:28 AM",Kudos,Activity,15416147151
"Aug 11, 2025, 1:58:39 AM",Kudos,Activity,15416526860
"Aug 11, 2025, 10:38:29 AM",Kudos,Activity,15419155644
"Aug 11, 2025, 10:38:32 AM",Kudos,Activity,15417023528
"Aug 11, 2025, 11:39:30 AM",Kudos,Activity,15419994858
"Aug 11, 2025, 11:39:34 AM",Kudos,Activity,15419785195
"Aug 11, 2025, 12:09:46 PM",Kudos,Activity,15420019576
"Aug 11, 2025, 12:21:14 PM",Kudos,Activity,15420351904
"Aug 11, 2025, 12:27:37 PM",Kudos,Activity,15420452034
"Aug 11, 2025, 12:27:40 PM",Kudos,Activity,15420480585
"Aug 11, 2025, 12:28:00 PM",Kudos,Activity,15420391649
"Aug 11, 2025, 12:44:36 PM",Kudos,Activity,15420534233
"Aug 11, 2025, 12:44:39 PM",Kudos,Activity,15420534150
"Aug 11, 2025, 2:26:14 PM",Kudos,Activity,15421394684
"Aug 11, 2025, 2:26:16 PM",Kudos,Activity,15421308453
"Aug 11, 2025, 3:22:53 PM",Kudos,Activity,15421920168
"Aug 11, 2025, 4:52:08 PM",Kudos,Activity,15422578567
"Aug 11, 2025, 6:19:10 PM",Kudos,Activity,15423944624
"Aug 11, 2025, 8:24:58 PM",Kudos,Activity,15425279003
"Aug 11, 2025, 8:24:59 PM",Kudos,Activity,15425314373
"Aug 11, 2025, 9:36:45 PM",Kudos,Activity,15425420882
"Aug 11, 2025, 11:11:23 PM",Kudos,Activity,15426320852
"Aug 11, 2025, 11:11:49 PM",Kudos,Activity,15426285604
"Aug 11, 2025, 11:11:57 PM",Kudos,Activity,15426406137
"Aug 11, 2025, 11:12:03 PM",Kudos,Activity,15426137936
"Aug 12, 2025, 12:16:06 AM",Kudos,Activity,15426984300
"Aug 12, 2025, 12:16:08 AM",Kudos,Activity,15426986503
"Aug 12, 2025, 12:31:12 AM",Kudos,Activity,15427103111
"Aug 12, 2025, 12:31:17 AM",Kudos,Activity,15427050989
"Aug 12, 2025, 12:31:20 AM",Kudos,Activity,15427053235
"Aug 12, 2025, 12:31:24 AM",Kudos,Activity,15427025539
"Aug 12, 2025, 12:31:26 AM",Kudos,Activity,15427031608
"Aug 12, 2025, 12:31:31 AM",Kudos,Activity,15427040196
"Aug 12, 2025, 12:31:33 AM",Kudos,Activity,15427013199
"Aug 12, 2025, 12:31:35 AM",Kudos,Activity,15427098824
"Aug 12, 2025, 12:31:39 AM",Kudos,Activity,15427015293
"Aug 12, 2025, 12:31:43 AM",Kudos,Activity,15427055532
"Aug 12, 2025, 12:31:46 AM",Kudos,Activity,15427078817
"Aug 12, 2025, 12:31:50 AM",Kudos,Activity,15427043172
"Aug 12, 2025, 12:58:43 AM",Kudos,Activity,15427247135
"Aug 12, 2025, 12:59:08 AM",Kudos,Activity,15427192175
"Aug 12, 2025, 12:59:10 AM",Kudos,Activity,15427158309
"Aug 12, 2025, 12:59:21 AM",Kudos,Activity,15427184214
"Aug 12, 2025, 1:01:37 AM",Kudos,Activity,15426675750
"Aug 12, 2025, 1:04:05 AM",Kudos,Activity,15427338916
"Aug 12, 2025, 1:31:15 AM",Kudos,Activity,15427479559
"Aug 12, 2025, 1:31:27 AM",Kudos,Activity,15427381490
"Aug 12, 2025, 1:32:12 AM",Kudos,Activity,15427509905
"Aug 12, 2025, 1:51:24 AM",Kudos,Activity,15427516137
"Aug 12, 2025, 2:00:54 AM",Kudos,Post,38801945
"Aug 12, 2025, 2:45:57 AM",Kudos,Activity,15427668233
"Aug 12, 2025, 10:32:52 AM",Kudos,Activity,15426883941
"Aug 12, 2025, 10:35:46 AM",Kudos,Activity,15428230051
"Aug 12, 2025, 10:36:12 AM",Kudos,Activity,15428268231
"Aug 12, 2025, 10:36:27 AM",Kudos,Activity,15427622862
"Aug 12, 2025, 10:36:29 AM",Kudos,Activity,15427617002
"Aug 12, 2025, 12:05:48 PM",Kudos,Activity,15432005595
"Aug 12, 2025, 12:06:31 PM",Kudos,Activity,15431714720
"Aug 12, 2025, 12:06:33 PM",Kudos,Activity,15431606869
"Aug 12, 2025, 12:06:40 PM",Kudos,Activity,15431579142
"Aug 12, 2025, 12:06:58 PM",Kudos,Activity,15431559290
"Aug 12, 2025, 12:07:10 PM",Kudos,Activity,15431347717
"Aug 12, 2025, 12:07:21 PM",Kudos,Activity,15431307108
"Aug 12, 2025, 12:15:03 PM",Kudos,Activity,15432077428
"Aug 12, 2025, 12:32:57 PM",Kudos,Activity,15432265919
"Aug 12, 2025, 12:41:35 PM",Kudos,Activity,15431506331
"Aug 12, 2025, 5:09:17 PM",Kudos,Post,38814814
"Aug 12, 2025, 5:09:27 PM",Kudos,Activity,15433531139
"Aug 12, 2025, 5:09:31 PM",Kudos,Activity,15433308069
"Aug 12, 2025, 5:09:34 PM",Kudos,Activity,15432967921
"Aug 12, 2025, 5:09:42 PM",Kudos,Activity,15432875304
"Aug 12, 2025, 5:09:56 PM",Kudos,Activity,15432464381
"Aug 12, 2025, 7:21:38 PM",Kudos,Activity,15435965813
"Aug 12, 2025, 7:36:12 PM",Kudos,Activity,15436874408
"Aug 12, 2025, 7:36:16 PM",Kudos,Activity,15436856566
"Aug 12, 2025, 11:16:59 PM",Kudos,Activity,15438610634
"Aug 12, 2025, 11:17:01 PM",Kudos,Activity,15438537209
"Aug 12, 2025, 11:17:07 PM",Kudos,Activity,15438604239
"Aug 12, 2025, 11:17:10 PM",Kudos,Activity,15438504763
"Aug 12, 2025, 11:17:15 PM",Kudos,Activity,15438454362
"Aug 12, 2025, 11:17:25 PM",Kudos,Activity,15438430059
"Aug 12, 2025, 11:17:27 PM",Kudos,Activity,15438567480
"Aug 12, 2025, 11:17:57 PM",Kudos,Activity,15438100858
"Aug 12, 2025, 11:18:01 PM",Kudos,Activity,15437994891
"Aug 12, 2025, 11:18:03 PM",Kudos,Activity,15437893420
"Aug 12, 2025, 11:18:05 PM",Kudos,Activity,15438134981
"Aug 12, 2025, 11:18:11 PM",Kudos,Activity,15437266593
"Aug 12, 2025, 11:18:17 PM",Kudos,Activity,15437199033
"Aug 13, 2025, 12:09:08 AM",Kudos,Activity,15438966460
"Aug 13, 2025, 12:09:11 AM",Kudos,Activity,15438645727
"Aug 13, 2025, 12:09:30 AM",Kudos,Activity,15438966404
"Aug 13, 2025, 12:09:33 AM",Kudos,Activity,15439028725
"Aug 13, 2025, 12:09:37 AM",Kudos,Activity,15439041182
"Aug 13, 2025, 12:37:19 AM",Kudos,Activity,15439249092
"Aug 13, 2025, 12:37:23 AM",Kudos,Activity,15439189060
"Aug 13, 2025, 12:37:33 AM",Kudos,Activity,15439136086
"Aug 13, 2025, 12:37:37 AM",Kudos,Activity,15439105381
"Aug 13, 2025, 12:52:34 AM",Kudos,Activity,15439249066
"Aug 13, 2025, 12:57:47 AM",Kudos,Activity,15439369630
"Aug 13, 2025, 1:54:13 AM",Kudos,Activity,15439679373
"Aug 13, 2025, 1:54:19 AM",Kudos,Activity,15439730965
"Aug 13, 2025, 1:54:23 AM",Kudos,Activity,15439693679
"Aug 13, 2025, 2:29:01 AM",Kudos,Activity,15439919917
"Aug 13, 2025, 2:29:03 AM",Kudos,Activity,15439847607
"Aug 13, 2025, 2:29:10 AM",Kudos,Activity,15439806502
"Aug 13, 2025, 12:02:20 PM",Kudos,Activity,15443904139
"Aug 13, 2025, 12:02:25 PM",Kudos,Activity,15443863282
"Aug 13, 2025, 12:02:28 PM",Kudos,Activity,15443854952
"Aug 13, 2025, 12:02:32 PM",Kudos,Activity,15443852932
"Aug 13, 2025, 12:02:40 PM",Kudos,Activity,15443816611
"Aug 13, 2025, 12:02:42 PM",Kudos,Activity,15443709597
"Aug 13, 2025, 12:02:48 PM",Kudos,Activity,15443655467
"Aug 13, 2025, 12:02:51 PM",Kudos,Activity,15443441843
"Aug 13, 2025, 12:02:53 PM",Kudos,Activity,15443432228
"Aug 13, 2025, 12:02:54 PM",Kudos,Activity,15443406942
"Aug 13, 2025, 12:03:31 PM",Kudos,Activity,15444035727
"Aug 13, 2025, 12:21:41 PM",Kudos,Activity,15444170651
"Aug 13, 2025, 12:21:43 PM",Kudos,Activity,15444170705
"Aug 13, 2025, 1:01:27 PM",Kudos,Activity,15444597139
"Aug 13, 2025, 1:29:01 PM",Kudos,Activity,15444669714
"Aug 13, 2025, 1:29:02 PM",Kudos,Activity,15444676581
"Aug 13, 2025, 5:38:12 PM",Kudos,Activity,15447214217
"Aug 13, 2025, 5:38:15 PM",Kudos,Activity,15446921533
"Aug 13, 2025, 8:30:29 PM",Kudos,Activity,15448995477
"Aug 13, 2025, 9:51:46 PM",Kudos,Activity,15449738098
"Aug 13, 2025, 10:38:15 PM",Kudos,Activity,15450005948
"Aug 13, 2025, 10:38:23 PM",Kudos,Activity,15449869769
"Aug 14, 2025, 12:45:34 AM",Kudos,Activity,15450933242
"Aug 14, 2025, 12:45:50 AM",Kudos,Activity,15450906144
"Aug 14, 2025, 12:45:57 AM",Kudos,Activity,15450878255
"Aug 14, 2025, 12:46:05 AM",Kudos,Activity,15450878669
"Aug 14, 2025, 12:46:10 AM",Kudos,Activity,15450841688
"Aug 14, 2025, 12:46:20 AM",Kudos,Activity,15450826366
"Aug 14, 2025, 12:46:26 AM",Kudos,Activity,15450766508
"Aug 14, 2025, 12:46:34 AM",Kudos,Activity,15450753328
"Aug 14, 2025, 12:46:40 AM",Kudos,Activity,15450696629
"Aug 14, 2025, 12:46:42 AM",Kudos,Activity,15450661563
"Aug 14, 2025, 12:46:47 AM",Kudos,Activity,15450696683
"Aug 14, 2025, 12:46:57 AM",Kudos,Activity,15450454869
"Aug 14, 2025, 12:47:05 AM",Kudos,Activity,15450114860
"Aug 14, 2025, 12:47:07 AM",Kudos,Activity,15450148462
"Aug 14, 2025, 1:16:39 AM",Kudos,Activity,15451183766
"Aug 14, 2025, 1:16:41 AM",Kudos,Activity,15450944945
"Aug 14, 2025, 1:16:49 AM",Kudos,Activity,15451057218
"Aug 14, 2025, 1:17:06 AM",Kudos,Activity,15451114762
"Aug 14, 2025, 1:17:11 AM",Kudos,Activity,15451090796
"Aug 14, 2025, 1:17:53 AM",Kudos,Activity,15451019368
"Aug 14, 2025, 1:27:57 AM",Kudos,Activity,15451250052
"Aug 14, 2025, 1:47:19 AM",Kudos,Activity,15451353877
"Aug 14, 2025, 10:33:35 AM",Kudos,Activity,15450868978
"Aug 14, 2025, 11:21:54 AM",Kudos,Activity,15454992320
"Aug 14, 2025, 11:43:52 AM",Kudos,Activity,15455257746
"Aug 14, 2025, 11:52:58 AM",Kudos,Activity,15455365516
"Aug 14, 2025, 11:54:02 AM",Kudos,Activity,15455397124
"Aug 14, 2025, 11:54:13 AM",Kudos,Activity,15455343128
"Aug 14, 2025, 1:25:11 PM",Kudos,Activity,15456326001
"Aug 14, 2025, 1:31:06 PM",Kudos,Activity,15456219739
"Aug 14, 2025, 1:31:21 PM",Kudos,Activity,15455563517
"Aug 14, 2025, 1:53:52 PM",Kudos,Activity,15456548631
"Aug 14, 2025, 1:53:54 PM",Kudos,Activity,15456558706
"Aug 14, 2025, 2:26:55 PM",Kudos,Activity,15456912558
"Aug 14, 2025, 3:52:28 PM",Kudos,Post,38854473
"Aug 14, 2025, 4:09:37 PM",Kudos,Activity,15456966479
"Aug 14, 2025, 4:52:58 PM",Kudos,Activity,15458284406
"Aug 14, 2025, 6:57:23 PM",Kudos,Post,38858535
"Aug 14, 2025, 7:35:31 PM",Kudos,Activity,15459798574
"Aug 14, 2025, 9:11:34 PM",Kudos,Activity,15460641089
"Aug 14, 2025, 9:47:57 PM",Kudos,Activity,15460866427
"Aug 14, 2025, 10:14:39 PM",Kudos,Activity,15461012757
"Aug 14, 2025, 10:20:59 PM",Kudos,Activity,15461089259
"Aug 14, 2025, 10:52:21 PM",Kudos,Activity,15461314781
"Aug 14, 2025, 11:13:33 PM",Kudos,Activity,15461434633
"Aug 15, 2025, 12:57:58 AM",Kudos,Activity,15462200852
"Aug 15, 2025, 12:58:11 AM",Kudos,Activity,15462046136
"Aug 15, 2025, 1:01:39 AM",Kudos,Activity,15462252289
"Aug 15, 2025, 1:02:22 AM",Kudos,Activity,15462190963
"Aug 15, 2025, 1:02:34 AM",Kudos,Activity,15462122239
"Aug 15, 2025, 1:02:39 AM",Kudos,Activity,15462143108
"Aug 15, 2025, 1:02:48 AM",Kudos,Activity,15462114351
"Aug 15, 2025, 1:02:51 AM",Kudos,Activity,15462001616
"Aug 15, 2025, 1:03:03 AM",Kudos,Activity,15462064925
"Aug 15, 2025, 1:03:24 AM",Kudos,Activity,15462034533
"Aug 15, 2025, 1:03:36 AM",Kudos,Activity,15461905499
"Aug 15, 2025, 1:03:42 AM",Kudos,Activity,15461870087
"Aug 15, 2025, 1:03:57 AM",Kudos,Activity,15461770394
"Aug 15, 2025, 1:04:14 AM",Kudos,Activity,15461687771
"Aug 15, 2025, 1:04:23 AM",Kudos,Activity,15461668313
"Aug 15, 2025, 1:12:41 AM",Kudos,Activity,15462286925
"Aug 15, 2025, 1:41:10 AM",Kudos,Activity,15450879564
"Aug 15, 2025, 1:42:32 AM",Kudos,Activity,15450933709
"Aug 15, 2025, 1:42:36 AM",Kudos,Activity,15450865283
"Aug 15, 2025, 1:42:40 AM",Kudos,Activity,15462314366
"Aug 15, 2025, 1:44:35 AM",Kudos,Activity,15462011593
"Aug 15, 2025, 2:06:53 AM",Kudos,Activity,15462606527
"Aug 15, 2025, 2:39:30 AM",Kudos,Activity,15462011561
"Aug 15, 2025, 8:37:01 AM",Kudos,Activity,15463061722
"Aug 15, 2025, 12:02:06 PM",Kudos,Activity,15466462300
"Aug 15, 2025, 12:12:27 PM",Kudos,Activity,15466721267
"Aug 15, 2025, 12:12:38 PM",Kudos,Activity,15466160403
"Aug 15, 2025, 12:12:39 PM",Kudos,Activity,15466392530
"Aug 15, 2025, 12:12:45 PM",Kudos,Activity,15466236538
"Aug 15, 2025, 12:12:50 PM",Kudos,Activity,15466167284
"Aug 15, 2025, 12:12:54 PM",Kudos,Activity,15466375209
"Aug 15, 2025, 12:12:56 PM",Kudos,Activity,15466376443
"Aug 15, 2025, 12:13:30 PM",Kudos,Activity,15466347977
"Aug 15, 2025, 12:13:58 PM",Kudos,Activity,15466112795
"Aug 15, 2025, 12:14:00 PM",Kudos,Activity,15466004347
"Aug 15, 2025, 12:16:18 PM",Kudos,Activity,15466856397
"Aug 15, 2025, 12:16:19 PM",Kudos,Activity,15466866757
"Aug 15, 2025, 12:42:58 PM",Kudos,Activity,15467124947
"Aug 15, 2025, 12:43:01 PM",Kudos,Activity,15467126180
"Aug 15, 2025, 12:56:33 PM",Kudos,Activity,15467259309
"Aug 15, 2025, 12:57:05 PM",Kudos,Activity,15467272514
"Aug 15, 2025, 1:50:54 PM",Kudos,Activity,15467771859
"Aug 15, 2025, 1:50:59 PM",Kudos,Activity,15467784369
"Aug 15, 2025, 1:51:09 PM",Kudos,Activity,15467503284
"Aug 15, 2025, 1:51:48 PM",Kudos,Activity,15467473382
"Aug 15, 2025, 1:51:50 PM",Kudos,Activity,15467533597
"Aug 15, 2025, 1:51:53 PM",Kudos,Activity,15467400120
"Aug 15, 2025, 1:51:58 PM",Kudos,Activity,15467797916
"Aug 15, 2025, 1:52:03 PM",Kudos,Activity,15467425453
"Aug 15, 2025, 1:52:05 PM",Kudos,Activity,15467587839
"Aug 15, 2025, 1:52:14 PM",Kudos,Activity,15467279838
"Aug 15, 2025, 2:24:40 PM",Kudos,Activity,15468043416
"Aug 15, 2025, 2:24:44 PM",Kudos,Activity,15467948784
"Aug 15, 2025, 2:25:04 PM",Kudos,Activity,15467912866
"Aug 15, 2025, 2:45:13 PM",Kudos,Activity,15468260430
"Aug 15, 2025, 2:47:39 PM",Kudos,Activity,15468333405
"Aug 15, 2025, 3:55:54 PM",Kudos,Activity,15468863564
"Aug 15, 2025, 3:56:01 PM",Kudos,Activity,15468814762
"Aug 15, 2025, 6:18:20 PM",Kudos,Activity,15470224348
"Aug 15, 2025, 6:18:28 PM",Kudos,Activity,15469907424
"Aug 15, 2025, 6:18:33 PM",Kudos,Activity,15469600366
"Aug 15, 2025, 7:18:20 PM",Kudos,Activity,15470340125
"Aug 15, 2025, 7:18:30 PM",Kudos,Activity,15470194841
"Aug 15, 2025, 9:18:58 PM",Kudos,Activity,15471298783
"Aug 15, 2025, 9:19:00 PM",Kudos,Activity,15471298915
"Aug 15, 2025, 10:10:25 PM",Kudos,Activity,15471712111
"Aug 15, 2025, 11:01:14 PM",Kudos,Activity,15470438761
"Aug 15, 2025, 11:46:42 PM",Kudos,Activity,15472238111
"Aug 16, 2025, 10:08:22 AM",Kudos,Activity,15473291381
"Aug 16, 2025, 10:08:24 AM",Kudos,Activity,15473002403
"Aug 16, 2025, 10:08:26 AM",Kudos,Activity,15473173833
"Aug 16, 2025, 10:08:28 AM",Kudos,Activity,15473738463
"Aug 16, 2025, 2:07:08 PM",Kudos,Activity,15478074666
"Aug 16, 2025, 2:07:09 PM",Kudos,Activity,15477998203
"Aug 16, 2025, 2:07:11 PM",Kudos,Activity,15478912278
"Aug 16, 2025, 2:07:14 PM",Kudos,Activity,15478931725
"Aug 16, 2025, 2:07:23 PM",Kudos,Activity,15478783781
"Aug 16, 2025, 2:07:34 PM",Kudos,Activity,15478591852
"Aug 16, 2025, 2:07:40 PM",Kudos,Activity,15478559209
"Aug 16, 2025, 2:07:45 PM",Kudos,Activity,15478426381
"Aug 16, 2025, 2:07:48 PM",Kudos,Activity,15478395235
"Aug 16, 2025, 2:07:52 PM",Kudos,Activity,15478396093
"Aug 16, 2025, 2:07:58 PM",Kudos,Activity,15478309801
"Aug 16, 2025, 2:08:03 PM",Kudos,Activity,15478138208
"Aug 16, 2025, 2:08:08 PM",Kudos,Activity,15478102618
"Aug 16, 2025, 2:08:11 PM",Kudos,Activity,15478104869
"Aug 16, 2025, 2:08:14 PM",Kudos,Activity,15478081442
"Aug 16, 2025, 2:08:20 PM",Kudos,Activity,15478028002
"Aug 16, 2025, 2:08:25 PM",Kudos,Activity,15478049321
"Aug 16, 2025, 2:08:27 PM",Kudos,Activity,15477717259
"Aug 16, 2025, 2:08:52 PM",Kudos,Activity,15477742713
"Aug 16, 2025, 2:09:12 PM",Kudos,Activity,15477742490
"Aug 16, 2025, 2:13:40 PM",Kudos,Activity,15478979458
"Aug 16, 2025, 2:13:41 PM",Kudos,Activity,15479001216
"Aug 16, 2025, 2:13:46 PM",Kudos,Activity,15478998508
"Aug 16, 2025, 2:13:52 PM",Kudos,Activity,15479017213
"Aug 16, 2025, 2:18:13 PM",Kudos,Activity,15479049798
"Aug 16, 2025, 2:55:29 PM",Kudos,Post,38896602
"Aug 16, 2025, 2:55:36 PM",Kudos,Activity,15479172080
"Aug 16, 2025, 2:55:50 PM",Kudos,Activity,15479182568
"Aug 16, 2025, 2:56:05 PM",Kudos,Activity,15479135186
"Aug 16, 2025, 2:56:12 PM",Kudos,Activity,15479276526
"Aug 16, 2025, 2:56:26 PM",Kudos,Activity,15479276417
"Aug 16, 2025, 2:56:29 PM",Kudos,Activity,15479193814
"Aug 16, 2025, 2:56:37 PM",Kudos,Activity,15479133336
"Aug 16, 2025, 2:56:41 PM",Kudos,Activity,15479184334
"Aug 16, 2025, 7:06:16 PM",Kudos,Activity,15481542640
"Aug 16, 2025, 7:06:22 PM",Kudos,Activity,15480844147
"Aug 16, 2025, 7:06:27 PM",Kudos,Activity,15480700658
"Aug 16, 2025, 7:06:35 PM",Kudos,Activity,15481135412
"Aug 16, 2025, 7:06:43 PM",Kudos,Activity,15480537174
"Aug 16, 2025, 7:06:45 PM",Kudos,Activity,15480434973
"Aug 16, 2025, 7:06:47 PM",Kudos,Activity,15480310771
"Aug 16, 2025, 7:06:51 PM",Kudos,Activity,15480303328
"Aug 16, 2025, 7:07:31 PM",Kudos,Activity,15480240723
"Aug 16, 2025, 7:07:34 PM",Kudos,Activity,15480321405
"Aug 16, 2025, 7:08:25 PM",Kudos,Activity,15480678809
"Aug 16, 2025, 7:08:32 PM",Kudos,Activity,15480195349
"Aug 16, 2025, 7:08:35 PM",Kudos,Activity,15480181221
"Aug 16, 2025, 7:08:50 PM",Kudos,Activity,15480862169
"Aug 16, 2025, 7:08:55 PM",Kudos,Activity,15480040954
"Aug 16, 2025, 7:09:04 PM",Kudos,Activity,15480708189
"Aug 16, 2025, 7:09:18 PM",Kudos,Activity,15479802778
"Aug 16, 2025, 7:09:26 PM",Kudos,Activity,15480197834
"Aug 16, 2025, 7:45:25 PM",Kudos,Activity,15482293752
"Aug 17, 2025, 2:00:21 AM",Kudos,Activity,15484375726
"Aug 17, 2025, 12:52:54 PM",Kudos,Activity,15489496009
"Aug 17, 2025, 12:53:05 PM",Kudos,Activity,15488988261
"Aug 17, 2025, 12:58:26 PM",Kudos,Activity,15489572916
"Aug 17, 2025, 1:08:43 PM",Kudos,Activity,15489654650
"Aug 17, 2025, 1:45:25 PM",Kudos,Activity,15490153126
"Aug 17, 2025, 2:16:53 PM",Kudos,Activity,15490501342
"Aug 17, 2025, 2:16:56 PM",Kudos,Activity,15490482350
"Aug 17, 2025, 2:17:18 PM",Kudos,Activity,15490217068
"Aug 17, 2025, 3:50:08 PM",Kudos,Activity,15490996044
"Aug 17, 2025, 3:50:11 PM",Kudos,Activity,15490850322
"Aug 17, 2025, 3:50:31 PM",Kudos,Activity,15490889215
"Aug 17, 2025, 3:50:34 PM",Kudos,Activity,15490817110
"Aug 17, 2025, 3:50:37 PM",Kudos,Activity,15491086437
"Aug 17, 2025, 4:40:15 PM",Kudos,Activity,15492134321
"Aug 17, 2025, 7:44:13 PM",Kudos,Activity,15493649833
"Aug 17, 2025, 7:44:42 PM",Kudos,Activity,15493547460
"Aug 17, 2025, 7:44:44 PM",Kudos,Activity,15493575042
"Aug 17, 2025, 7:44:45 PM",Kudos,Activity,15493574852
"Aug 17, 2025, 7:44:51 PM",Kudos,Activity,15493610763
"Aug 17, 2025, 7:44:57 PM",Kudos,Activity,15493560352
"Aug 17, 2025, 7:45:45 PM",Kudos,Activity,15493316944
"Aug 17, 2025, 7:45:50 PM",Kudos,Activity,15493346448
"Aug 17, 2025, 7:45:51 PM",Kudos,Activity,15493265099
"Aug 17, 2025, 7:46:34 PM",Kudos,Activity,15490414993
"Aug 17, 2025, 7:47:06 PM",Kudos,Activity,15492756985
"Aug 17, 2025, 7:47:07 PM",Kudos,Activity,15492579205
"Aug 17, 2025, 7:47:08 PM",Kudos,Activity,15492708452
"Aug 17, 2025, 7:47:14 PM",Kudos,Activity,15492624577
"Aug 17, 2025, 8:21:55 PM",Kudos,Activity,15494246785
"Aug 18, 2025, 1:22:23 AM",Kudos,Activity,15495710537
"Aug 18, 2025, 1:22:32 AM",Kudos,Activity,15494863395
"Aug 18, 2025, 1:22:42 AM",Kudos,Activity,15494841068
"Aug 18, 2025, 1:22:47 AM",Kudos,Activity,15494836860
"Aug 18, 2025, 1:22:59 AM",Kudos,Activity,15494371508
"Aug 18, 2025, 2:28:46 AM",Kudos,Activity,15495878644
"Aug 18, 2025, 11:47:31 AM",Kudos,Activity,15499548587
"Aug 18, 2025, 12:11:30 PM",Kudos,Activity,15499733537
"Aug 18, 2025, 12:11:32 PM",Kudos,Activity,15499764604
"Aug 18, 2025, 12:11:37 PM",Kudos,Activity,15499704828
"Aug 18, 2025, 12:12:17 PM",Kudos,Activity,15499290493
"Aug 18, 2025, 12:12:22 PM",Kudos,Activity,15496240725
"Aug 18, 2025, 12:12:28 PM",Kudos,Activity,15496507997
"Aug 18, 2025, 12:13:37 PM",Kudos,Activity,15499801405
"Aug 18, 2025, 12:14:05 PM",Kudos,Activity,15499828500
"Aug 18, 2025, 12:16:38 PM",Kudos,Activity,15499844171
"Aug 18, 2025, 12:42:42 PM",Kudos,Activity,15500073770
"Aug 18, 2025, 12:42:45 PM",Kudos,Activity,15499984675
"Aug 18, 2025, 12:42:46 PM",Kudos,Activity,15500032845
"Aug 18, 2025, 12:42:50 PM",Kudos,Activity,15500073654
"Aug 18, 2025, 12:42:57 PM",Kudos,Activity,15500032961
"Aug 18, 2025, 2:20:23 PM",Kudos,Activity,15500980701
"Aug 18, 2025, 4:19:10 PM",Kudos,Activity,15501783692
"Aug 18, 2025, 10:25:17 PM",Kudos,Activity,15505854649
"Aug 18, 2025, 10:25:32 PM",Kudos,Activity,15505534053
"Aug 18, 2025, 11:20:41 PM",Kudos,Activity,15506306140
"Aug 18, 2025, 11:20:54 PM",Kudos,Activity,15505935324
"Aug 18, 2025, 11:21:00 PM",Kudos,Activity,15505891917
"Aug 19, 2025, 12:52:22 AM",Kudos,Activity,15506939815
"Aug 19, 2025, 12:52:43 AM",Kudos,Activity,15506906306
"Aug 19, 2025, 12:52:51 AM",Kudos,Activity,15506810094
"Aug 19, 2025, 12:52:56 AM",Kudos,Activity,15506811936
"Aug 19, 2025, 12:53:03 AM",Kudos,Activity,15506790930
"Aug 19, 2025, 12:53:14 AM",Kudos,Activity,15506754709
"Aug 19, 2025, 12:53:20 AM",Kudos,Activity,15506738493
"Aug 19, 2025, 12:53:22 AM",Kudos,Activity,15506715467
"Aug 19, 2025, 12:53:29 AM",Kudos,Activity,15506675081
"Aug 19, 2025, 12:53:34 AM",Kudos,Activity,15506626775
"Aug 19, 2025, 12:53:37 AM",Kudos,Activity,15506624480
"Aug 19, 2025, 9:58:31 AM",Kudos,Activity,15507714961
"Aug 19, 2025, 9:58:42 AM",Kudos,Activity,15507509570
"Aug 19, 2025, 9:58:44 AM",Kudos,Activity,15507630573
"Aug 19, 2025, 9:58:52 AM",Kudos,Activity,15507581587
"Aug 19, 2025, 9:58:56 AM",Kudos,Activity,15507584979
"Aug 19, 2025, 9:58:59 AM",Kudos,Activity,15507628706
"Aug 19, 2025, 9:59:18 AM",Kudos,Activity,15507256734
"Aug 19, 2025, 9:59:30 AM",Kudos,Activity,15506852450
"Aug 19, 2025, 9:59:33 AM",Kudos,Activity,15506777809
"Aug 19, 2025, 9:59:46 AM",Kudos,Activity,15506975160
"Aug 19, 2025, 9:59:49 AM",Kudos,Activity,15506980212
"Aug 19, 2025, 9:59:55 AM",Kudos,Activity,15507068014
"Aug 19, 2025, 9:59:58 AM",Kudos,Activity,15506168610
"Aug 19, 2025, 10:00:14 AM",Kudos,Activity,15506896647
"Aug 19, 2025, 10:00:21 AM",Kudos,Activity,15506771307
"Aug 19, 2025, 11:43:08 AM",Kudos,Activity,15511127048
"Aug 19, 2025, 11:43:12 AM",Kudos,Activity,15510870140
"Aug 19, 2025, 11:43:17 AM",Kudos,Activity,15510758039
"Aug 19, 2025, 11:43:19 AM",Kudos,Activity,15511112171
"Aug 19, 2025, 12:24:54 PM",Kudos,Activity,15511718910
"Aug 19, 2025, 12:32:38 PM",Kudos,Activity,15511803678
"Aug 19, 2025, 12:32:48 PM",Kudos,Activity,15511785216
"Aug 19, 2025, 12:32:55 PM",Kudos,Activity,15511525133
"Aug 19, 2025, 12:33:02 PM",Kudos,Activity,15511567821
"Aug 19, 2025, 12:33:06 PM",Kudos,Activity,15511365558
"Aug 19, 2025, 12:42:33 PM",Kudos,Activity,15511919788
"Aug 19, 2025, 12:42:40 PM",Kudos,Activity,15511868927
"Aug 19, 2025, 12:47:22 PM",Kudos,Activity,15511862827
"Aug 19, 2025, 1:05:31 PM",Kudos,Activity,15512182208
"Aug 19, 2025, 1:20:11 PM",Kudos,Activity,15512098950
"Aug 19, 2025, 1:52:15 PM",Kudos,Activity,15512607135
"Aug 19, 2025, 1:52:17 PM",Kudos,Activity,15512690128
"Aug 19, 2025, 1:52:21 PM",Kudos,Activity,15512601920
"Aug 19, 2025, 1:52:25 PM",Kudos,Activity,15512588887
"Aug 19, 2025, 1:52:31 PM",Kudos,Activity,15512447745
"Aug 19, 2025, 2:33:01 PM",Kudos,Activity,15513076624
"Aug 19, 2025, 2:33:02 PM",Kudos,Activity,15513056517
"Aug 19, 2025, 3:09:27 PM",Kudos,Activity,15513443681
"Aug 19, 2025, 4:34:50 PM",Kudos,Activity,15514141898
"Aug 19, 2025, 6:06:49 PM",Kudos,Activity,15515545238
"Aug 19, 2025, 6:06:50 PM",Kudos,Activity,15515162788
"Aug 19, 2025, 6:06:54 PM",Kudos,Activity,15514507806
"Aug 19, 2025, 7:13:04 PM",Kudos,Activity,15516465171
"Aug 19, 2025, 7:46:50 PM",Kudos,Activity,15516902172
"Aug 19, 2025, 9:25:33 PM",Kudos,Activity,15517509281
"Aug 19, 2025, 9:25:37 PM",Kudos,Activity,15517450139
"Aug 19, 2025, 9:25:41 PM",Kudos,Activity,15517457073
"Aug 19, 2025, 9:26:03 PM",Kudos,Activity,15517127442
"Aug 19, 2025, 9:30:22 PM",Kudos,Activity,15517685620
"Aug 19, 2025, 9:30:27 PM",Kudos,Activity,15517659200
"Aug 19, 2025, 10:38:15 PM",Kudos,Activity,15518152834
"Aug 19, 2025, 11:14:51 PM",Kudos,Activity,15518361063
"Aug 19, 2025, 11:14:53 PM",Kudos,Activity,15518277052
"Aug 19, 2025, 11:14:58 PM",Kudos,Activity,15518236381
"Aug 19, 2025, 11:31:42 PM",Kudos,Activity,15518618795
"Aug 19, 2025, 11:31:43 PM",Kudos,Activity,15518618560
"Aug 19, 2025, 11:36:57 PM",Kudos,Activity,15518671554
"Aug 20, 2025, 1:06:02 AM",Kudos,Activity,15519272110
"Aug 20, 2025, 1:06:06 AM",Kudos,Activity,15519171488
"Aug 20, 2025, 1:06:10 AM",Kudos,Activity,15519161887
"Aug 20, 2025, 1:06:13 AM",Kudos,Activity,15519138406
"Aug 20, 2025, 1:06:13 AM",Kudos,Activity,15519077775
"Aug 20, 2025, 1:06:20 AM",Kudos,Activity,15519034554
"Aug 20, 2025, 1:06:29 AM",Kudos,Activity,15519026001
"Aug 20, 2025, 1:06:47 AM",Kudos,Activity,15518929246
"Aug 20, 2025, 1:06:52 AM",Kudos,Activity,15519134826
"Aug 20, 2025, 1:06:55 AM",Kudos,Activity,15518973232
"Aug 20, 2025, 1:06:57 AM",Kudos,Activity,15519134825
"Aug 20, 2025, 1:07:08 AM",Kudos,Activity,15518783522
"Aug 20, 2025, 1:48:55 AM",Kudos,Activity,15519531864
"Aug 20, 2025, 1:48:59 AM",Kudos,Activity,15519490374
"Aug 20, 2025, 2:33:32 AM",Kudos,Activity,15519784005
"Aug 20, 2025, 2:33:33 AM",Kudos,Activity,15519749738
"Aug 20, 2025, 9:45:45 AM",Kudos,Activity,15519828559
"Aug 20, 2025, 9:46:01 AM",Kudos,Activity,15519529776
"Aug 20, 2025, 9:46:01 AM",Kudos,Activity,15519846826
"Aug 20, 2025, 11:12:36 AM",Kudos,Activity,15522953376
"Aug 20, 2025, 11:12:41 AM",Kudos,Activity,15522890368
"Aug 20, 2025, 11:30:31 AM",Kudos,Activity,15523246373
"Aug 20, 2025, 11:30:36 AM",Kudos,Activity,15523129454
"Aug 20, 2025, 11:39:23 AM",Kudos,Activity,15523357519
"Aug 20, 2025, 11:45:58 AM",Kudos,Activity,15523405628
"Aug 20, 2025, 11:50:12 AM",Kudos,Activity,15523489497
"Aug 20, 2025, 11:50:13 AM",Kudos,Activity,15523473108
"Aug 20, 2025, 11:50:15 AM",Kudos,Activity,15523478178
"Aug 20, 2025, 11:57:54 AM",Kudos,Activity,15523550977
"Aug 20, 2025, 11:57:57 AM",Kudos,Activity,15523534366
"Aug 20, 2025, 12:29:33 PM",Kudos,Activity,15523909685
"Aug 20, 2025, 12:29:40 PM",Kudos,Activity,15523826149
"Aug 20, 2025, 12:32:52 PM",Kudos,Activity,15523948729
"Aug 20, 2025, 12:45:20 PM",Kudos,Activity,15523996385
"Aug 20, 2025, 12:45:38 PM",Kudos,Activity,15523786335
"Aug 20, 2025, 1:11:12 PM",Kudos,Activity,15524168766
"Aug 20, 2025, 1:11:23 PM",Kudos,Activity,15524151401
"Aug 20, 2025, 1:11:26 PM",Kudos,Activity,15524140700
"Aug 20, 2025, 1:11:28 PM",Kudos,Activity,15524140548
"Aug 20, 2025, 1:24:29 PM",Kudos,Activity,15524477252
"Aug 20, 2025, 1:24:35 PM",Kudos,Activity,15524418455
"Aug 20, 2025, 1:57:39 PM",Kudos,Activity,15524781285
"Aug 20, 2025, 2:00:38 PM",Kudos,Activity,15524436376
"Aug 20, 2025, 3:01:54 PM",Kudos,Activity,15525296619
"Aug 20, 2025, 3:47:25 PM",Kudos,Activity,15525805766
"Aug 20, 2025, 3:47:34 PM",Kudos,Activity,15525043483
"Aug 20, 2025, 4:04:57 PM",Kudos,Activity,15525923373
"Aug 20, 2025, 7:47:47 PM",Kudos,Activity,15526770942
"Aug 20, 2025, 8:18:47 PM",Kudos,Post,38994741
"Aug 20, 2025, 10:48:30 PM",Kudos,Activity,15529813662
"Aug 20, 2025, 10:48:44 PM",Kudos,Activity,15529500761
"Aug 20, 2025, 10:48:56 PM",Kudos,Activity,15529471620
"Aug 20, 2025, 10:58:04 PM",Kudos,Activity,15529974346
"Aug 20, 2025, 11:27:00 PM",Kudos,Activity,15530180314
"Aug 20, 2025, 11:27:07 PM",Kudos,Activity,15530176584
"Aug 21, 2025, 12:51:15 AM",Kudos,Activity,15530758105
"Aug 21, 2025, 12:51:22 AM",Kudos,Activity,15530708166
"Aug 21, 2025, 12:51:26 AM",Kudos,Activity,15530678616
"Aug 21, 2025, 12:51:53 AM",Kudos,Activity,15530768067
"Aug 21, 2025, 12:51:54 AM",Kudos,Activity,15530613669
"Aug 21, 2025, 12:52:02 AM",Kudos,Activity,15530646700
"Aug 21, 2025, 12:52:16 AM",Kudos,Activity,15530665548
"Aug 21, 2025, 12:52:18 AM",Kudos,Activity,15530654870
"Aug 21, 2025, 12:52:34 AM",Kudos,Activity,15530593164
"Aug 21, 2025, 12:52:42 AM",Kudos,Activity,15530594091
"Aug 21, 2025, 12:52:46 AM",Kudos,Activity,15530544776
"Aug 21, 2025, 12:52:52 AM",Kudos,Activity,15530523634
"Aug 21, 2025, 12:53:01 AM",Kudos,Activity,15530512932
"Aug 21, 2025, 12:53:05 AM",Kudos,Activity,15530617516
"Aug 21, 2025, 12:53:15 AM",Kudos,Activity,15530324549
"Aug 21, 2025, 12:54:18 AM",Kudos,Activity,15530838117
"Aug 21, 2025, 1:08:53 AM",Kudos,Activity,15530934662
"Aug 21, 2025, 1:08:57 AM",Kudos,Activity,15530938301
"Aug 21, 2025, 1:09:04 AM",Kudos,Activity,15530879425
"Aug 21, 2025, 1:48:26 AM",Kudos,Activity,15531149946
"Aug 21, 2025, 1:48:32 AM",Kudos,Activity,15531136987
"Aug 21, 2025, 10:03:36 AM",Kudos,Activity,15531627051
"Aug 21, 2025, 10:03:50 AM",Kudos,Activity,15531562444
"Aug 21, 2025, 11:12:31 AM",Kudos,Activity,15531718571
"Aug 21, 2025, 11:20:37 AM",Kudos,Activity,15534581208
"Aug 21, 2025, 12:00:35 PM",Kudos,Activity,15535048389
"Aug 21, 2025, 12:00:41 PM",Kudos,Activity,15534996719
"Aug 21, 2025, 12:00:45 PM",Kudos,Activity,15534981023
"Aug 21, 2025, 12:00:48 PM",Kudos,Activity,15534762101
"Aug 21, 2025, 12:00:53 PM",Kudos,Activity,15534739289
"Aug 21, 2025, 12:06:09 PM",Kudos,Activity,15535096093
"Aug 21, 2025, 12:21:22 PM",Kudos,Activity,15535284018
"Aug 21, 2025, 1:12:34 PM",Kudos,Activity,15535653753
"Aug 21, 2025, 1:12:37 PM",Kudos,Activity,15535649840
"Aug 21, 2025, 1:12:42 PM",Kudos,Activity,15535642885
"Aug 21, 2025, 1:12:58 PM",Kudos,Activity,15535380642
"Aug 21, 2025, 1:13:09 PM",Kudos,Activity,15535492213
"Aug 21, 2025, 1:46:29 PM",Kudos,Activity,15536122880
"Aug 21, 2025, 3:01:04 PM",Kudos,Activity,15536270240
"Aug 21, 2025, 8:32:10 PM",Kudos,Activity,15539944996
"Aug 21, 2025, 9:24:49 PM",Kudos,Activity,15540531938
"Aug 21, 2025, 9:24:51 PM",Kudos,Activity,15540326479
"Aug 21, 2025, 11:05:45 PM",Kudos,Activity,15541171656
"Aug 21, 2025, 11:05:53 PM",Kudos,Activity,15541113546
"Aug 21, 2025, 11:05:57 PM",Kudos,Activity,15541076091
"Aug 21, 2025, 11:15:15 PM",Kudos,Activity,15541295043
"Aug 21, 2025, 11:15:45 PM",Kudos,Activity,15540864725
"Aug 22, 2025, 2:31:40 AM",Kudos,Activity,15542358727
"Aug 22, 2025, 2:31:44 AM",Kudos,Activity,15542241665
"Aug 22, 2025, 2:31:51 AM",Kudos,Activity,15542326224
"Aug 22, 2025, 2:31:53 AM",Kudos,Activity,15542445852
"Aug 22, 2025, 2:31:55 AM",Kudos,Activity,15542445854
"Aug 22, 2025, 2:32:10 AM",Kudos,Activity,15542121419
"Aug 22, 2025, 2:32:19 AM",Kudos,Activity,15541931554
"Aug 22, 2025, 2:32:20 AM",Kudos,Activity,15541978722
"Aug 22, 2025, 2:32:24 AM",Kudos,Activity,15541922647
"Aug 22, 2025, 2:32:26 AM",Kudos,Activity,15541883817
"Aug 22, 2025, 2:32:27 AM",Kudos,Activity,15541866322
"Aug 22, 2025, 2:32:40 AM",Kudos,Activity,15541805728
"Aug 22, 2025, 2:32:45 AM",Kudos,Activity,15541755296
"Aug 22, 2025, 2:32:53 AM",Kudos,Activity,15541700885
"Aug 22, 2025, 2:33:04 AM",Kudos,Activity,15541608663
"Aug 22, 2025, 2:33:11 AM",Kudos,Activity,15541676249
"Aug 22, 2025, 2:33:45 AM",Kudos,Activity,15541755240
"Aug 22, 2025, 2:33:50 AM",Kudos,Activity,15541758372
"Aug 22, 2025, 2:34:12 AM",Kudos,Activity,15541317374
"Aug 22, 2025, 2:44:07 AM",Kudos,Activity,15542549865
"Aug 22, 2025, 2:54:44 AM",Kudos,Activity,15542150662
"Aug 22, 2025, 11:22:25 AM",Kudos,Activity,15545635773
"Aug 22, 2025, 11:22:31 AM",Kudos,Activity,15545610933
"Aug 22, 2025, 11:22:34 AM",Kudos,Activity,15545527959
"Aug 22, 2025, 11:22:35 AM",Kudos,Activity,15545523539
"Aug 22, 2025, 11:22:37 AM",Kudos,Activity,15545600402
"Aug 22, 2025, 11:43:20 AM",Kudos,Activity,15545866845
"Aug 22, 2025, 12:29:30 PM",Kudos,Activity,15546249646
"Aug 22, 2025, 12:36:43 PM",Kudos,Activity,15546389551
"Aug 22, 2025, 12:36:53 PM",Kudos,Activity,15546376707
"Aug 22, 2025, 12:46:52 PM",Kudos,Activity,15546459287
"Aug 22, 2025, 2:27:09 PM",Kudos,Activity,15547313616
"Aug 22, 2025, 2:27:17 PM",Kudos,Activity,15546858073
"Aug 22, 2025, 2:28:11 PM",Kudos,Activity,15547012035
"Aug 22, 2025, 2:28:18 PM",Kudos,Activity,15546664230
"Aug 22, 2025, 8:24:51 PM",Kudos,Activity,15550337542
"Aug 22, 2025, 8:26:19 PM",Kudos,Activity,15549768553
"Aug 22, 2025, 8:26:38 PM",Kudos,Activity,15548867572
"Aug 22, 2025, 10:19:31 PM",Kudos,Activity,15551189609
"Aug 22, 2025, 10:19:39 PM",Kudos,Activity,15551251800
"Aug 22, 2025, 10:19:43 PM",Kudos,Activity,15551140855
"Aug 23, 2025, 12:46:53 AM",Kudos,Activity,15551775753
"Aug 23, 2025, 12:47:14 AM",Kudos,Activity,15551652180
"Aug 23, 2025, 12:48:48 AM",Kudos,Activity,15551513167
"Aug 23, 2025, 12:48:51 AM",Kudos,Activity,15551481389
"Aug 23, 2025, 12:48:54 AM",Kudos,Activity,15551350705
"Aug 23, 2025, 12:48:56 AM",Kudos,Activity,15551481491
"Aug 23, 2025, 10:22:02 AM",Kudos,Activity,15553108752
"Aug 23, 2025, 10:22:11 AM",Kudos,Activity,15552783675
"Aug 23, 2025, 11:33:07 AM",Kudos,Activity,15556611655
"Aug 23, 2025, 7:03:46 PM",Kudos,Activity,15561759083
"Aug 23, 2025, 7:03:52 PM",Kudos,Activity,15561408889
"Aug 23, 2025, 7:03:53 PM",Kudos,Activity,15561435243
"Aug 23, 2025, 7:03:56 PM",Kudos,Activity,15561279474
"Aug 23, 2025, 7:04:00 PM",Kudos,Activity,15561274846
"Aug 23, 2025, 7:04:03 PM",Kudos,Activity,15561152532
"Aug 23, 2025, 7:04:20 PM",Kudos,Activity,15560862094
"Aug 23, 2025, 7:04:27 PM",Kudos,Activity,15560989756
"Aug 23, 2025, 7:04:38 PM",Kudos,Activity,15560394994
"Aug 23, 2025, 7:04:40 PM",Kudos,Activity,15560334505
"Aug 23, 2025, 7:04:48 PM",Kudos,Activity,15560208755
"Aug 23, 2025, 7:04:52 PM",Kudos,Activity,15560428422
"Aug 23, 2025, 7:04:57 PM",Kudos,Activity,15560177742
"Aug 23, 2025, 7:04:58 PM",Kudos,Activity,15560123463
"Aug 23, 2025, 7:05:01 PM",Kudos,Activity,15560004928
"Aug 23, 2025, 7:05:03 PM",Kudos,Activity,15559829730
"Aug 23, 2025, 7:05:08 PM",Kudos,Activity,15560022724
"Aug 23, 2025, 7:05:10 PM",Kudos,Activity,15559987404
"Aug 23, 2025, 7:05:15 PM",Kudos,Activity,15559659583
"Aug 23, 2025, 7:05:21 PM",Kudos,Activity,15559901044
"Aug 23, 2025, 7:05:26 PM",Kudos,Activity,15560123887
"Aug 23, 2025, 7:05:33 PM",Kudos,Activity,15559454189
"Aug 23, 2025, 7:05:38 PM",Kudos,Activity,15559563618
"Aug 23, 2025, 7:05:44 PM",Kudos,Activity,15559449728
"Aug 23, 2025, 7:05:59 PM",Kudos,Activity,15559540881
"Aug 23, 2025, 7:06:13 PM",Kudos,Activity,15559121090
"Aug 23, 2025, 7:06:21 PM",Kudos,Activity,15558718019
"Aug 23, 2025, 7:06:24 PM",Kudos,Activity,15558690079
"Aug 23, 2025, 7:06:27 PM",Kudos,Activity,15558778997
"Aug 23, 2025, 7:06:34 PM",Kudos,Activity,15558533839
"Aug 23, 2025, 7:06:39 PM",Kudos,Activity,15558683830
"Aug 23, 2025, 7:06:49 PM",Kudos,Activity,15558349433
"Aug 23, 2025, 7:07:00 PM",Kudos,Activity,15558176368
"Aug 23, 2025, 7:07:07 PM",Kudos,Activity,15558200507
"Aug 23, 2025, 7:07:10 PM",Kudos,Activity,15558104477
"Aug 23, 2025, 7:07:24 PM",Kudos,Activity,15558179018
"Aug 23, 2025, 7:07:27 PM",Kudos,Activity,15558013464
"Aug 23, 2025, 7:07:38 PM",Kudos,Activity,15557985693
"Aug 23, 2025, 7:07:42 PM",Kudos,Activity,15557876437
"Aug 23, 2025, 7:07:47 PM",Kudos,Activity,15558043611
"Aug 23, 2025, 7:07:55 PM",Kudos,Activity,15558081575
"Aug 23, 2025, 7:08:01 PM",Kudos,Activity,15557760178
"Aug 23, 2025, 7:08:04 PM",Kudos,Activity,15557812971
"Aug 23, 2025, 7:08:14 PM",Kudos,Activity,15557757933
"Aug 23, 2025, 7:08:17 PM",Kudos,Activity,15558115198
"Aug 23, 2025, 7:08:24 PM",Kudos,Activity,15557652130
"Aug 23, 2025, 7:08:25 PM",Kudos,Activity,15557668354
"Aug 23, 2025, 7:08:31 PM",Kudos,Activity,15557639067
"Aug 23, 2025, 7:08:36 PM",Kudos,Activity,15557791393
"Aug 23, 2025, 7:08:41 PM",Kudos,Activity,15557566281
"Aug 23, 2025, 7:36:30 PM",Kudos,Activity,15561831614
"Aug 23, 2025, 8:54:36 PM",Kudos,Activity,15562360421
"Aug 23, 2025, 8:54:41 PM",Kudos,Activity,15562064206
"Aug 23, 2025, 9:06:18 PM",Kudos,Activity,15562481583
"Aug 24, 2025, 1:04:31 AM",Kudos,Activity,15563628193
"Aug 24, 2025, 1:04:44 AM",Kudos,Activity,15562946798
"Aug 24, 2025, 1:04:48 AM",Kudos,Activity,15562619832
"Aug 24, 2025, 1:29:58 AM",Kudos,Activity,15564146432
"Aug 24, 2025, 1:10:56 PM",Kudos,Activity,15569623485
"Aug 24, 2025, 2:00:00 PM",Kudos,Activity,15570336551
"Aug 24, 2025, 2:23:31 PM",Kudos,Activity,15570663902
"Aug 24, 2025, 3:53:38 PM",Kudos,Activity,15571421227
"Aug 24, 2025, 4:08:11 PM",Kudos,Activity,15571300513
"Aug 24, 2025, 4:08:15 PM",Kudos,Activity,15571382274
"Aug 24, 2025, 4:08:20 PM",Kudos,Activity,15570959899
"Aug 24, 2025, 4:08:40 PM",Kudos,Activity,15570555946
"Aug 24, 2025, 4:23:58 PM",Kudos,Activity,15572233858
"Aug 24, 2025, 5:09:47 PM",Kudos,Activity,15572750218
"Aug 24, 2025, 7:06:27 PM",Kudos,Activity,15573533341
"Aug 24, 2025, 7:06:35 PM",Kudos,Activity,15573465130
"Aug 24, 2025, 7:20:26 PM",Kudos,Activity,15574028357
"Aug 25, 2025, 1:39:11 AM",Kudos,Activity,15576097755
"Aug 25, 2025, 1:39:14 AM",Kudos,Activity,15576084816
"Aug 25, 2025, 1:40:22 AM",Kudos,Activity,15575864461
"Aug 25, 2025, 1:40:42 AM",Kudos,Activity,15575672816
"Aug 25, 2025, 1:40:48 AM",Kudos,Activity,15575659984
"Aug 25, 2025, 1:40:55 AM",Kudos,Activity,15575668934
"Aug 25, 2025, 1:40:56 AM",Kudos,Activity,15575632632
"Aug 25, 2025, 1:41:00 AM",Kudos,Activity,15575503992
"Aug 25, 2025, 1:41:08 AM",Kudos,Activity,15575407405
"Aug 25, 2025, 1:41:13 AM",Kudos,Activity,15575268133
"Aug 25, 2025, 1:41:18 AM",Kudos,Activity,15575237039
"Aug 25, 2025, 1:41:54 AM",Kudos,Activity,15574928549
"Aug 25, 2025, 1:42:02 AM",Kudos,Activity,15574864902
"Aug 25, 2025, 1:42:07 AM",Kudos,Activity,15574860013
"Aug 25, 2025, 1:42:53 AM",Kudos,Activity,15574495112
"Aug 25, 2025, 1:43:49 AM",Kudos,Activity,15574212798
"Aug 25, 2025, 1:43:52 AM",Kudos,Activity,15574152306
"Aug 25, 2025, 10:39:57 AM",Kudos,Activity,15578796176
"Aug 25, 2025, 11:36:59 AM",Kudos,Activity,15579526570
"Aug 25, 2025, 11:37:05 AM",Kudos,Activity,15579338098
"Aug 25, 2025, 11:37:09 AM",Kudos,Activity,15579089045
"Aug 25, 2025, 11:55:32 AM",Kudos,Activity,15579706309
"Aug 25, 2025, 11:55:33 AM",Kudos,Activity,15579733330
"Aug 25, 2025, 11:55:35 AM",Kudos,Activity,15579705559
"Aug 25, 2025, 12:04:55 PM",Kudos,Activity,15579793986
"Aug 25, 2025, 1:41:11 PM",Kudos,Activity,15580525935
"Aug 25, 2025, 1:41:19 PM",Kudos,Activity,15580236250
"Aug 25, 2025, 1:41:22 PM",Kudos,Activity,15580233035
"Aug 25, 2025, 1:41:29 PM",Kudos,Activity,15580099227
"Aug 25, 2025, 1:41:31 PM",Kudos,Activity,15580077264
"Aug 25, 2025, 1:41:34 PM",Kudos,Activity,15580065514
"Aug 25, 2025, 1:41:38 PM",Kudos,Activity,15580055396
"Aug 25, 2025, 1:41:47 PM",Kudos,Activity,15580013853
"Aug 25, 2025, 2:23:43 PM",Kudos,Activity,15581204906
"Aug 25, 2025, 2:24:20 PM",Kudos,Activity,15581190141
"Aug 25, 2025, 4:31:42 PM",Kudos,Activity,15582483010
"Aug 25, 2025, 8:37:36 PM",Kudos,Activity,15584726319
"Aug 25, 2025, 8:37:54 PM",Kudos,Activity,15585032278
"Aug 25, 2025, 11:14:47 PM",Kudos,Activity,15586218904
"Aug 26, 2025, 12:37:18 AM",Kudos,Activity,15586957151
"Aug 26, 2025, 1:27:09 AM",Kudos,Activity,15586838104
"Aug 26, 2025, 1:27:11 AM",Kudos,Activity,15587103223
"Aug 26, 2025, 1:27:16 AM",Kudos,Activity,15587016672
"Aug 26, 2025, 1:27:31 AM",Kudos,Activity,15587101432
"Aug 26, 2025, 1:27:34 AM",Kudos,Activity,15586896386
"Aug 26, 2025, 1:27:37 AM",Kudos,Activity,15587013795
"Aug 26, 2025, 1:27:40 AM",Kudos,Activity,15587019649
"Aug 26, 2025, 1:27:53 AM",Kudos,Activity,15586975679
"Aug 26, 2025, 1:27:56 AM",Kudos,Activity,15586975884
"Aug 26, 2025, 1:27:59 AM",Kudos,Activity,15586799361
"Aug 26, 2025, 1:28:02 AM",Kudos,Activity,15586893387
"Aug 26, 2025, 1:28:07 AM",Kudos,Activity,15586899382
"Aug 26, 2025, 1:28:19 AM",Kudos,Activity,15586892030
"Aug 26, 2025, 1:28:22 AM",Kudos,Activity,15586860172
"Aug 26, 2025, 1:28:27 AM",Kudos,Activity,15586863879
"Aug 26, 2025, 1:28:30 AM",Kudos,Activity,15586875343
"Aug 26, 2025, 1:29:34 AM",Kudos,Activity,15586877901
"Aug 26, 2025, 1:29:40 AM",Kudos,Activity,15586932247
"Aug 26, 2025, 1:29:47 AM",Kudos,Activity,15586863896
"Aug 26, 2025, 1:29:54 AM",Kudos,Activity,15586851949
"Aug 26, 2025, 1:29:56 AM",Kudos,Activity,15586932245
"Aug 26, 2025, 1:29:58 AM",Kudos,Activity,15586908226
"Aug 26, 2025, 1:30:02 AM",Kudos,Activity,15586815187
"Aug 26, 2025, 1:30:06 AM",Kudos,Activity,15586788506
"Aug 26, 2025, 1:30:10 AM",Kudos,Activity,15586596073
"Aug 26, 2025, 1:30:12 AM",Kudos,Activity,15586485198
"Aug 26, 2025, 1:30:20 AM",Kudos,Activity,15586470613
"Aug 26, 2025, 1:30:26 AM",Kudos,Activity,15586370226
"Aug 26, 2025, 1:30:32 AM",Kudos,Activity,15586239003
"Aug 26, 2025, 1:31:20 AM",Kudos,Activity,15586455857
"Aug 26, 2025, 1:31:50 AM",Kudos,Activity,15586875312
"Aug 26, 2025, 1:32:27 AM",Kudos,Activity,15586988341
"Aug 26, 2025, 1:32:39 AM",Kudos,Activity,15587152085
"Aug 26, 2025, 1:32:42 AM",Kudos,Activity,15587178623
"Aug 26, 2025, 1:32:57 AM",Kudos,Activity,15587197493
"Aug 26, 2025, 1:35:58 AM",Kudos,Activity,15586897756
"Aug 26, 2025, 1:36:01 AM",Kudos,Activity,15586874533
"Aug 26, 2025, 1:45:15 AM",Kudos,Activity,15587380055
"Aug 26, 2025, 2:15:26 AM",Kudos,Activity,15587515842
"Aug 26, 2025, 2:26:13 AM",Kudos,Activity,15587534193
"Aug 26, 2025, 3:03:37 AM",Kudos,Activity,15587658937
"Aug 26, 2025, 3:03:42 AM",Kudos,Activity,15587665606
"Aug 26, 2025, 3:10:37 AM",Kudos,Activity,15587754914
"Aug 26, 2025, 9:52:23 AM",Kudos,Post,39116122
"Aug 26, 2025, 9:52:26 AM",Kudos,Post,39116007
"Aug 26, 2025, 9:52:28 AM",Kudos,Post,39115928
"Aug 26, 2025, 9:52:35 AM",Kudos,Activity,15587869092
"Aug 26, 2025, 9:52:38 AM",Kudos,Activity,15587757953
"Aug 26, 2025, 11:02:05 AM",Kudos,Activity,15590735521
"Aug 26, 2025, 11:39:16 AM",Kudos,Activity,15591204031
"Aug 26, 2025, 11:39:38 AM",Kudos,Activity,15591210727
"Aug 26, 2025, 11:57:11 AM",Kudos,Activity,15591430565
"Aug 26, 2025, 11:57:12 AM",Kudos,Activity,15591452676
"Aug 26, 2025, 11:57:15 AM",Kudos,Activity,15591345518
"Aug 26, 2025, 11:57:17 AM",Kudos,Activity,15591334986
"Aug 26, 2025, 11:57:24 AM",Kudos,Activity,15591210494
"Aug 26, 2025, 12:19:29 PM",Kudos,Activity,15591651493
"Aug 26, 2025, 12:19:32 PM",Kudos,Activity,15591524790
"Aug 26, 2025, 12:51:53 PM",Kudos,Activity,15592003056
"Aug 26, 2025, 12:52:01 PM",Kudos,Activity,15591957659
"Aug 26, 2025, 12:52:05 PM",Kudos,Activity,15592003385
"Aug 26, 2025, 12:52:10 PM",Kudos,Activity,15591957619
"Aug 26, 2025, 12:52:15 PM",Kudos,Activity,15591934061
"Aug 26, 2025, 1:17:20 PM",Kudos,Activity,15592302593
"Aug 26, 2025, 1:17:27 PM",Kudos,Activity,15592128889
"Aug 26, 2025, 1:49:31 PM",Kudos,Activity,15585770671
"Aug 26, 2025, 4:12:32 PM",Kudos,Activity,15593485813
"Aug 26, 2025, 4:12:37 PM",Kudos,Activity,15593432521
"Aug 26, 2025, 4:12:49 PM",Kudos,Post,39124810
"Aug 26, 2025, 4:13:14 PM",Kudos,Activity,15592879267
"Aug 26, 2025, 6:43:14 PM",Kudos,Activity,15595974734
"Aug 26, 2025, 6:58:00 PM",Kudos,Activity,15596115645
"Aug 26, 2025, 8:15:06 PM",Kudos,Activity,15597062228
"Aug 26, 2025, 8:36:43 PM",Kudos,Activity,15597282994
"Aug 26, 2025, 8:47:36 PM",Kudos,Activity,15597387319
"Aug 26, 2025, 8:57:31 PM",Kudos,Activity,15597434592
"Aug 26, 2025, 9:18:00 PM",Kudos,Activity,15597623962
"Aug 26, 2025, 9:45:54 PM",Kudos,Activity,15597826512
"Aug 26, 2025, 9:59:12 PM",Kudos,Activity,15597943189
"Aug 26, 2025, 10:25:45 PM",Kudos,Activity,15598142255
"Aug 26, 2025, 10:26:00 PM",Kudos,Activity,15598071709
"Aug 26, 2025, 10:26:02 PM",Kudos,Activity,15598111503
"Aug 26, 2025, 10:26:05 PM",Kudos,Activity,15598064333
"Aug 26, 2025, 10:37:09 PM",Kudos,Activity,15598259788
"Aug 26, 2025, 10:55:51 PM",Kudos,Activity,15598413388
"Aug 27, 2025, 12:25:09 AM",Kudos,Activity,15599128034
"Aug 27, 2025, 12:25:10 AM",Kudos,Activity,15599157634
"Aug 27, 2025, 12:25:30 AM",Kudos,Activity,15599038644
"Aug 27, 2025, 12:25:33 AM",Kudos,Activity,15598984544
"Aug 27, 2025, 12:25:42 AM",Kudos,Activity,15598911565
"Aug 27, 2025, 12:25:45 AM",Kudos,Activity,15598896072
"Aug 27, 2025, 12:25:49 AM",Kudos,Activity,15598813719
"Aug 27, 2025, 12:26:22 AM",Kudos,Activity,15598517049
"Aug 27, 2025, 12:26:33 AM",Kudos,Activity,15598553420
"Aug 27, 2025, 12:26:35 AM",Kudos,Activity,15598553424
"Aug 27, 2025, 12:34:12 AM",Kudos,Activity,15599250533
"Aug 27, 2025, 12:34:14 AM",Kudos,Activity,15599244329
"Aug 27, 2025, 12:41:25 AM",Kudos,Activity,15599180969
"Aug 27, 2025, 12:56:33 AM",Kudos,Activity,15599382483
"Aug 27, 2025, 12:56:40 AM",Kudos,Activity,15599299003
"Aug 27, 2025, 12:56:48 AM",Kudos,Activity,15599275662
"Aug 27, 2025, 2:33:39 AM",Kudos,Activity,15599864946
"Aug 27, 2025, 3:07:42 AM",Kudos,Activity,15600041041
"Aug 27, 2025, 3:07:44 AM",Kudos,Activity,15600059977
"Aug 27, 2025, 12:14:59 PM",Kudos,Activity,15603828860
"Aug 27, 2025, 12:15:08 PM",Kudos,Activity,15603825153
"Aug 27, 2025, 12:15:22 PM",Kudos,Activity,15603596157
"Aug 27, 2025, 12:15:24 PM",Kudos,Activity,15603577931
"Aug 27, 2025, 12:15:26 PM",Kudos,Activity,15603562280
"Aug 27, 2025, 12:15:29 PM",Kudos,Activity,15603655754
"Aug 27, 2025, 12:15:35 PM",Kudos,Activity,15603655768
"Aug 27, 2025, 12:15:36 PM",Kudos,Activity,15603655758
"Aug 27, 2025, 12:15:41 PM",Kudos,Activity,15603440544
"Aug 27, 2025, 12:15:43 PM",Kudos,Activity,15603044893
"Aug 27, 2025, 12:15:44 PM",Kudos,Activity,15603029169
"Aug 27, 2025, 12:15:50 PM",Kudos,Activity,15603649516
"Aug 27, 2025, 12:15:53 PM",Kudos,Activity,15603649738
"Aug 27, 2025, 12:17:35 PM",Kudos,Activity,15603879100
"Aug 27, 2025, 1:24:01 PM",Kudos,Activity,15604530862
"Aug 27, 2025, 1:24:19 PM",Kudos,Activity,15604157965
"Aug 27, 2025, 1:24:34 PM",Kudos,Activity,15603966846
"Aug 27, 2025, 1:24:36 PM",Kudos,Activity,15603949648
"Aug 27, 2025, 2:17:06 PM",Kudos,Activity,15604936953
"Aug 27, 2025, 2:17:09 PM",Kudos,Activity,15604719703
"Aug 27, 2025, 2:17:12 PM",Kudos,Activity,15604719843
"Aug 27, 2025, 2:53:20 PM",Kudos,Activity,15605381741
"Aug 27, 2025, 2:58:11 PM",Kudos,Activity,15605097951
"Aug 27, 2025, 5:14:17 PM",Kudos,Activity,15606716590
"Aug 27, 2025, 5:14:27 PM",Kudos,Activity,15605989498
"Aug 27, 2025, 7:26:46 PM",Kudos,Activity,15608217781
"Aug 27, 2025, 7:26:51 PM",Kudos,Activity,15607223739
"Aug 27, 2025, 7:58:52 PM",Kudos,Activity,15608871528
"Aug 27, 2025, 8:18:32 PM",Kudos,Activity,15609038338
"Aug 27, 2025, 8:53:46 PM",Kudos,Activity,15609289161
"Aug 27, 2025, 9:10:35 PM",Kudos,Activity,15609400459
"Aug 27, 2025, 9:10:39 PM",Kudos,Activity,15609373740
"Aug 27, 2025, 9:39:46 PM",Kudos,Activity,15609496897
"Aug 27, 2025, 10:50:01 PM",Kudos,Activity,15610167399
"Aug 27, 2025, 10:50:03 PM",Kudos,Activity,15610167186
"Aug 27, 2025, 10:50:40 PM",Kudos,Activity,15610029296
"Aug 27, 2025, 10:50:43 PM",Kudos,Activity,15609991551
"Aug 27, 2025, 10:51:04 PM",Kudos,Activity,15609693390
"Aug 27, 2025, 10:51:11 PM",Kudos,Activity,15609721488
"Aug 27, 2025, 11:18:01 PM",Kudos,Activity,15610371618
"Aug 27, 2025, 11:21:30 PM",Kudos,Activity,15610448502
"Aug 27, 2025, 11:21:33 PM",Kudos,Activity,15610347649
"Aug 27, 2025, 11:21:36 PM",Kudos,Activity,15610308208
"Aug 27, 2025, 11:21:47 PM",Kudos,Activity,15610277380
"Aug 27, 2025, 11:27:57 PM",Kudos,Activity,15610492120
"Aug 28, 2025, 12:37:20 AM",Kudos,Activity,15610988392
"Aug 28, 2025, 1:00:24 AM",Kudos,Activity,15611109442
"Aug 28, 2025, 1:00:53 AM",Kudos,Activity,15611093878
"Aug 28, 2025, 1:01:46 AM",Kudos,Activity,15611132084
"Aug 28, 2025, 1:01:53 AM",Kudos,Activity,15611071057
"Aug 28, 2025, 1:02:05 AM",Kudos,Activity,15611106787
"Aug 28, 2025, 1:02:12 AM",Kudos,Activity,15611003643
"Aug 28, 2025, 1:02:20 AM",Kudos,Activity,15610953460
"Aug 28, 2025, 1:02:42 AM",Kudos,Activity,15610872628
"Aug 28, 2025, 1:02:53 AM",Kudos,Activity,15610752800
"Aug 28, 2025, 1:02:59 AM",Kudos,Activity,15610702163
"Aug 28, 2025, 1:03:10 AM",Kudos,Activity,15610569004
"Aug 28, 2025, 1:03:21 AM",Kudos,Activity,15610518419
"Aug 28, 2025, 2:02:02 AM",Kudos,Activity,15611380765
"Aug 28, 2025, 2:02:05 AM",Kudos,Activity,15611496226
"Aug 28, 2025, 2:02:11 AM",Kudos,Activity,15611359578
"Aug 28, 2025, 2:02:13 AM",Kudos,Activity,15611410042
"Aug 28, 2025, 2:02:30 AM",Kudos,Activity,15611360016
"Aug 28, 2025, 2:07:20 AM",Kudos,Activity,15611113973
"Aug 28, 2025, 2:07:21 AM",Kudos,Activity,15610967809
"Aug 28, 2025, 2:12:57 AM",Kudos,Activity,15611406993
"Aug 28, 2025, 3:04:56 AM",Kudos,Activity,15611721483
"Aug 28, 2025, 9:41:50 AM",Kudos,Activity,15613367887
"Aug 28, 2025, 11:38:40 AM",Kudos,Activity,15614728782
"Aug 28, 2025, 11:38:42 AM",Kudos,Activity,15614673330
"Aug 28, 2025, 11:38:47 AM",Kudos,Post,39160779
"Aug 28, 2025, 11:38:52 AM",Kudos,Activity,15614442167
"Aug 28, 2025, 11:39:05 AM",Kudos,Activity,15611350817
"Aug 28, 2025, 12:32:54 PM",Kudos,Activity,15615050731
"Aug 28, 2025, 12:39:11 PM",Kudos,Activity,15615105545
"Aug 28, 2025, 12:39:28 PM",Kudos,Activity,15614997264
"Aug 28, 2025, 2:04:12 PM",Kudos,Activity,15616047083
"Aug 28, 2025, 2:04:19 PM",Kudos,Activity,15615870244
"Aug 28, 2025, 2:04:22 PM",Kudos,Activity,15615815026
"Aug 28, 2025, 2:04:26 PM",Kudos,Activity,15615593190
"Aug 28, 2025, 2:04:41 PM",Kudos,Activity,15616045014
"Aug 28, 2025, 2:05:13 PM",Kudos,Activity,15615655747
"Aug 28, 2025, 2:05:22 PM",Kudos,Activity,15616069269
"Aug 28, 2025, 2:11:03 PM",Kudos,Activity,15616388621
"Aug 28, 2025, 2:54:43 PM",Kudos,Activity,15616655087
"Aug 28, 2025, 5:40:39 PM",Kudos,Activity,15618454656
"Aug 29, 2025, 10:01:43 AM",Kudos,Activity,15622710228
"Aug 29, 2025, 10:01:50 AM",Kudos,Activity,15621995180
"Aug 29, 2025, 10:01:58 AM",Kudos,Activity,15621924193
"Aug 29, 2025, 10:02:44 AM",Kudos,Activity,15621898736
"Aug 29, 2025, 10:02:58 AM",Kudos,Activity,15621860441
"Aug 29, 2025, 10:03:00 AM",Kudos,Activity,15621890211
"Aug 29, 2025, 10:03:07 AM",Kudos,Activity,15621887467
"Aug 29, 2025, 10:03:13 AM",Kudos,Activity,15621807948
"Aug 29, 2025, 10:03:31 AM",Kudos,Activity,15621890656
"Aug 29, 2025, 10:03:42 AM",Kudos,Activity,15621713286
"Aug 29, 2025, 10:03:45 AM",Kudos,Activity,15621702494
"Aug 29, 2025, 10:04:01 AM",Kudos,Activity,15621469049
"Aug 29, 2025, 10:04:04 AM",Kudos,Activity,15621419130
"Aug 29, 2025, 10:04:06 AM",Kudos,Activity,15621470223
"Aug 29, 2025, 10:04:16 AM",Kudos,Activity,15621136928
"Aug 29, 2025, 10:04:23 AM",Kudos,Activity,15621051290
"Aug 29, 2025, 10:04:28 AM",Kudos,Activity,15620953361
"Aug 29, 2025, 10:04:34 AM",Kudos,Activity,15620689517
"Aug 29, 2025, 10:04:52 AM",Kudos,Activity,15619974959
"Aug 29, 2025, 10:04:57 AM",Kudos,Activity,15618961122
"Aug 29, 2025, 10:05:05 AM",Kudos,Activity,15618698619
"Aug 29, 2025, 10:05:22 AM",Kudos,Activity,15618436333
"Aug 29, 2025, 11:20:54 AM",Kudos,Activity,15625177553
"Aug 29, 2025, 11:20:56 AM",Kudos,Activity,15625205027
"Aug 29, 2025, 11:20:57 AM",Kudos,Activity,15625188121
"Aug 29, 2025, 11:20:59 AM",Kudos,Activity,15625201825
"Aug 29, 2025, 11:21:01 AM",Kudos,Activity,15625179318
"Aug 29, 2025, 11:21:03 AM",Kudos,Activity,15625203569
"Aug 29, 2025, 12:35:34 PM",Kudos,Activity,15625947689
"Aug 29, 2025, 12:35:36 PM",Kudos,Activity,15625900183
"Aug 29, 2025, 12:35:38 PM",Kudos,Activity,15625872082
"Aug 29, 2025, 12:35:52 PM",Kudos,Activity,15625829554
"Aug 29, 2025, 12:36:01 PM",Kudos,Activity,15625600953
"Aug 29, 2025, 12:36:05 PM",Kudos,Activity,15625586186
"Aug 29, 2025, 12:37:18 PM",Kudos,Activity,15625463261
"Aug 29, 2025, 1:02:04 PM",Kudos,Activity,15626209791
"Aug 29, 2025, 1:02:09 PM",Kudos,Activity,15626015471
"Aug 29, 2025, 1:02:40 PM",Kudos,Activity,15626027130
"Aug 29, 2025, 1:02:46 PM",Kudos,Activity,15625332114
"Aug 29, 2025, 1:54:06 PM",Kudos,Activity,15626672704
"Aug 29, 2025, 3:02:58 PM",Kudos,Activity,15627220531
"Aug 29, 2025, 3:03:12 PM",Kudos,Activity,15626444284
"Aug 29, 2025, 3:03:16 PM",Kudos,Activity,15626400005
"Aug 29, 2025, 4:21:09 PM",Kudos,Activity,15628027673
"Aug 29, 2025, 4:21:13 PM",Kudos,Activity,15627319710
"Aug 29, 2025, 4:59:21 PM",Kudos,Activity,15628143174
"Aug 29, 2025, 6:00:56 PM",Kudos,Activity,15629000437
"Aug 29, 2025, 6:01:00 PM",Kudos,Activity,15628675393
"Aug 29, 2025, 6:09:06 PM",Kudos,Activity,15629099901
"Aug 29, 2025, 6:20:04 PM",Kudos,Activity,15629165980
"Aug 29, 2025, 6:20:08 PM",Kudos,Activity,15629166781
"Aug 29, 2025, 6:33:34 PM",Kudos,Activity,15629237468
"Aug 29, 2025, 6:33:40 PM",Kudos,Activity,15629227916
"Aug 29, 2025, 6:33:42 PM",Kudos,Activity,15629227933
"Aug 29, 2025, 6:41:23 PM",Kudos,Activity,15629337561
"Aug 29, 2025, 7:35:05 PM",Kudos,Activity,15629416341
"Aug 29, 2025, 10:18:39 PM",Kudos,Activity,15630741455
"Aug 29, 2025, 10:19:19 PM",Kudos,Activity,15625173852
"Aug 29, 2025, 10:19:33 PM",Kudos,Activity,15630728527
"Aug 29, 2025, 10:19:56 PM",Kudos,Activity,15630532811
"Aug 29, 2025, 10:20:00 PM",Kudos,Activity,15630516427
"Aug 29, 2025, 10:20:02 PM",Kudos,Activity,15630487136
"Aug 29, 2025, 10:20:14 PM",Kudos,Activity,15630180670
"Aug 30, 2025, 12:39:24 AM",Kudos,Activity,15631541652
"Aug 30, 2025, 12:39:27 AM",Kudos,Activity,15631418875
"Aug 30, 2025, 12:39:41 AM",Kudos,Activity,15631586971
"Aug 30, 2025, 12:39:45 AM",Kudos,Activity,15631383813
"Aug 30, 2025, 12:39:51 AM",Kudos,Activity,15631259547
"Aug 30, 2025, 12:40:02 AM",Kudos,Activity,15630974486
"Aug 30, 2025, 12:40:06 AM",Kudos,Activity,15630832296
"Aug 30, 2025, 12:40:09 AM",Kudos,Activity,15631015714
"Aug 30, 2025, 1:09:22 AM",Kudos,Activity,15631846961
"Aug 30, 2025, 1:09:27 AM",Kudos,Activity,15631703899
"Aug 30, 2025, 2:20:02 AM",Kudos,Activity,15631987705
"Aug 30, 2025, 11:08:15 AM",Kudos,Activity,15632704897
"Aug 30, 2025, 11:08:23 AM",Kudos,Activity,15632332141
"Aug 30, 2025, 10:11:13 PM",Kudos,Activity,15641581273
"Aug 30, 2025, 10:11:15 PM",Kudos,Activity,15641572537
"Aug 30, 2025, 10:11:17 PM",Kudos,Activity,15641538827
"Aug 30, 2025, 10:11:47 PM",Kudos,Activity,15641372063
"Aug 30, 2025, 10:11:52 PM",Kudos,Activity,15640955912
"Aug 30, 2025, 10:12:19 PM",Kudos,Activity,15640942473
"Aug 30, 2025, 10:12:52 PM",Kudos,Activity,15639572211
"Aug 30, 2025, 10:12:56 PM",Kudos,Activity,15639342851
"Aug 30, 2025, 10:13:01 PM",Kudos,Activity,15639298892
"Aug 30, 2025, 10:13:08 PM",Kudos,Activity,15639128133
"Aug 30, 2025, 10:13:31 PM",Kudos,Activity,15639018365
"Aug 30, 2025, 10:13:33 PM",Kudos,Activity,15638932106
"Aug 30, 2025, 10:13:37 PM",Kudos,Activity,15638862119
"Aug 30, 2025, 10:13:48 PM",Kudos,Activity,15638975297
"Aug 30, 2025, 10:13:54 PM",Kudos,Activity,15638876700
"Aug 30, 2025, 10:13:58 PM",Kudos,Activity,15638940481
"Aug 30, 2025, 10:14:04 PM",Kudos,Activity,15638811577
"Aug 30, 2025, 10:14:06 PM",Kudos,Activity,15638743176
"Aug 30, 2025, 10:14:09 PM",Kudos,Activity,15638517533
"Aug 30, 2025, 10:14:11 PM",Kudos,Activity,15638492804
"Aug 30, 2025, 10:14:38 PM",Kudos,Activity,15639345936
"Aug 30, 2025, 10:14:44 PM",Kudos,Activity,15638662063
"Aug 30, 2025, 10:14:52 PM",Kudos,Activity,15638360625
"Aug 30, 2025, 10:15:00 PM",Kudos,Activity,15638374738
"Aug 30, 2025, 10:15:04 PM",Kudos,Activity,15638329410
"Aug 30, 2025, 10:15:08 PM",Kudos,Activity,15638369248
"Aug 30, 2025, 10:15:17 PM",Kudos,Activity,15638204903
"Aug 30, 2025, 10:15:21 PM",Kudos,Activity,15638300883
"Aug 30, 2025, 10:15:27 PM",Kudos,Activity,15638095724
"Aug 30, 2025, 10:15:33 PM",Kudos,Activity,15637952066
"Aug 30, 2025, 10:15:42 PM",Kudos,Activity,15637952832
"Aug 30, 2025, 10:15:55 PM",Kudos,Activity,15637908351
"Aug 30, 2025, 10:16:12 PM",Kudos,Activity,15637945298
"Aug 30, 2025, 10:16:19 PM",Kudos,Activity,15637820370
"Aug 30, 2025, 10:16:27 PM",Kudos,Activity,15637838377
"Aug 30, 2025, 10:16:28 PM",Kudos,Activity,15637772507
"Aug 30, 2025, 10:16:36 PM",Kudos,Activity,15637755303
"Aug 30, 2025, 10:16:40 PM",Kudos,Activity,15637761664
"Aug 30, 2025, 10:16:45 PM",Kudos,Activity,15637671896
"Aug 30, 2025, 10:16:50 PM",Kudos,Activity,15637654292
"Aug 30, 2025, 10:16:59 PM",Kudos,Activity,15637569748
"Aug 30, 2025, 10:17:12 PM",Kudos,Activity,15637444612
"Aug 30, 2025, 10:17:17 PM",Kudos,Activity,15637429064
"Aug 30, 2025, 10:17:23 PM",Kudos,Activity,15637496322
"Aug 30, 2025, 10:17:26 PM",Kudos,Activity,15637003667
"Aug 30, 2025, 10:17:33 PM",Kudos,Activity,15637592070
"Aug 30, 2025, 10:18:06 PM",Kudos,Activity,15637745712
"Aug 30, 2025, 10:18:09 PM",Kudos,Activity,15637391063
"Aug 30, 2025, 10:18:18 PM",Kudos,Activity,15637290606
"Aug 30, 2025, 10:18:27 PM",Kudos,Activity,15637194402
"Aug 30, 2025, 10:18:31 PM",Kudos,Activity,15637213589
"Aug 30, 2025, 10:18:33 PM",Kudos,Activity,15637154362
"Aug 30, 2025, 10:18:36 PM",Kudos,Activity,15637115931
"Aug 30, 2025, 10:18:41 PM",Kudos,Activity,15637088931
"Aug 30, 2025, 10:18:48 PM",Kudos,Activity,15636844299
"Aug 30, 2025, 10:18:51 PM",Kudos,Activity,15636759871
"Aug 30, 2025, 10:18:58 PM",Kudos,Activity,15636699383
"Aug 30, 2025, 10:19:06 PM",Kudos,Activity,15636572593
"Aug 30, 2025, 10:19:09 PM",Kudos,Activity,15636454723
"Aug 30, 2025, 10:20:03 PM",Kudos,Activity,15641982094
"Aug 30, 2025, 10:20:28 PM",Kudos,Activity,15641982004
"Aug 31, 2025, 1:09:03 AM",Kudos,Activity,15642769027
"Aug 31, 2025, 1:09:23 AM",Kudos,Activity,15642372163
"Aug 31, 2025, 10:28:06 AM",Kudos,Activity,15643832910
"Aug 31, 2025, 1:07:38 PM",Kudos,Activity,15648450637
"Aug 31, 2025, 1:07:50 PM",Kudos,Activity,15648539245
"Aug 31, 2025, 1:07:59 PM",Kudos,Activity,15648492283
"Aug 31, 2025, 1:08:13 PM",Kudos,Post,39222119
"Aug 31, 2025, 1:32:08 PM",Kudos,Activity,15648799673
"Aug 31, 2025, 1:32:13 PM",Kudos,Activity,15648738214
"Aug 31, 2025, 1:32:14 PM",Kudos,Activity,15648692898
"Aug 31, 2025, 1:32:25 PM",Kudos,Activity,15648633943
"Aug 31, 2025, 8:11:24 PM",Kudos,Activity,15652970914
"Aug 31, 2025, 8:11:33 PM",Kudos,Activity,15652432249
"Aug 31, 2025, 9:12:53 PM",Kudos,Activity,15653421069
"Aug 31, 2025, 9:12:55 PM",Kudos,Activity,15653434406
"Sep 1, 2025, 2:05:39 AM",Kudos,Activity,15654751492
"Sep 1, 2025, 5:43:11 PM",Kudos,Activity,15660904051
"Sep 2, 2025, 5:30:21 PM",Kudos,Activity,15673218883
"Sep 2, 2025, 5:30:35 PM",Kudos,Activity,15671137197
"Sep 2, 2025, 5:30:42 PM",Kudos,Activity,15670730215
"Sep 2, 2025, 5:30:53 PM",Kudos,Activity,15670596019
"Sep 2, 2025, 5:31:08 PM",Kudos,Activity,15670053226
"Sep 2, 2025, 5:31:28 PM",Kudos,Activity,15669838339
"Sep 2, 2025, 5:31:30 PM",Kudos,Activity,15670413757
"Sep 2, 2025, 5:31:31 PM",Kudos,Activity,15669811630
"Sep 2, 2025, 5:31:35 PM",Kudos,Activity,15672002644
"Sep 2, 2025, 5:31:37 PM",Kudos,Activity,15671277170
"Sep 2, 2025, 5:31:46 PM",Kudos,Post,39270126
"Sep 2, 2025, 5:32:02 PM",Kudos,Post,39270068
"Sep 2, 2025, 5:32:07 PM",Kudos,Activity,15669531672
"Sep 2, 2025, 5:32:14 PM",Kudos,Activity,15669235801
"Sep 2, 2025, 5:32:23 PM",Kudos,Activity,15669372339
"Sep 2, 2025, 5:32:29 PM",Kudos,Activity,15665982114
"Sep 2, 2025, 5:32:32 PM",Kudos,Activity,15665981194
"Sep 2, 2025, 5:32:37 PM",Kudos,Activity,15665647633
"Sep 2, 2025, 5:32:39 PM",Kudos,Activity,15666355342
"Sep 2, 2025, 5:32:42 PM",Kudos,Activity,15665484716
"Sep 2, 2025, 5:32:44 PM",Kudos,Activity,15665950518
"Sep 2, 2025, 5:32:45 PM",Kudos,Activity,15665652640
"Sep 2, 2025, 5:32:48 PM",Kudos,Activity,15665634909
"Sep 2, 2025, 5:32:51 PM",Kudos,Activity,15665658586
"Sep 2, 2025, 5:32:56 PM",Kudos,Activity,15665639758
"Sep 2, 2025, 5:32:58 PM",Kudos,Activity,15665975235
"Sep 2, 2025, 5:33:00 PM",Kudos,Activity,15665647609
"Sep 2, 2025, 5:33:03 PM",Kudos,Activity,15665626174
"Sep 2, 2025, 5:33:09 PM",Kudos,Activity,15665595023
"Sep 2, 2025, 5:33:17 PM",Kudos,Activity,15665581996
"Sep 2, 2025, 5:33:20 PM",Kudos,Activity,15666050217
"Sep 2, 2025, 5:33:22 PM",Kudos,Activity,15665556036
"Sep 2, 2025, 5:33:26 PM",Kudos,Activity,15665536153
"Sep 2, 2025, 5:33:28 PM",Kudos,Activity,15665542375
"Sep 2, 2025, 5:33:30 PM",Kudos,Activity,15665460169
"Sep 2, 2025, 5:33:32 PM",Kudos,Activity,15665906383
"Sep 2, 2025, 5:33:36 PM",Kudos,Activity,15665576215
"Sep 2, 2025, 5:33:39 PM",Kudos,Activity,15665301025
"Sep 2, 2025, 5:33:47 PM",Kudos,Activity,15665125678
"Sep 2, 2025, 5:33:49 PM",Kudos,Activity,15665008135
"Sep 2, 2025, 5:33:54 PM",Kudos,Activity,15664814689
"Sep 2, 2025, 5:34:07 PM",Kudos,Activity,15664120440
"Sep 2, 2025, 5:34:12 PM",Kudos,Activity,15663806132
"Sep 2, 2025, 5:34:19 PM",Kudos,Activity,15663769566
"Sep 2, 2025, 5:34:21 PM",Kudos,Activity,15663709272
"Sep 2, 2025, 5:34:27 PM",Kudos,Activity,15662550784
"Sep 2, 2025, 5:34:33 PM",Kudos,Activity,15662471310
"Sep 2, 2025, 5:34:36 PM",Kudos,Activity,15662426291
"Sep 2, 2025, 5:34:41 PM",Kudos,Activity,15662332025
"Sep 2, 2025, 5:34:45 PM",Kudos,Activity,15662135118
"Sep 2, 2025, 5:34:53 PM",Kudos,Activity,15662247897
"Sep 2, 2025, 5:35:00 PM",Kudos,Activity,15661502531
"Sep 2, 2025, 5:35:02 PM",Kudos,Activity,15663099754
"Sep 2, 2025, 5:35:06 PM",Kudos,Activity,15661436623
"Sep 2, 2025, 5:35:11 PM",Kudos,Activity,15660617912
"Sep 2, 2025, 5:35:13 PM",Kudos,Activity,15660677971
"Sep 2, 2025, 5:35:17 PM",Kudos,Activity,15660553969
"Sep 2, 2025, 5:35:19 PM",Kudos,Activity,15660352034
"Sep 2, 2025, 5:35:22 PM",Kudos,Activity,15660307640
"Sep 2, 2025, 5:35:26 PM",Kudos,Activity,15660412575
"Sep 2, 2025, 5:35:35 PM",Kudos,Activity,15660067338
"Sep 2, 2025, 5:35:38 PM",Kudos,Activity,15660042451
"Sep 2, 2025, 5:35:40 PM",Kudos,Activity,15660051218
"Sep 2, 2025, 5:35:43 PM",Kudos,Activity,15660010626
"Sep 2, 2025, 5:35:44 PM",Kudos,Activity,15660107480
"Sep 2, 2025, 5:35:46 PM",Kudos,Activity,15661127928
"Sep 2, 2025, 5:35:50 PM",Kudos,Activity,15659990519
"Sep 2, 2025, 5:35:53 PM",Kudos,Activity,15659646602
"Sep 2, 2025, 5:35:55 PM",Kudos,Activity,15659650815
"Sep 2, 2025, 5:36:01 PM",Kudos,Activity,15659604209
"Sep 2, 2025, 5:36:03 PM",Kudos,Activity,15659529429
"Sep 2, 2025, 5:36:06 PM",Kudos,Activity,15659454010
"Sep 2, 2025, 5:36:13 PM",Kudos,Activity,15659344891
"Sep 2, 2025, 5:36:15 PM",Kudos,Activity,15659283794
"Sep 2, 2025, 5:36:17 PM",Kudos,Activity,15659317013
"Sep 2, 2025, 5:36:20 PM",Kudos,Activity,15659129018
"Sep 2, 2025, 5:36:28 PM",Kudos,Activity,15658932340
"Sep 2, 2025, 5:36:30 PM",Kudos,Activity,15658893580
"Sep 2, 2025, 5:36:34 PM",Kudos,Activity,15658843621
"Sep 2, 2025, 5:36:40 PM",Kudos,Activity,15658769328
"Sep 2, 2025, 5:36:41 PM",Kudos,Activity,15658750681
"Sep 2, 2025, 5:36:47 PM",Kudos,Activity,15658556039
"Sep 2, 2025, 5:36:52 PM",Kudos,Activity,15658584136
"Sep 2, 2025, 5:36:54 PM",Kudos,Activity,15658479757
"Sep 2, 2025, 5:37:03 PM",Kudos,Activity,15658294006
"Sep 2, 2025, 5:37:07 PM",Kudos,Activity,15658132600
"Sep 2, 2025, 5:37:09 PM",Kudos,Activity,15658077550
"Sep 2, 2025, 5:37:12 PM",Kudos,Activity,15659990186
"Sep 2, 2025, 5:37:15 PM",Kudos,Activity,15657778651
"Sep 2, 2025, 5:37:17 PM",Kudos,Activity,15654764118
"Sep 2, 2025, 5:37:21 PM",Kudos,Activity,15654782088
"Sep 2, 2025, 5:37:24 PM",Kudos,Activity,15654626089
"Sep 2, 2025, 5:37:29 PM",Kudos,Activity,15654772647
"Sep 2, 2025, 5:37:34 PM",Kudos,Activity,15654447658
"Sep 2, 2025, 5:37:37 PM",Kudos,Activity,15654423225
"Sep 2, 2025, 5:37:40 PM",Kudos,Activity,15654388158
"Sep 2, 2025, 5:37:49 PM",Kudos,Activity,15654332692
"Sep 2, 2025, 5:37:51 PM",Kudos,Activity,15654023356
"Sep 2, 2025, 5:37:55 PM",Kudos,Activity,15654224939
"Sep 2, 2025, 5:37:57 PM",Kudos,Activity,15654135853
"Sep 2, 2025, 7:15:04 PM",Kudos,Activity,15674761749
"Sep 2, 2025, 7:15:06 PM",Kudos,Activity,15673830803
"Sep 2, 2025, 10:20:52 PM",Kudos,Activity,15676252380
"Sep 2, 2025, 10:20:56 PM",Kudos,Activity,15676191071
"Sep 2, 2025, 10:20:59 PM",Kudos,Activity,15676031153
"Sep 2, 2025, 10:21:12 PM",Kudos,Activity,15675877985
"Sep 2, 2025, 10:21:15 PM",Kudos,Activity,15675839200
"Sep 2, 2025, 10:21:19 PM",Kudos,Activity,15675748206
"Sep 2, 2025, 10:21:25 PM",Kudos,Activity,15675914521
"Sep 2, 2025, 11:44:33 PM",Kudos,Activity,15677057118
"Sep 2, 2025, 11:44:55 PM",Kudos,Activity,15676639859
"Sep 5, 2025, 11:51:32 AM",Kudos,Activity,15693270351
"Sep 5, 2025, 11:51:34 AM",Kudos,Activity,15688510373
"Sep 5, 2025, 11:51:35 AM",Kudos,Activity,15681680943
"Sep 5, 2025, 11:51:48 AM",Kudos,Activity,15700375820
"Sep 5, 2025, 11:51:50 AM",Kudos,Activity,15694624550
"Sep 5, 2025, 11:51:53 AM",Kudos,Activity,15677299240
"Sep 5, 2025, 11:52:02 AM",Kudos,Activity,15704705582
"Sep 5, 2025, 11:52:06 AM",Kudos,Activity,15704612534
"Sep 5, 2025, 11:52:08 AM",Kudos,Activity,15704345072
"Sep 5, 2025, 11:52:15 AM",Kudos,Activity,15704417798
"Sep 5, 2025, 11:52:18 AM",Kudos,Activity,15704341371
"Sep 5, 2025, 11:52:24 AM",Kudos,Activity,15704134525
"Sep 5, 2025, 11:52:26 AM",Kudos,Activity,15701018318
"Sep 5, 2025, 11:52:29 AM",Kudos,Activity,15700940237
"Sep 5, 2025, 11:52:38 AM",Kudos,Activity,15701041358
"Sep 5, 2025, 11:52:42 AM",Kudos,Activity,15700716164
"Sep 5, 2025, 11:52:49 AM",Kudos,Activity,15700687208
"Sep 5, 2025, 11:52:54 AM",Kudos,Activity,15700686753
"Sep 5, 2025, 11:52:59 AM",Kudos,Activity,15700705431
"Sep 5, 2025, 11:53:05 AM",Kudos,Activity,15700650307
"Sep 5, 2025, 11:53:21 AM",Kudos,Activity,15700731126
"Sep 5, 2025, 11:53:25 AM",Kudos,Activity,15700590762
"Sep 5, 2025, 11:53:30 AM",Kudos,Activity,15700543173
"Sep 5, 2025, 11:53:32 AM",Kudos,Activity,15701506724
"Sep 5, 2025, 11:53:40 AM",Kudos,Activity,15700415330
"Sep 5, 2025, 11:53:44 AM",Kudos,Activity,15700383934
"Sep 5, 2025, 11:53:51 AM",Kudos,Activity,15700226054
"Sep 5, 2025, 11:53:53 AM",Kudos,Activity,15700597960
"Sep 5, 2025, 11:53:54 AM",Kudos,Activity,15700181187
"Sep 5, 2025, 11:54:05 AM",Kudos,Activity,15700085712
"Sep 5, 2025, 11:54:07 AM",Kudos,Activity,15700050362
"Sep 5, 2025, 11:54:13 AM",Kudos,Activity,15700080355
"Sep 5, 2025, 11:54:22 AM",Kudos,Activity,15700249671
"Sep 5, 2025, 12:09:54 PM",Kudos,Activity,15704953512
"Sep 5, 2025, 12:10:00 PM",Kudos,Activity,15695730053
"Sep 5, 2025, 12:10:01 PM",Kudos,Activity,15695730099
"Sep 5, 2025, 12:19:35 PM",Kudos,Activity,15704955483
"Sep 5, 2025, 12:27:58 PM",Kudos,Activity,15705087702
"Sep 5, 2025, 12:28:05 PM",Kudos,Activity,15705105898
"Sep 5, 2025, 12:38:19 PM",Kudos,Activity,15705167015
"Sep 5, 2025, 12:38:22 PM",Kudos,Activity,15705177728
"Sep 5, 2025, 2:34:30 PM",Kudos,Activity,15705546979
"Sep 5, 2025, 2:34:31 PM",Kudos,Activity,15705348667
"Sep 5, 2025, 2:34:32 PM",Kudos,Activity,15705803393
"Sep 7, 2025, 4:38:03 PM",Kudos,Post,39395740
"Sep 8, 2025, 11:43:42 AM",Kudos,Post,39406018
"Sep 10, 2025, 11:52:14 AM",Kudos,Activity,15758440370
"Sep 10, 2025, 11:52:18 AM",Kudos,Activity,15751758860
"Sep 10, 2025, 11:52:21 AM",Kudos,Activity,15746251756
"Sep 10, 2025, 11:52:34 AM",Kudos,Activity,15762874403
"Sep 11, 2025, 12:45:26 AM",Kudos,Activity,15770143734
"Sep 11, 2025, 12:45:26 AM",Kudos,Activity,15770118927
"Sep 11, 2025, 12:45:44 AM",Kudos,Activity,15770129663
"Sep 11, 2025, 12:45:51 AM",Kudos,Activity,15770176268
"Sep 11, 2025, 12:46:05 AM",Kudos,Activity,15770014885
"Sep 11, 2025, 12:46:19 AM",Kudos,Activity,15770070335
"Sep 11, 2025, 12:46:27 AM",Kudos,Activity,15770010856
"Sep 11, 2025, 12:46:29 AM",Kudos,Activity,15770074267
"Sep 11, 2025, 12:46:33 AM",Kudos,Activity,15770052106
"Sep 11, 2025, 12:46:36 AM",Kudos,Activity,15770054506
"Sep 11, 2025, 12:46:40 AM",Kudos,Activity,15770074284
"Sep 11, 2025, 12:46:46 AM",Kudos,Activity,15769732475
"Sep 11, 2025, 12:46:49 AM",Kudos,Activity,15769631406
"Sep 11, 2025, 12:46:53 AM",Kudos,Activity,15769514617
"Sep 11, 2025, 12:46:56 AM",Kudos,Activity,15769463382
"Sep 11, 2025, 12:46:58 AM",Kudos,Activity,15769364600
"Sep 11, 2025, 12:47:02 AM",Kudos,Activity,15769383131
"Sep 11, 2025, 12:47:06 AM",Kudos,Activity,15769255735
"Sep 11, 2025, 12:47:09 AM",Kudos,Activity,15769383161
"Sep 11, 2025, 12:47:10 AM",Kudos,Activity,15769131664
"Sep 11, 2025, 12:47:19 AM",Kudos,Activity,15769036216
"Sep 11, 2025, 12:47:27 AM",Kudos,Activity,15768943877
"Sep 11, 2025, 12:47:31 AM",Kudos,Activity,15768817936
"Sep 11, 2025, 12:48:12 AM",Kudos,Activity,15768232868
"Sep 11, 2025, 12:48:12 AM",Kudos,Activity,15768607081
"Sep 11, 2025, 12:48:12 AM",Kudos,Activity,15768490775
"Sep 11, 2025, 12:49:22 AM",Kudos,Activity,15770208097
"Sep 11, 2025, 12:49:30 AM",Kudos,Activity,15769982710
"Sep 11, 2025, 12:49:33 AM",Kudos,Activity,15770000639
"Sep 11, 2025, 12:49:36 AM",Kudos,Activity,15770207460
"Sep 11, 2025, 12:49:40 AM",Kudos,Activity,15770210600
"Sep 11, 2025, 12:49:41 AM",Kudos,Activity,15770184037
"Sep 11, 2025, 12:49:45 AM",Kudos,Activity,15770002915
"Sep 11, 2025, 1:11:51 AM",Kudos,Activity,15770315342
"Sep 11, 2025, 1:12:57 AM",Kudos,Activity,15770236553
"Sep 11, 2025, 1:13:16 AM",Kudos,Activity,15770284390
"Sep 11, 2025, 1:46:11 AM",Kudos,Activity,15770515942
"Sep 11, 2025, 1:46:32 AM",Kudos,Activity,15770242309
"Sep 11, 2025, 1:47:43 AM",Kudos,Activity,15762133650
"Sep 11, 2025, 1:47:47 AM",Kudos,Activity,15762305437
"Sep 11, 2025, 1:47:53 AM",Kudos,Activity,15762300937
"Sep 11, 2025, 1:47:54 AM",Kudos,Activity,15762253664
"Sep 11, 2025, 1:48:00 AM",Kudos,Activity,15762608180
"Sep 11, 2025, 1:48:05 AM",Kudos,Activity,15762715327
"Sep 11, 2025, 1:49:02 AM",Kudos,Activity,15763022916
"Sep 11, 2025, 1:49:04 AM",Kudos,Activity,15762983416
"Sep 11, 2025, 1:49:07 AM",Kudos,Activity,15763145174
"Sep 11, 2025, 1:49:12 AM",Kudos,Activity,15763263309
"Sep 11, 2025, 1:49:14 AM",Kudos,Activity,15763315811
"Sep 11, 2025, 1:49:23 AM",Kudos,Activity,15763380549
"Sep 11, 2025, 1:49:29 AM",Kudos,Activity,15763894870
"Sep 11, 2025, 1:49:33 AM",Kudos,Activity,15763801733
"Sep 11, 2025, 1:49:41 AM",Kudos,Activity,15764081887
"Sep 11, 2025, 1:49:44 AM",Kudos,Activity,15764037686
"Sep 11, 2025, 1:49:48 AM",Kudos,Activity,15764745475
"Sep 11, 2025, 1:49:52 AM",Kudos,Activity,15766185996
"Sep 11, 2025, 1:50:01 AM",Kudos,Activity,15766998592
"Sep 11, 2025, 1:50:05 AM",Kudos,Post,39472617
"Sep 11, 2025, 1:50:09 AM",Kudos,Activity,15767958394
"Sep 11, 2025, 2:00:52 AM",Kudos,Activity,15770616503
"Sep 11, 2025, 2:08:12 AM",Kudos,Activity,15770660967
"Sep 11, 2025, 2:40:02 AM",Kudos,Activity,15770630147
"Sep 11, 2025, 2:40:42 AM",Kudos,Activity,15770344405
"Sep 11, 2025, 9:46:13 AM",Kudos,Activity,15771250851
"Sep 11, 2025, 11:24:04 AM",Kudos,Activity,15773788290
"Sep 11, 2025, 11:24:07 AM",Kudos,Activity,15773549956
"Sep 11, 2025, 11:42:01 AM",Kudos,Activity,15774090536
"Sep 11, 2025, 11:42:10 AM",Kudos,Activity,15773515321
"Sep 11, 2025, 11:55:15 AM",Kudos,Activity,15774191571
"Sep 11, 2025, 12:02:19 PM",Kudos,Activity,15774272047
"Sep 11, 2025, 12:12:13 PM",Kudos,Activity,15774095465
"Sep 11, 2025, 12:20:25 PM",Kudos,Activity,15774430549
"Sep 11, 2025, 12:43:14 PM",Kudos,Activity,15774722405
"Sep 11, 2025, 12:43:17 PM",Kudos,Activity,15774687855
"Sep 11, 2025, 12:43:19 PM",Kudos,Activity,15774516323
"Sep 11, 2025, 12:49:49 PM",Kudos,Activity,15774787760
"Sep 11, 2025, 12:49:51 PM",Kudos,Activity,15774730696
"Sep 11, 2025, 1:02:15 PM",Kudos,Activity,15770411435
"Sep 11, 2025, 1:39:08 PM",Kudos,Activity,15775095811
"Sep 11, 2025, 1:47:39 PM",Kudos,Activity,15775176541
"Sep 11, 2025, 1:47:45 PM",Kudos,Activity,15770206569
"Sep 11, 2025, 10:26:41 PM",Kudos,Activity,15780163537
"Sep 11, 2025, 10:26:56 PM",Kudos,Activity,15780120595
"Sep 11, 2025, 10:26:59 PM",Kudos,Activity,15780132493
"Sep 11, 2025, 10:27:21 PM",Kudos,Activity,15779867845
"Sep 11, 2025, 10:27:30 PM",Kudos,Activity,15779646655
"Sep 11, 2025, 10:27:40 PM",Kudos,Activity,15780025795
"Sep 11, 2025, 10:27:53 PM",Kudos,Activity,15777700015
"Sep 11, 2025, 10:28:25 PM",Kudos,Post,39491725
"Sep 11, 2025, 10:57:58 PM",Kudos,Activity,15780448190
"Sep 11, 2025, 10:58:02 PM",Kudos,Activity,15780419437
"Sep 11, 2025, 10:58:05 PM",Kudos,Activity,15780249505
"Sep 12, 2025, 1:34:04 AM",Kudos,Activity,15781484389
"Sep 12, 2025, 1:34:09 AM",Kudos,Activity,15781297817
"Sep 12, 2025, 1:50:09 AM",Kudos,Activity,15781621289
"Sep 12, 2025, 1:50:14 AM",Kudos,Activity,15781536766
"Sep 12, 2025, 2:29:28 AM",Kudos,Activity,15781065635
"Sep 12, 2025, 2:29:29 AM",Kudos,Activity,15781836688
"Sep 12, 2025, 2:29:32 AM",Kudos,Activity,15781806073
"Sep 12, 2025, 2:30:01 AM",Kudos,Activity,15781491790
"Sep 12, 2025, 2:30:18 AM",Kudos,Activity,15781367669
"Sep 12, 2025, 2:30:34 AM",Kudos,Activity,15781178314
"Sep 12, 2025, 2:30:46 AM",Kudos,Activity,15781163680
"Sep 12, 2025, 2:30:54 AM",Kudos,Activity,15781152123
"Sep 12, 2025, 2:30:59 AM",Kudos,Activity,15781158449
"Sep 12, 2025, 2:31:09 AM",Kudos,Activity,15781109887
"Sep 12, 2025, 2:31:56 AM",Kudos,Activity,15781076713
"Sep 12, 2025, 2:31:58 AM",Kudos,Activity,15780886877
"Sep 12, 2025, 2:32:07 AM",Kudos,Activity,15780873485
"Sep 12, 2025, 2:32:09 AM",Kudos,Activity,15780782660
"Sep 12, 2025, 2:32:27 AM",Kudos,Activity,15780726941
"Sep 12, 2025, 2:32:49 AM",Kudos,Activity,15780740152
"Sep 12, 2025, 2:33:03 AM",Kudos,Activity,15780578427
"Sep 12, 2025, 2:33:10 AM",Kudos,Activity,15780644024
"Sep 12, 2025, 11:23:40 AM",Kudos,Activity,15784677369
"Sep 12, 2025, 11:23:41 AM",Kudos,Activity,15784675348
"Sep 12, 2025, 11:23:41 AM",Kudos,Activity,15784673683
"Sep 12, 2025, 11:23:45 AM",Kudos,Activity,15784491456
"Sep 12, 2025, 11:24:25 AM",Kudos,Activity,15784333686
"Sep 12, 2025, 11:42:57 AM",Kudos,Activity,15785055995
"Sep 12, 2025, 11:43:03 AM",Kudos,Activity,15784946391
"Sep 12, 2025, 12:49:48 PM",Kudos,Activity,15785583155
"Sep 12, 2025, 12:49:49 PM",Kudos,Activity,15785572379
"Sep 12, 2025, 12:49:52 PM",Kudos,Activity,15785584575
"Sep 12, 2025, 12:49:54 PM",Kudos,Activity,15785514781
"Sep 12, 2025, 12:49:57 PM",Kudos,Activity,15785501549
"Sep 12, 2025, 12:50:13 PM",Kudos,Activity,15785140709
"Sep 12, 2025, 1:21:45 PM",Kudos,Activity,15785939701
"Sep 12, 2025, 1:21:50 PM",Kudos,Activity,15785746767
"Sep 12, 2025, 1:22:13 PM",Kudos,Activity,15785839843
"Sep 12, 2025, 4:58:02 PM",Kudos,Activity,15787769492
"Sep 12, 2025, 4:58:08 PM",Kudos,Activity,15787709821
"Sep 12, 2025, 4:58:10 PM",Kudos,Activity,15787075407
"Sep 12, 2025, 4:58:14 PM",Kudos,Activity,15786899355
"Sep 12, 2025, 4:58:16 PM",Kudos,Activity,15786937498
"Sep 12, 2025, 4:58:19 PM",Kudos,Activity,15786739947
"Sep 12, 2025, 4:58:29 PM",Kudos,Activity,15786568248
"Sep 12, 2025, 4:59:18 PM",Kudos,Activity,15786439955
"Sep 12, 2025, 4:59:22 PM",Kudos,Activity,15786205977
"Sep 12, 2025, 4:59:25 PM",Kudos,Activity,15786387511
"Sep 12, 2025, 4:59:41 PM",Kudos,Activity,15786210512
"Sep 12, 2025, 4:59:45 PM",Kudos,Activity,15786085844
"Sep 12, 2025, 4:59:50 PM",Kudos,Activity,15786219807
"Sep 13, 2025, 1:48:37 AM",Kudos,Activity,15791708768
"Sep 13, 2025, 1:48:38 AM",Kudos,Activity,15791716089
"Sep 13, 2025, 1:48:43 AM",Kudos,Activity,15791070789
"Sep 13, 2025, 1:48:48 AM",Kudos,Activity,15791044734
"Sep 13, 2025, 1:49:04 AM",Kudos,Activity,15791054330
"Sep 13, 2025, 1:49:08 AM",Kudos,Activity,15790956621
"Sep 13, 2025, 1:49:12 AM",Kudos,Activity,15790937365
"Sep 13, 2025, 1:49:20 AM",Kudos,Activity,15790591098
"Sep 13, 2025, 1:49:24 AM",Kudos,Activity,15790439791
"Sep 13, 2025, 1:49:27 AM",Kudos,Activity,15790324260
"Sep 13, 2025, 1:49:36 AM",Kudos,Activity,15790135361
"Sep 13, 2025, 1:51:13 AM",Kudos,Activity,15784850372
"Sep 13, 2025, 3:00:13 PM",Kudos,Activity,15797393376
"Sep 13, 2025, 3:06:05 PM",Kudos,Activity,15798352009
"Sep 15, 2025, 1:39:02 AM",Kudos,Activity,15814714001
"Sep 15, 2025, 1:39:24 AM",Kudos,Activity,15814672286
"Sep 15, 2025, 1:39:36 AM",Kudos,Activity,15814474642
"Sep 15, 2025, 12:02:09 PM",Kudos,Activity,15818355120
"Sep 15, 2025, 12:02:12 PM",Kudos,Activity,15818277563
"Sep 15, 2025, 12:02:14 PM",Kudos,Activity,15818289097
"Sep 15, 2025, 12:02:17 PM",Kudos,Activity,15818353944
"Sep 15, 2025, 12:02:23 PM",Kudos,Activity,15817852199
"Sep 15, 2025, 2:40:21 PM",Kudos,Activity,15819085208
"Sep 15, 2025, 2:40:24 PM",Kudos,Activity,15819082600
"Sep 15, 2025, 10:38:20 PM",Kudos,Activity,15824311974
"Sep 15, 2025, 10:38:37 PM",Kudos,Activity,15824217470
"Sep 15, 2025, 10:42:54 PM",Kudos,Activity,15824047069
"Sep 15, 2025, 10:44:19 PM",Kudos,Activity,15823730551
"Sep 15, 2025, 10:44:26 PM",Kudos,Activity,15823421626
"Sep 15, 2025, 10:44:32 PM",Kudos,Activity,15823597162
"Sep 15, 2025, 10:44:35 PM",Kudos,Activity,15823154498
"Sep 15, 2025, 10:44:56 PM",Kudos,Activity,15818990514
"Sep 15, 2025, 10:45:04 PM",Kudos,Activity,15818862723
"Sep 15, 2025, 10:45:06 PM",Kudos,Activity,15818811655
"Sep 15, 2025, 10:45:09 PM",Kudos,Activity,15818907376
"Sep 15, 2025, 10:45:14 PM",Kudos,Activity,15818468290
"Sep 15, 2025, 10:45:16 PM",Kudos,Activity,15819063082
"Sep 15, 2025, 10:46:10 PM",Kudos,Activity,15824036648
"Sep 15, 2025, 10:46:16 PM",Kudos,Activity,15824103797
"Sep 16, 2025, 12:57:37 AM",Kudos,Activity,15825258142
"Sep 16, 2025, 12:57:39 AM",Kudos,Activity,15825234969
"Sep 16, 2025, 12:57:43 AM",Kudos,Activity,15825220883
"Sep 16, 2025, 12:57:45 AM",Kudos,Activity,15825249338
"Sep 16, 2025, 12:57:47 AM",Kudos,Activity,15825248625
"Sep 16, 2025, 1:32:40 AM",Kudos,Activity,15825673594
"Sep 16, 2025, 1:32:42 AM",Kudos,Activity,15825724730
"Sep 16, 2025, 2:56:30 AM",Kudos,Post,39602563
"Sep 16, 2025, 2:56:33 AM",Kudos,Activity,15825882374
"Sep 16, 2025, 2:56:37 AM",Kudos,Activity,15825349358
"Sep 16, 2025, 2:56:43 AM",Kudos,Activity,15825871363
"Sep 16, 2025, 2:57:02 AM",Kudos,Activity,15825424890
"Sep 16, 2025, 2:57:07 AM",Kudos,Activity,15825457647
"Sep 16, 2025, 2:57:10 AM",Kudos,Activity,15825803547
"Sep 16, 2025, 2:57:18 AM",Kudos,Activity,15825701192
"Sep 16, 2025, 2:57:37 AM",Kudos,Activity,15825687123
"Sep 16, 2025, 2:57:49 AM",Kudos,Activity,15825627800
"Sep 16, 2025, 2:58:08 AM",Kudos,Activity,15825562432
"Sep 16, 2025, 2:58:13 AM",Kudos,Activity,15825486407
"Sep 16, 2025, 2:58:17 AM",Kudos,Activity,15825418188
"Sep 16, 2025, 2:58:19 AM",Kudos,Activity,15825415160
"Sep 16, 2025, 2:58:29 AM",Kudos,Activity,15825403357
"Sep 16, 2025, 2:58:36 AM",Kudos,Activity,15825355848
"Sep 16, 2025, 2:58:40 AM",Kudos,Activity,15825337368
"Sep 16, 2025, 2:58:43 AM",Kudos,Activity,15825354511
"Sep 16, 2025, 2:58:49 AM",Kudos,Activity,15825412500
"Sep 16, 2025, 2:58:58 AM",Kudos,Activity,15825333208
"Sep 16, 2025, 2:59:00 AM",Kudos,Activity,15825208615
"Sep 16, 2025, 2:59:12 AM",Kudos,Activity,15825162395
"Sep 16, 2025, 2:59:16 AM",Kudos,Activity,15825075226
"Sep 16, 2025, 2:59:25 AM",Kudos,Activity,15825080774
"Sep 16, 2025, 2:59:26 AM",Kudos,Activity,15825038374
"Sep 16, 2025, 2:59:32 AM",Kudos,Activity,15824951124
"Sep 16, 2025, 2:59:38 AM",Kudos,Activity,15824951231
"Sep 16, 2025, 2:59:46 AM",Kudos,Activity,15824920914
"Sep 16, 2025, 2:59:53 AM",Kudos,Activity,15824960159
"Sep 16, 2025, 2:59:57 AM",Kudos,Activity,15824812754
"Sep 16, 2025, 3:00:00 AM",Kudos,Activity,15824787236
"Sep 16, 2025, 3:00:15 AM",Kudos,Activity,15824735766
"Sep 16, 2025, 3:00:18 AM",Kudos,Activity,15824623960
"Sep 16, 2025, 10:59:27 AM",Kudos,Activity,15828953622
"Sep 16, 2025, 10:59:52 AM",Kudos,Activity,15828909209
"Sep 16, 2025, 11:00:06 AM",Kudos,Activity,15829109979
"Sep 16, 2025, 11:36:08 AM",Kudos,Activity,15829496080
"Sep 16, 2025, 11:36:11 AM",Kudos,Activity,15829409646
"Sep 16, 2025, 11:36:16 AM",Kudos,Activity,15829207828
"Sep 16, 2025, 11:36:18 AM",Kudos,Activity,15829232373
"Sep 16, 2025, 11:42:47 AM",Kudos,Activity,15829514407
"Sep 16, 2025, 11:51:02 AM",Kudos,Activity,15829663695
"Sep 16, 2025, 12:22:46 PM",Kudos,Activity,15829986438
"Sep 16, 2025, 12:22:51 PM",Kudos,Activity,15829899771
"Sep 16, 2025, 12:22:55 PM",Kudos,Activity,15829990897
"Sep 16, 2025, 12:22:57 PM",Kudos,Activity,15829758896
"Sep 16, 2025, 12:23:00 PM",Kudos,Activity,15829892643
"Sep 16, 2025, 12:23:02 PM",Kudos,Activity,15829758868
"Sep 16, 2025, 1:11:11 PM",Kudos,Activity,15830460248
"Sep 16, 2025, 1:11:12 PM",Kudos,Activity,15830427777
"Sep 16, 2025, 1:11:25 PM",Kudos,Activity,15830416012
"Sep 16, 2025, 1:11:35 PM",Kudos,Activity,15830158147
"Sep 16, 2025, 1:11:38 PM",Kudos,Activity,15830114446
"Sep 16, 2025, 1:11:42 PM",Kudos,Activity,15830104284
"Sep 16, 2025, 1:11:45 PM",Kudos,Activity,15830100275
"Sep 16, 2025, 1:11:47 PM",Kudos,Activity,15830145593
"Sep 16, 2025, 1:11:57 PM",Kudos,Activity,15829873869
"Sep 16, 2025, 1:40:28 PM",Kudos,Activity,15830803669
"Sep 16, 2025, 1:40:33 PM",Kudos,Activity,15830706838
"Sep 16, 2025, 1:40:37 PM",Kudos,Activity,15830662271
"Sep 16, 2025, 1:40:44 PM",Kudos,Activity,15830668204
"Sep 16, 2025, 1:41:17 PM",Kudos,Activity,15830607957
"Sep 16, 2025, 8:51:47 PM",Kudos,Activity,15835514572
"Sep 16, 2025, 8:51:50 PM",Kudos,Activity,15835048724
"Sep 16, 2025, 8:52:01 PM",Kudos,Post,39617421
"Sep 16, 2025, 8:52:03 PM",Kudos,Activity,15833294574
"Sep 16, 2025, 8:52:06 PM",Kudos,Activity,15832721426
"Sep 16, 2025, 8:52:12 PM",Kudos,Activity,15831505236
"Sep 16, 2025, 8:52:18 PM",Kudos,Activity,15830968141
"Sep 17, 2025, 12:19:12 AM",Kudos,Activity,15837251794
"Sep 17, 2025, 12:19:25 AM",Kudos,Activity,15837241780
"Sep 17, 2025, 12:19:28 AM",Kudos,Activity,15837202929
"Sep 17, 2025, 12:19:35 AM",Kudos,Activity,15837132812
"Sep 17, 2025, 12:19:38 AM",Kudos,Activity,15837074232
"Sep 17, 2025, 12:19:44 AM",Kudos,Activity,15837024782
"Sep 17, 2025, 12:19:52 AM",Kudos,Activity,15836997732
"Sep 17, 2025, 12:19:56 AM",Kudos,Activity,15837007387
"Sep 17, 2025, 12:19:59 AM",Kudos,Activity,15836748540
"Sep 17, 2025, 12:20:06 AM",Kudos,Activity,15836610081
"Sep 17, 2025, 12:20:21 AM",Kudos,Activity,15836460187
"Sep 17, 2025, 12:20:23 AM",Kudos,Post,39622987
"Sep 17, 2025, 12:20:28 AM",Kudos,Activity,15836250125
"Sep 17, 2025, 12:20:33 AM",Kudos,Activity,15836519381
"Sep 17, 2025, 12:20:36 AM",Kudos,Activity,15836905655
"Sep 17, 2025, 12:48:35 AM",Kudos,Activity,15837422523
"Sep 17, 2025, 12:48:47 AM",Kudos,Activity,15837387108
"Sep 17, 2025, 12:48:49 AM",Kudos,Activity,15837377644
"Sep 17, 2025, 12:48:52 AM",Kudos,Activity,15837344417
"Sep 17, 2025, 12:49:39 AM",Kudos,Activity,15837272503
"Sep 17, 2025, 12:49:49 AM",Kudos,Activity,15837130771
"Sep 17, 2025, 12:49:53 AM",Kudos,Activity,15837446891
"Sep 17, 2025, 9:59:35 AM",Kudos,Activity,15838049057
"Sep 17, 2025, 9:59:42 AM",Kudos,Activity,15837988772
"Sep 17, 2025, 9:59:47 AM",Kudos,Activity,15837910246
"Sep 17, 2025, 9:59:52 AM",Kudos,Activity,15837888659
"Sep 17, 2025, 9:59:57 AM",Kudos,Activity,15837819196
"Sep 17, 2025, 10:00:05 AM",Kudos,Activity,15837724661
"Sep 17, 2025, 12:32:34 PM",Kudos,Activity,15841622480
"Sep 17, 2025, 12:32:37 PM",Kudos,Activity,15841570329
"Sep 17, 2025, 12:32:57 PM",Kudos,Activity,15841466419
"Sep 17, 2025, 12:32:57 PM",Kudos,Activity,15841517430
"Sep 17, 2025, 12:32:57 PM",Kudos,Activity,15841396979
"Sep 17, 2025, 12:32:57 PM",Kudos,Activity,15841259897
"Sep 17, 2025, 12:33:07 PM",Kudos,Activity,15841040000
"Sep 17, 2025, 12:33:09 PM",Kudos,Activity,15840980530
"Sep 17, 2025, 12:33:11 PM",Kudos,Activity,15840976938
"Sep 17, 2025, 12:33:12 PM",Kudos,Activity,15841008979
"Sep 17, 2025, 3:51:59 PM",Kudos,Activity,15842943751
"Sep 17, 2025, 3:52:15 PM",Kudos,Activity,15842932323
"Sep 17, 2025, 3:52:19 PM",Kudos,Activity,15842548160
"Sep 17, 2025, 3:52:22 PM",Kudos,Activity,15842425461
"Sep 17, 2025, 3:52:25 PM",Kudos,Activity,15842424521
"Sep 17, 2025, 3:52:30 PM",Kudos,Activity,15842326154
"Sep 17, 2025, 3:52:35 PM",Kudos,Activity,15842109929
"Sep 17, 2025, 8:15:32 PM",Kudos,Activity,15846125954
"Sep 17, 2025, 8:15:38 PM",Kudos,Activity,15846457261
"Sep 17, 2025, 8:15:46 PM",Kudos,Activity,15845970239
"Sep 17, 2025, 8:16:24 PM",Kudos,Activity,15845808322
"Sep 17, 2025, 8:16:30 PM",Kudos,Activity,15845074802
"Sep 17, 2025, 8:16:35 PM",Kudos,Activity,15844353249
"Sep 17, 2025, 9:30:23 PM",Kudos,Activity,15846943572
"Sep 18, 2025, 12:52:05 AM",Kudos,Activity,15848898010
"Sep 18, 2025, 12:52:27 AM",Kudos,Activity,15848827643
"Sep 18, 2025, 12:52:34 AM",Kudos,Activity,15848854039
"Sep 18, 2025, 12:52:38 AM",Kudos,Activity,15848652186
"Sep 18, 2025, 12:52:42 AM",Kudos,Activity,15848800656
"Sep 18, 2025, 12:53:02 AM",Kudos,Activity,15848794636
"Sep 18, 2025, 12:53:05 AM",Kudos,Activity,15848802993
"Sep 18, 2025, 12:53:16 AM",Kudos,Activity,15848734942
"Sep 18, 2025, 12:53:17 AM",Kudos,Activity,15848744568
"Sep 18, 2025, 12:53:20 AM",Kudos,Activity,15848716919
"Sep 18, 2025, 12:53:33 AM",Kudos,Activity,15848655384
"Sep 18, 2025, 12:53:37 AM",Kudos,Activity,15848770145
"Sep 18, 2025, 12:53:42 AM",Kudos,Activity,15848652522
"Sep 18, 2025, 12:53:46 AM",Kudos,Activity,15848611950
"Sep 18, 2025, 12:53:48 AM",Kudos,Activity,15848604617
"Sep 18, 2025, 12:53:52 AM",Kudos,Activity,15848616659
"Sep 18, 2025, 12:53:55 AM",Kudos,Activity,15848572100
"Sep 18, 2025, 12:54:03 AM",Kudos,Activity,15848234995
"Sep 18, 2025, 12:54:04 AM",Kudos,Activity,15848162872
"Sep 18, 2025, 12:54:08 AM",Kudos,Activity,15848053424
"Sep 18, 2025, 12:54:27 AM",Kudos,Activity,15848058188
"Sep 18, 2025, 12:54:30 AM",Kudos,Activity,15848162931
"Sep 18, 2025, 12:54:32 AM",Kudos,Activity,15848021191
"Sep 18, 2025, 12:54:37 AM",Kudos,Activity,15847822200
"Sep 18, 2025, 12:54:39 AM",Kudos,Activity,15847759868
"Sep 18, 2025, 12:54:41 AM",Kudos,Activity,15847449055
"Sep 18, 2025, 12:54:50 AM",Kudos,Activity,15847164853
"Sep 18, 2025, 12:54:57 AM",Kudos,Activity,15846264002
"Sep 18, 2025, 12:55:05 AM",Kudos,Activity,15848941943
"Sep 18, 2025, 1:20:57 AM",Kudos,Activity,15849013647
"Sep 18, 2025, 1:48:07 AM",Kudos,Post,39649999
"Sep 18, 2025, 1:48:21 AM",Kudos,Activity,15849192343
"Sep 18, 2025, 1:48:25 AM",Kudos,Activity,15849014660
"Sep 18, 2025, 2:54:39 AM",Kudos,Activity,15849520044
"Sep 18, 2025, 9:40:42 AM",Kudos,Activity,15849848914
"Sep 18, 2025, 12:05:47 PM",Kudos,Activity,15852918156
"Sep 18, 2025, 12:05:51 PM",Kudos,Activity,15852797357
"Sep 18, 2025, 12:05:54 PM",Kudos,Activity,15852754023
"Sep 18, 2025, 12:05:57 PM",Kudos,Activity,15852738373
"Sep 18, 2025, 12:54:10 PM",Kudos,Activity,15853190207
"Sep 18, 2025, 12:57:07 PM",Kudos,Activity,15853294049
"Sep 18, 2025, 1:20:28 PM",Kudos,Activity,15853795539
"Sep 18, 2025, 1:20:39 PM",Kudos,Activity,15853724962
"Sep 18, 2025, 1:20:40 PM",Kudos,Activity,15853727822
"Sep 18, 2025, 1:20:46 PM",Kudos,Activity,15853790002
"Sep 18, 2025, 1:26:35 PM",Kudos,Activity,15853816011
"Sep 18, 2025, 2:31:59 PM",Kudos,Activity,15854353459
"Sep 18, 2025, 2:32:11 PM",Kudos,Activity,15854047563
"Sep 18, 2025, 6:50:15 PM",Kudos,Post,39665066
"Sep 18, 2025, 6:50:16 PM",Kudos,Activity,15857196750
"Sep 18, 2025, 6:50:26 PM",Kudos,Activity,15856583757
"Sep 18, 2025, 6:50:59 PM",Kudos,Activity,15855493766
"Sep 18, 2025, 6:51:03 PM",Kudos,Activity,15856445916
"Sep 18, 2025, 6:51:11 PM",Kudos,Activity,15854521886
"Sep 18, 2025, 6:51:18 PM",Kudos,Activity,15853958451
"Sep 18, 2025, 6:51:24 PM",Kudos,Activity,15854887420
"Sep 19, 2025, 11:19:02 AM",Kudos,Activity,15863656714
"Sep 19, 2025, 11:19:14 AM",Kudos,Activity,15863610670
"Sep 19, 2025, 11:19:40 AM",Kudos,Activity,15863566844
"Sep 19, 2025, 11:27:12 AM",Kudos,Activity,15863643226
"Sep 19, 2025, 11:27:16 AM",Kudos,Activity,15863545187
"Sep 19, 2025, 11:27:18 AM",Kudos,Activity,15863228436
"Sep 19, 2025, 11:27:29 AM",Kudos,Activity,15862653475
"Sep 19, 2025, 11:27:30 AM",Kudos,Activity,15862663503
"Sep 19, 2025, 11:27:37 AM",Kudos,Activity,15861993511
"Sep 19, 2025, 11:27:41 AM",Kudos,Activity,15861480738
"Sep 19, 2025, 11:27:46 AM",Kudos,Post,39675480
"Sep 19, 2025, 11:27:51 AM",Kudos,Activity,15860496239
"Sep 19, 2025, 11:27:58 AM",Kudos,Activity,15860448391
"Sep 19, 2025, 11:28:01 AM",Kudos,Activity,15860039720
"Sep 19, 2025, 11:28:05 AM",Kudos,Activity,15860002727
"Sep 19, 2025, 11:34:51 AM",Kudos,Activity,15863873661
"Sep 19, 2025, 11:34:53 AM",Kudos,Activity,15863874491
"Sep 19, 2025, 12:14:32 PM",Kudos,Activity,15864267035
"Sep 19, 2025, 12:14:38 PM",Kudos,Activity,15864109829
"Sep 19, 2025, 12:14:48 PM",Kudos,Activity,15863929029
"Sep 19, 2025, 1:03:07 PM",Kudos,Activity,15864602120
"Sep 19, 2025, 1:03:44 PM",Kudos,Activity,15864495752
"Sep 19, 2025, 1:03:50 PM",Kudos,Activity,15864476391
"Sep 19, 2025, 1:03:55 PM",Kudos,Activity,15864463697
"Sep 19, 2025, 1:03:59 PM",Kudos,Activity,15864545800
"Sep 19, 2025, 1:04:09 PM",Kudos,Activity,15864400675
"Sep 19, 2025, 1:04:14 PM",Kudos,Activity,15864380123
"Sep 19, 2025, 1:45:16 PM",Kudos,Activity,15865112228
"Sep 19, 2025, 1:45:28 PM",Kudos,Activity,15865121172
"Sep 19, 2025, 1:45:31 PM",Kudos,Activity,15865040899
"Sep 19, 2025, 1:45:38 PM",Kudos,Activity,15864953619
"Sep 19, 2025, 1:45:39 PM",Kudos,Activity,15865123003
"Sep 19, 2025, 1:45:41 PM",Kudos,Activity,15864972551
"Sep 19, 2025, 1:45:44 PM",Kudos,Activity,15864972354
"Sep 19, 2025, 1:45:46 PM",Kudos,Activity,15864765531
"Sep 19, 2025, 1:45:52 PM",Kudos,Activity,15865008964
"Sep 19, 2025, 5:40:42 PM",Kudos,Activity,15867252563
"Sep 19, 2025, 5:40:51 PM",Kudos,Activity,15866907796
"Sep 19, 2025, 5:40:55 PM",Kudos,Activity,15866536575
"Sep 19, 2025, 5:41:06 PM",Kudos,Activity,15865910290
"Sep 19, 2025, 8:09:05 PM",Kudos,Activity,15868573284
"Sep 19, 2025, 8:09:14 PM",Kudos,Activity,15868167435
"Sep 19, 2025, 8:09:18 PM",Kudos,Activity,15868086423
"Sep 20, 2025, 9:35:27 AM",Kudos,Activity,15871531213
"Sep 20, 2025, 9:35:32 AM",Kudos,Activity,15871442836
"Sep 20, 2025, 9:35:43 AM",Kudos,Activity,15871396412
"Sep 20, 2025, 9:35:55 AM",Kudos,Activity,15870763943
"Sep 20, 2025, 9:35:57 AM",Kudos,Activity,15870424235
"Sep 20, 2025, 9:36:22 AM",Kudos,Activity,15870028874
"Sep 20, 2025, 9:36:24 AM",Kudos,Activity,15869974405
"Sep 20, 2025, 9:36:29 AM",Kudos,Activity,15870303829
"Sep 20, 2025, 9:36:37 AM",Kudos,Activity,15869793456
"Sep 20, 2025, 9:36:52 AM",Kudos,Activity,15869498747
"Sep 20, 2025, 9:36:53 AM",Kudos,Activity,15869464575
"Sep 20, 2025, 9:36:57 AM",Kudos,Activity,15869420929
"Sep 20, 2025, 9:37:01 AM",Kudos,Activity,15869390736
"Sep 20, 2025, 9:37:04 AM",Kudos,Activity,15869291392
"Sep 20, 2025, 9:37:07 AM",Kudos,Activity,15869153195
"Sep 20, 2025, 9:37:10 AM",Kudos,Activity,15869068580
"Sep 20, 2025, 9:37:18 AM",Kudos,Activity,15868820626
"Sep 20, 2025, 6:02:21 PM",Kudos,Activity,15879386907
"Sep 20, 2025, 6:02:28 PM",Kudos,Activity,15879390760
"Sep 20, 2025, 6:52:19 PM",Kudos,Activity,15879901546
"Sep 20, 2025, 6:52:25 PM",Kudos,Activity,15879712791
"Sep 20, 2025, 6:52:27 PM",Kudos,Activity,15879689258
"Sep 20, 2025, 6:52:30 PM",Kudos,Activity,15879549927
"Sep 20, 2025, 6:52:47 PM",Kudos,Activity,15879167933
"Sep 20, 2025, 6:52:54 PM",Kudos,Activity,15879179065
"Sep 20, 2025, 6:52:55 PM",Kudos,Activity,15879144681
"Sep 20, 2025, 6:53:00 PM",Kudos,Activity,15879002493
"Sep 20, 2025, 6:53:18 PM",Kudos,Activity,15878622738
"Sep 20, 2025, 6:53:25 PM",Kudos,Activity,15878436660
"Sep 20, 2025, 6:53:27 PM",Kudos,Activity,15878424212
"Sep 20, 2025, 6:53:30 PM",Kudos,Activity,15878599009
"Sep 20, 2025, 6:53:36 PM",Kudos,Activity,15878372010
"Sep 20, 2025, 6:53:44 PM",Kudos,Activity,15877860353
"Sep 20, 2025, 6:53:55 PM",Kudos,Activity,15877694407
"Sep 20, 2025, 6:54:13 PM",Kudos,Activity,15877557057
"Sep 20, 2025, 6:54:23 PM",Kudos,Activity,15877424509
"Sep 20, 2025, 6:54:27 PM",Kudos,Activity,15877321219
"Sep 20, 2025, 6:54:32 PM",Kudos,Activity,15877277511
"Sep 20, 2025, 6:54:42 PM",Kudos,Activity,15877104108
"Sep 20, 2025, 6:54:46 PM",Kudos,Activity,15876917184
"Sep 20, 2025, 6:55:00 PM",Kudos,Activity,15876913917
"Sep 20, 2025, 6:55:05 PM",Kudos,Activity,15877286050
"Sep 20, 2025, 6:55:09 PM",Kudos,Activity,15876610482
"Sep 20, 2025, 6:55:25 PM",Kudos,Activity,15876637770
"Sep 20, 2025, 6:55:30 PM",Kudos,Activity,15876596176
"Sep 20, 2025, 6:55:54 PM",Kudos,Activity,15876896172
"Sep 20, 2025, 6:56:03 PM",Kudos,Activity,15876365714
"Sep 20, 2025, 6:56:06 PM",Kudos,Activity,15876333336
"Sep 20, 2025, 6:56:09 PM",Kudos,Activity,15878482844
"Sep 20, 2025, 6:56:12 PM",Kudos,Activity,15876799782
"Sep 20, 2025, 6:56:19 PM",Kudos,Activity,15876249623
"Sep 20, 2025, 6:56:21 PM",Kudos,Activity,15876188995
"Sep 20, 2025, 6:56:24 PM",Kudos,Activity,15876204100
"Sep 20, 2025, 6:56:27 PM",Kudos,Activity,15876143969
"Sep 20, 2025, 6:56:32 PM",Kudos,Activity,15876397121
"Sep 20, 2025, 6:56:40 PM",Kudos,Activity,15876008441
"Sep 20, 2025, 6:57:16 PM",Kudos,Activity,15875969266
"Sep 20, 2025, 6:57:17 PM",Kudos,Activity,15876286878
"Sep 20, 2025, 6:57:25 PM",Kudos,Activity,15876349932
"Sep 20, 2025, 6:57:28 PM",Kudos,Activity,15875338795
"Sep 20, 2025, 6:57:39 PM",Kudos,Activity,15874925003
"Sep 20, 2025, 6:57:47 PM",Kudos,Activity,15876279625
"Sep 20, 2025, 8:37:24 PM",Kudos,Activity,15880301514
"Sep 20, 2025, 8:37:35 PM",Kudos,Activity,15880165702
"Sep 20, 2025, 8:37:38 PM",Kudos,Activity,15880413939
"Sep 21, 2025, 10:23:42 AM",Kudos,Activity,15883745327
"Sep 22, 2025, 11:44:33 AM",Kudos,Activity,15897004777
"Sep 22, 2025, 11:44:36 AM",Kudos,Activity,15896951395
"Sep 22, 2025, 11:44:39 AM",Kudos,Activity,15896759958
"Sep 22, 2025, 11:44:44 AM",Kudos,Post,39750535
"Sep 22, 2025, 11:45:13 AM",Kudos,Activity,15894158815
"Sep 22, 2025, 12:17:22 PM",Kudos,Activity,15897694126
"Sep 22, 2025, 12:17:27 PM",Kudos,Activity,15897698376
"Sep 22, 2025, 12:17:32 PM",Kudos,Activity,15897548967
"Sep 22, 2025, 12:17:35 PM",Kudos,Activity,15897617038
"Sep 22, 2025, 1:17:06 PM",Kudos,Activity,15898147071
"Sep 22, 2025, 1:17:13 PM",Kudos,Activity,15897806611
"Sep 22, 2025, 1:17:20 PM",Kudos,Activity,15897781727
"Sep 23, 2025, 11:59:51 AM",Kudos,Post,39781778
"Sep 23, 2025, 12:29:41 PM",Kudos,Activity,15908910810
"Sep 23, 2025, 12:29:47 PM",Kudos,Activity,15908563772
"Sep 23, 2025, 12:29:49 PM",Kudos,Activity,15908623166
"Sep 23, 2025, 12:29:52 PM",Kudos,Activity,15908608196
"Sep 23, 2025, 12:29:54 PM",Kudos,Activity,15908481789
"Sep 23, 2025, 12:29:59 PM",Kudos,Activity,15908426539
"Sep 23, 2025, 12:30:02 PM",Kudos,Activity,15907991926
"Sep 23, 2025, 12:30:06 PM",Kudos,Activity,15907569704
"Sep 23, 2025, 12:43:05 PM",Kudos,Activity,15909066786
"Sep 23, 2025, 12:43:21 PM",Kudos,Activity,15909028281
"Sep 23, 2025, 12:44:16 PM",Kudos,Activity,15905031389
"Sep 23, 2025, 12:44:29 PM",Kudos,Post,39773907
"Sep 23, 2025, 12:44:34 PM",Kudos,Activity,15904634639
"Sep 23, 2025, 12:44:39 PM",Kudos,Activity,15904549312
"Sep 23, 2025, 12:44:46 PM",Kudos,Activity,15904525480
"Sep 23, 2025, 12:44:56 PM",Kudos,Activity,15904430257
"Sep 23, 2025, 1:49:44 PM",Kudos,Activity,15909546707
"Sep 23, 2025, 1:49:49 PM",Kudos,Activity,15909410129
"Sep 23, 2025, 1:49:51 PM",Kudos,Activity,15909301946
"Sep 23, 2025, 1:49:55 PM",Kudos,Activity,15909276286
"Sep 23, 2025, 1:50:01 PM",Kudos,Activity,15909190470
"Sep 23, 2025, 1:50:08 PM",Kudos,Activity,15909184079
"Sep 23, 2025, 1:50:12 PM",Kudos,Activity,15909264577
"Sep 23, 2025, 11:46:43 PM",Kudos,Activity,15915680011
"Sep 23, 2025, 11:46:44 PM",Kudos,Activity,15915696673
"Sep 23, 2025, 11:46:51 PM",Kudos,Activity,15915643121
"Sep 23, 2025, 11:47:01 PM",Kudos,Activity,15915624839
"Sep 23, 2025, 11:47:13 PM",Kudos,Activity,15915460874
"Sep 23, 2025, 11:47:15 PM",Kudos,Activity,15915357819
"Sep 23, 2025, 11:47:19 PM",Kudos,Activity,15915221230
"Sep 23, 2025, 11:47:22 PM",Kudos,Activity,15915203388
"Sep 23, 2025, 11:47:24 PM",Kudos,Activity,15915197124
"Sep 23, 2025, 11:47:40 PM",Kudos,Activity,15915218904
"Sep 23, 2025, 11:47:43 PM",Kudos,Activity,15914831636
"Sep 23, 2025, 11:47:46 PM",Kudos,Activity,15915016763
"Sep 23, 2025, 11:48:02 PM",Kudos,Activity,15913390135
"Sep 23, 2025, 11:48:06 PM",Kudos,Activity,15911434574
"Sep 23, 2025, 11:48:08 PM",Kudos,Activity,15911353643
"Sep 23, 2025, 11:48:10 PM",Kudos,Activity,15911033635
"Sep 23, 2025, 11:48:17 PM",Kudos,Activity,15903935070
"Sep 23, 2025, 11:48:21 PM",Kudos,Activity,15910529778
"Sep 23, 2025, 11:48:23 PM",Kudos,Activity,15909613969
"Sep 24, 2025, 9:41:53 AM",Kudos,Activity,15916658296
"Sep 24, 2025, 9:41:57 AM",Kudos,Activity,15916233444
"Sep 24, 2025, 11:48:22 AM",Kudos,Activity,15919999266
"Sep 24, 2025, 11:48:29 AM",Kudos,Activity,15919795503
"Sep 24, 2025, 11:48:31 AM",Kudos,Activity,15919795543
"Sep 24, 2025, 11:48:33 AM",Kudos,Activity,15919423474
"Sep 24, 2025, 11:48:35 AM",Kudos,Activity,15919795507
"Sep 24, 2025, 11:48:37 AM",Kudos,Activity,15919281880
"Sep 24, 2025, 1:23:45 PM",Kudos,Activity,15921073906
"Sep 24, 2025, 1:23:47 PM",Kudos,Activity,15921022285
"Sep 24, 2025, 1:23:50 PM",Kudos,Activity,15921033752
"Sep 24, 2025, 1:23:54 PM",Kudos,Activity,15920751089
"Sep 24, 2025, 1:23:59 PM",Kudos,Activity,15920461632
"Sep 24, 2025, 1:24:02 PM",Kudos,Activity,15920822294
"Sep 24, 2025, 1:24:04 PM",Kudos,Activity,15920413647
"Sep 24, 2025, 1:24:07 PM",Kudos,Activity,15921030660
"Sep 24, 2025, 1:24:10 PM",Kudos,Activity,15920546335
"Sep 24, 2025, 1:24:12 PM",Kudos,Activity,15920142220
"Sep 24, 2025, 3:22:43 PM",Kudos,Activity,15922089441
"Sep 24, 2025, 3:22:50 PM",Kudos,Activity,15921948735
"Sep 24, 2025, 3:22:56 PM",Kudos,Activity,15921280430
"Sep 24, 2025, 3:23:38 PM",Kudos,Activity,15921273991
"Sep 24, 2025, 3:23:40 PM",Kudos,Activity,15921148722
"Sep 24, 2025, 3:23:45 PM",Kudos,Activity,15921378099
"Sep 25, 2025, 2:56:32 AM",Kudos,Activity,15927839841
"Sep 25, 2025, 11:49:22 AM",Kudos,Activity,15931058621
"Sep 25, 2025, 11:49:28 AM",Kudos,Activity,15930638263
"Sep 25, 2025, 11:49:30 AM",Kudos,Activity,15930485622
"Sep 25, 2025, 11:49:33 AM",Kudos,Activity,15928122353
"Sep 25, 2025, 12:18:24 PM",Kudos,Activity,15931230345
"Sep 25, 2025, 12:18:26 PM",Kudos,Activity,15931112555
"Sep 29, 2025, 9:31:58 PM",Kudos,Post,39929442
"Oct 7, 2025, 1:12:15 AM",Kudos,Activity,16050665464
"Oct 7, 2025, 1:12:21 AM",Kudos,Activity,16050831808
"Oct 7, 2025, 1:12:24 AM",Kudos,Activity,16050842548
"Oct 7, 2025, 1:12:34 AM",Kudos,Activity,16051118810
"Oct 7, 2025, 1:12:39 AM",Kudos,Activity,16050999832
"Oct 7, 2025, 1:12:48 AM",Kudos,Activity,16051452081
"Oct 7, 2025, 1:12:49 AM",Kudos,Activity,16051447605
"Oct 7, 2025, 1:12:57 AM",Kudos,Activity,16051565807
"Oct 7, 2025, 1:13:01 AM",Kudos,Activity,16051621180
"Oct 7, 2025, 1:13:03 AM",Kudos,Activity,16051705728
"Oct 7, 2025, 1:13:06 AM",Kudos,Activity,16051744019
"Oct 7, 2025, 1:13:08 AM",Kudos,Activity,16051705714
"Oct 7, 2025, 1:13:12 AM",Kudos,Activity,16051942496
"Oct 7, 2025, 1:13:15 AM",Kudos,Activity,16052288068
"Oct 7, 2025, 1:13:18 AM",Kudos,Activity,16052537870
"Oct 7, 2025, 1:13:22 AM",Kudos,Activity,16053893749
"Oct 7, 2025, 1:13:30 AM",Kudos,Activity,16055286190
"Oct 7, 2025, 1:13:37 AM",Kudos,Activity,16054901095
"Oct 7, 2025, 1:13:45 AM",Kudos,Activity,16055726346
"Oct 7, 2025, 1:13:59 AM",Kudos,Activity,16056737478
"Oct 7, 2025, 1:14:07 AM",Kudos,Activity,16056962309
"Oct 7, 2025, 1:14:11 AM",Kudos,Activity,16056827024
"Oct 7, 2025, 1:14:13 AM",Kudos,Activity,16056914539
"Oct 7, 2025, 1:14:23 AM",Kudos,Activity,16057225714
"Oct 7, 2025, 1:14:27 AM",Kudos,Activity,16057255759
"Oct 7, 2025, 1:14:52 AM",Kudos,Activity,16057484456
"Oct 7, 2025, 1:15:19 AM",Kudos,Activity,16057888396
"Oct 7, 2025, 1:15:33 AM",Kudos,Activity,16057745668
"Oct 7, 2025, 1:15:39 AM",Kudos,Activity,16057681400
"Oct 7, 2025, 1:15:45 AM",Kudos,Activity,16057684745
"Oct 7, 2025, 1:15:53 AM",Kudos,Activity,16057716944
"Oct 7, 2025, 1:15:56 AM",Kudos,Activity,16057747329
"Oct 7, 2025, 1:16:04 AM",Kudos,Activity,16057793767
"Oct 7, 2025, 1:16:08 AM",Kudos,Activity,16057816494
"Oct 7, 2025, 1:16:19 AM",Kudos,Activity,16057838261
"Oct 7, 2025, 1:16:25 AM",Kudos,Activity,16057812905
"Oct 7, 2025, 1:16:29 AM",Kudos,Activity,16057862276
"Oct 7, 2025, 1:16:38 AM",Kudos,Activity,16057922817
"Oct 7, 2025, 2:06:41 AM",Kudos,Activity,16058099467
"Oct 7, 2025, 2:06:46 AM",Kudos,Post,40113131
"Oct 7, 2025, 2:06:57 AM",Kudos,Activity,16058220236
"Oct 7, 2025, 2:07:04 AM",Kudos,Activity,16058131713
"Oct 7, 2025, 10:12:51 AM",Kudos,Activity,16058461176
"Oct 7, 2025, 10:13:03 AM",Kudos,Activity,16058805262
"Oct 7, 2025, 1:26:16 PM",Kudos,Activity,16062759621
"Oct 7, 2025, 1:26:23 PM",Kudos,Activity,16062759655
"Oct 7, 2025, 1:27:40 PM",Kudos,Activity,16062655195
"Oct 7, 2025, 1:27:44 PM",Kudos,Activity,16062444185
"Oct 7, 2025, 1:27:56 PM",Kudos,Activity,16062344514
"Oct 7, 2025, 1:28:01 PM",Kudos,Activity,16062077969
"Oct 7, 2025, 1:28:04 PM",Kudos,Activity,16062069780
"Oct 7, 2025, 1:28:06 PM",Kudos,Activity,16062011755
"Oct 7, 2025, 1:28:15 PM",Kudos,Activity,16061377614
"Oct 7, 2025, 1:28:16 PM",Kudos,Activity,16061388403
"Oct 7, 2025, 1:28:18 PM",Kudos,Activity,16061772737
"Oct 7, 2025, 2:28:05 PM",Kudos,Activity,16063515416
"Oct 7, 2025, 2:28:07 PM",Kudos,Activity,16063457225
"Oct 7, 2025, 2:28:10 PM",Kudos,Activity,16063331957
"Oct 7, 2025, 3:26:55 PM",Kudos,Activity,16063555177
"Oct 7, 2025, 11:49:54 PM",Kudos,Activity,16069050352
"Oct 7, 2025, 11:50:09 PM",Kudos,Activity,16069005237
"Oct 7, 2025, 11:50:43 PM",Kudos,Activity,16068870454
"Oct 7, 2025, 11:50:52 PM",Kudos,Activity,16068575637
"Oct 7, 2025, 11:51:53 PM",Kudos,Activity,16068161583
"Oct 7, 2025, 11:51:54 PM",Kudos,Activity,16068136983
"Oct 7, 2025, 11:52:00 PM",Kudos,Activity,16068251101
"Oct 7, 2025, 11:52:03 PM",Kudos,Activity,16067835070
"Oct 7, 2025, 11:52:06 PM",Kudos,Activity,16067404429
"Oct 7, 2025, 11:52:07 PM",Kudos,Activity,16067350441
"Oct 7, 2025, 11:52:09 PM",Kudos,Activity,16067392135
"Oct 7, 2025, 11:52:19 PM",Kudos,Activity,16065660780
"Oct 7, 2025, 11:52:26 PM",Kudos,Activity,16065611917
"Oct 8, 2025, 9:42:50 AM",Kudos,Activity,16070495228
"Oct 8, 2025, 12:19:53 PM",Kudos,Activity,16073842922
"Oct 8, 2025, 12:19:57 PM",Kudos,Activity,16073716565
"Oct 8, 2025, 12:20:00 PM",Kudos,Activity,16073648401
"Oct 8, 2025, 12:20:02 PM",Kudos,Activity,16073618165
"Oct 8, 2025, 12:20:06 PM",Kudos,Activity,16073401915
"Oct 8, 2025, 12:20:12 PM",Kudos,Activity,16073200600
"Oct 8, 2025, 12:20:13 PM",Kudos,Activity,16073109891
"Oct 9, 2025, 11:57:14 AM",Kudos,Activity,16084546431
"Oct 9, 2025, 11:57:15 AM",Kudos,Activity,16084519814
"Oct 9, 2025, 11:57:18 AM",Kudos,Activity,16084460476
"Oct 9, 2025, 11:57:20 AM",Kudos,Activity,16084426469
"Oct 9, 2025, 11:57:26 AM",Kudos,Activity,16083201964
"Oct 9, 2025, 11:57:27 AM",Kudos,Activity,16081305085
"Oct 9, 2025, 11:57:33 AM",Kudos,Activity,16081259040
"Oct 9, 2025, 11:57:35 AM",Kudos,Activity,16081257990
"Oct 9, 2025, 11:57:37 AM",Kudos,Activity,16081226383
"Oct 9, 2025, 11:57:41 AM",Kudos,Activity,16080760743
"Oct 9, 2025, 11:57:43 AM",Kudos,Activity,16080764997
"Oct 9, 2025, 11:58:02 AM",Kudos,Activity,16080837014
"Oct 9, 2025, 11:58:08 AM",Kudos,Activity,16080741849
"Oct 9, 2025, 11:58:10 AM",Kudos,Activity,16080681378
"Oct 9, 2025, 11:58:11 AM",Kudos,Activity,16080712098
"Oct 9, 2025, 11:58:17 AM",Kudos,Activity,16080716054
"Oct 9, 2025, 11:58:18 AM",Kudos,Activity,16080669146
"Oct 9, 2025, 11:58:19 AM",Kudos,Activity,16080668440
"Oct 9, 2025, 11:58:21 AM",Kudos,Activity,16081226297
"Oct 9, 2025, 11:58:24 AM",Kudos,Activity,16080637386
"Oct 9, 2025, 11:58:26 AM",Kudos,Activity,16080637457
"Oct 9, 2025, 11:58:29 AM",Kudos,Activity,16080686929
"Oct 9, 2025, 11:58:33 AM",Kudos,Activity,16080579106
"Oct 9, 2025, 11:58:36 AM",Kudos,Activity,16080573229
"Oct 9, 2025, 11:58:40 AM",Kudos,Activity,16080482951
"Oct 9, 2025, 11:58:51 AM",Kudos,Activity,16080483806
"Oct 9, 2025, 11:58:54 AM",Kudos,Activity,16080341913
"Oct 9, 2025, 11:58:58 AM",Kudos,Activity,16080337321
"Oct 9, 2025, 11:59:04 AM",Kudos,Activity,16080222057
"Oct 9, 2025, 11:59:08 AM",Kudos,Activity,16080182036
"Oct 9, 2025, 11:59:25 AM",Kudos,Activity,16080126383
"Oct 9, 2025, 11:59:34 AM",Kudos,Activity,16080444646
"Oct 9, 2025, 11:59:38 AM",Kudos,Activity,16080011573
"Oct 9, 2025, 11:59:41 AM",Kudos,Activity,16080514272
"Oct 9, 2025, 11:59:43 AM",Kudos,Activity,16080958645
"Oct 9, 2025, 11:59:49 AM",Kudos,Activity,16079872025
"Oct 9, 2025, 5:09:26 PM",Kudos,Activity,16087137922
"Oct 9, 2025, 5:09:29 PM",Kudos,Post,40174599
"Oct 9, 2025, 5:09:33 PM",Kudos,Activity,16087004423
"Oct 9, 2025, 5:09:51 PM",Kudos,Activity,16085818682
"Oct 9, 2025, 5:09:57 PM",Kudos,Activity,16085485362
"Oct 9, 2025, 7:44:05 PM",Kudos,Activity,16089007502
"Oct 9, 2025, 7:44:22 PM",Kudos,Activity,16088188438
"Oct 9, 2025, 11:20:06 PM",Kudos,Activity,16090593868
"Oct 9, 2025, 11:20:54 PM",Kudos,Activity,16090423371
"Oct 9, 2025, 11:49:14 PM",Kudos,Activity,16090715159
"Oct 9, 2025, 11:49:24 PM",Kudos,Activity,16090654323
"Oct 9, 2025, 11:49:32 PM",Kudos,Activity,16090611659
"Oct 9, 2025, 11:49:37 PM",Kudos,Activity,16090685340
"Oct 9, 2025, 11:49:58 PM",Kudos,Activity,16089481658
"Oct 9, 2025, 11:50:09 PM",Kudos,Activity,16089144078
"Oct 10, 2025, 12:44:13 AM",Kudos,Activity,16090925055
"Oct 10, 2025, 12:44:15 AM",Kudos,Activity,16091018802
"Oct 10, 2025, 12:44:35 AM",Kudos,Activity,16090859185
"Oct 10, 2025, 12:44:46 AM",Kudos,Activity,16090842706
"Oct 10, 2025, 12:45:22 AM",Kudos,Activity,16090381945
"Oct 10, 2025, 12:45:25 AM",Kudos,Activity,16090010320
"Oct 10, 2025, 12:45:29 AM",Kudos,Activity,16089927039
"Oct 10, 2025, 12:46:01 AM",Kudos,Activity,16089379471
"Oct 10, 2025, 12:46:02 AM",Kudos,Activity,16089542081
"Oct 10, 2025, 1:47:55 AM",Kudos,Activity,16091288139
"Oct 10, 2025, 9:46:18 AM",Kudos,Activity,16092574776
"Oct 10, 2025, 12:09:57 PM",Kudos,Activity,16094587206
"Oct 10, 2025, 12:48:07 PM",Kudos,Activity,16094705840
"Oct 10, 2025, 12:48:09 PM",Kudos,Activity,16094575493
"Oct 10, 2025, 12:48:13 PM",Kudos,Activity,16094608257
"Oct 10, 2025, 12:48:17 PM",Kudos,Activity,16095038904
"Oct 10, 2025, 12:48:21 PM",Kudos,Activity,16095076509
"Oct 10, 2025, 12:48:23 PM",Kudos,Activity,16094935553
"Oct 10, 2025, 12:48:28 PM",Kudos,Activity,16094885609
"Oct 10, 2025, 12:48:34 PM",Kudos,Activity,16094849965
"Oct 10, 2025, 12:48:39 PM",Kudos,Activity,16094838312
"Oct 10, 2025, 12:48:49 PM",Kudos,Activity,16094464700
"Oct 10, 2025, 12:48:57 PM",Kudos,Activity,16094141059
"Oct 10, 2025, 12:48:59 PM",Kudos,Activity,16094246901
"Oct 10, 2025, 12:57:31 PM",Kudos,Activity,16094622526
"Oct 10, 2025, 1:06:39 PM",Kudos,Activity,16095349084
"Oct 10, 2025, 1:39:23 PM",Kudos,Activity,16095556767
"Oct 10, 2025, 1:53:51 PM",Kudos,Activity,16095681183
"Oct 10, 2025, 2:51:00 PM",Kudos,Activity,16096215572
"Oct 10, 2025, 3:11:07 PM",Kudos,Activity,16096439968
"Oct 10, 2025, 5:50:14 PM",Kudos,Activity,16097980223
"Oct 10, 2025, 5:50:58 PM",Kudos,Activity,16096973808
"Oct 10, 2025, 5:51:03 PM",Kudos,Activity,16096879977
"Oct 10, 2025, 5:51:24 PM",Kudos,Activity,16097090511
"Oct 10, 2025, 9:01:23 PM",Kudos,Activity,16099017890
"Oct 10, 2025, 9:01:25 PM",Kudos,Activity,16099039041
"Oct 10, 2025, 9:01:31 PM",Kudos,Activity,16098455003
"Oct 10, 2025, 9:01:35 PM",Kudos,Activity,16098429673
"Oct 10, 2025, 9:01:40 PM",Kudos,Activity,16098295280
"Oct 10, 2025, 9:01:49 PM",Kudos,Activity,16098295243
"Oct 10, 2025, 9:01:50 PM",Kudos,Activity,16098151822
"Oct 10, 2025, 9:01:55 PM",Kudos,Activity,16098454980
"Oct 10, 2025, 9:01:57 PM",Kudos,Activity,16098099627
"Oct 10, 2025, 11:50:02 PM",Kudos,Activity,16100127776
"Oct 10, 2025, 11:50:05 PM",Kudos,Activity,16100124720
"Oct 10, 2025, 11:50:26 PM",Kudos,Activity,16099478589
"Oct 10, 2025, 11:50:41 PM",Kudos,Activity,16099494455
"Oct 10, 2025, 11:50:44 PM",Kudos,Activity,16099322142
"Oct 10, 2025, 11:53:07 PM",Kudos,Activity,16100308609
"Oct 10, 2025, 11:53:08 PM",Kudos,Activity,16100249173
"Oct 11, 2025, 12:24:06 AM",Kudos,Activity,16100456155
"Oct 11, 2025, 12:24:49 AM",Kudos,Activity,16100434425
"Oct 11, 2025, 6:30:21 PM",Kudos,Activity,16109040653
"Oct 11, 2025, 6:30:27 PM",Kudos,Activity,16108685892
"Oct 11, 2025, 6:30:30 PM",Kudos,Activity,16108624836
"Oct 11, 2025, 6:30:37 PM",Kudos,Activity,16108714982
"Oct 11, 2025, 6:30:39 PM",Kudos,Activity,16108660340
"Oct 11, 2025, 6:30:42 PM",Kudos,Activity,16108599901
"Oct 11, 2025, 6:30:45 PM",Kudos,Activity,16108725223
"Oct 11, 2025, 6:30:46 PM",Kudos,Activity,16109062838
"Oct 11, 2025, 6:30:55 PM",Kudos,Activity,16108287218
"Oct 11, 2025, 6:30:59 PM",Kudos,Activity,16108974442
"Oct 11, 2025, 6:31:04 PM",Kudos,Activity,16107757869
"Oct 11, 2025, 6:31:07 PM",Kudos,Activity,16107651364
"Oct 11, 2025, 6:32:41 PM",Kudos,Activity,16107867583
"Oct 11, 2025, 6:32:46 PM",Kudos,Activity,16107703799
"Oct 11, 2025, 6:33:10 PM",Kudos,Activity,16107421870
"Oct 11, 2025, 6:33:14 PM",Kudos,Activity,16107519146
"Oct 11, 2025, 6:33:18 PM",Kudos,Activity,16107264879
"Oct 11, 2025, 6:33:23 PM",Kudos,Activity,16106984877
"Oct 11, 2025, 6:33:30 PM",Kudos,Activity,16107025004
"Oct 11, 2025, 6:33:49 PM",Kudos,Activity,16106865761
"Oct 11, 2025, 6:33:54 PM",Kudos,Activity,16106684830
"Oct 11, 2025, 6:33:55 PM",Kudos,Activity,16106433478
"Oct 11, 2025, 6:34:09 PM",Kudos,Activity,16106491758
"Oct 11, 2025, 6:34:23 PM",Kudos,Activity,16106833356
"Oct 11, 2025, 6:34:29 PM",Kudos,Activity,16106772251
"Oct 11, 2025, 6:34:35 PM",Kudos,Activity,16106839305
"Oct 11, 2025, 6:34:39 PM",Kudos,Activity,16106665439
"Oct 11, 2025, 6:34:41 PM",Kudos,Activity,16106665466
"Oct 11, 2025, 6:35:02 PM",Kudos,Activity,16106568658
"Oct 11, 2025, 6:35:05 PM",Kudos,Activity,16106504219
"Oct 11, 2025, 6:35:12 PM",Kudos,Activity,16106618049
"Oct 11, 2025, 6:35:14 PM",Kudos,Activity,16106153045
"Oct 11, 2025, 6:35:17 PM",Kudos,Activity,16106145101
"Oct 11, 2025, 6:35:20 PM",Kudos,Activity,16106412398
"Oct 11, 2025, 6:35:34 PM",Kudos,Activity,16106025995
"Oct 11, 2025, 6:35:37 PM",Kudos,Activity,16106077444
"Oct 11, 2025, 6:35:51 PM",Kudos,Activity,16106052937
"Oct 11, 2025, 6:35:55 PM",Kudos,Activity,16105977926
"Oct 11, 2025, 6:36:03 PM",Kudos,Activity,16105787228
"Oct 11, 2025, 6:36:05 PM",Kudos,Activity,16105749708
"Oct 11, 2025, 6:36:08 PM",Kudos,Activity,16105649906
"Oct 11, 2025, 6:36:13 PM",Kudos,Activity,16105566380
"Oct 11, 2025, 6:36:18 PM",Kudos,Activity,16105379865
"Oct 11, 2025, 6:36:22 PM",Kudos,Activity,16105390721
"Oct 12, 2025, 11:10:49 PM",Kudos,Activity,16122323824
"Oct 12, 2025, 11:10:51 PM",Kudos,Activity,16122313473
"Oct 12, 2025, 11:10:56 PM",Kudos,Activity,16122213134
"Oct 12, 2025, 11:11:23 PM",Kudos,Activity,16122100981
"Oct 12, 2025, 11:11:24 PM",Kudos,Activity,16122093364
"Oct 13, 2025, 11:53:06 AM",Kudos,Activity,16125997888
"Oct 13, 2025, 11:53:09 AM",Kudos,Activity,16125563186
"Oct 13, 2025, 11:53:10 AM",Kudos,Activity,16125812361
"Oct 13, 2025, 11:53:14 AM",Kudos,Activity,16122952005
"Oct 13, 2025, 11:53:48 AM",Kudos,Activity,16122502691
"Oct 13, 2025, 11:53:50 AM",Kudos,Activity,16122432643
"Oct 13, 2025, 11:54:08 AM",Kudos,Activity,16122639665
"Oct 13, 2025, 1:01:13 PM",Kudos,Activity,16126441099
"Oct 13, 2025, 1:01:27 PM",Kudos,Activity,16126288510
"Oct 13, 2025, 1:01:30 PM",Kudos,Activity,16126428207
"Oct 13, 2025, 1:01:43 PM",Kudos,Activity,16126155496
"Oct 13, 2025, 1:01:45 PM",Kudos,Activity,16126075129
"Oct 13, 2025, 5:59:31 PM",Kudos,Activity,16129537941
"Oct 13, 2025, 11:13:13 PM",Kudos,Activity,16131511671
"Oct 13, 2025, 11:13:17 PM",Kudos,Activity,16126694217
"Oct 13, 2025, 11:13:34 PM",Kudos,Activity,16131348671
"Oct 13, 2025, 11:13:42 PM",Kudos,Activity,16131901237
"Oct 13, 2025, 11:13:51 PM",Kudos,Activity,16131947554
"Oct 13, 2025, 11:13:54 PM",Kudos,Activity,16131922051
"Oct 13, 2025, 11:14:15 PM",Kudos,Activity,16132153572
"Oct 13, 2025, 11:14:18 PM",Kudos,Activity,16132174805
"Oct 14, 2025, 11:58:38 AM",Kudos,Activity,16136787447
"Oct 14, 2025, 11:58:42 AM",Kudos,Activity,16136749399
"Oct 14, 2025, 11:58:46 AM",Kudos,Post,40294526
"Oct 14, 2025, 11:58:51 AM",Kudos,Activity,16136098137
"Oct 14, 2025, 12:58:05 PM",Kudos,Activity,16137206440
"Oct 14, 2025, 3:31:27 PM",Kudos,Activity,16137442373
"Oct 14, 2025, 3:31:47 PM",Kudos,Activity,16137065803
"Oct 14, 2025, 3:31:50 PM",Kudos,Activity,16137006585
"Oct 14, 2025, 3:32:01 PM",Kudos,Activity,16136968477
"Oct 14, 2025, 6:32:53 PM",Kudos,Activity,16139835070
"Oct 15, 2025, 12:17:14 AM",Kudos,Activity,16143731097
"Oct 15, 2025, 12:17:18 AM",Kudos,Activity,16143710275
"Oct 15, 2025, 10:29:02 AM",Kudos,Activity,16144605954
"Oct 15, 2025, 10:29:24 AM",Kudos,Activity,16144019127
"Oct 15, 2025, 10:29:32 AM",Kudos,Activity,16144020709
"Oct 15, 2025, 10:29:41 AM",Kudos,Activity,16144123830
"Oct 15, 2025, 11:48:14 AM",Kudos,Activity,16147924958
"Oct 15, 2025, 1:18:13 PM",Kudos,Activity,16148756892
"Oct 15, 2025, 1:18:14 PM",Kudos,Activity,16148761669
"Oct 15, 2025, 1:18:17 PM",Kudos,Activity,16148491831
"Oct 15, 2025, 1:18:22 PM",Kudos,Activity,16148459161
"Oct 15, 2025, 1:18:23 PM",Kudos,Activity,16148305623
"Oct 15, 2025, 1:18:32 PM",Kudos,Activity,16148262831
"Oct 15, 2025, 2:23:01 PM",Kudos,Activity,16149033566
"Oct 15, 2025, 2:23:05 PM",Kudos,Activity,16148903908
"Oct 15, 2025, 9:01:33 PM",Kudos,Activity,16152866544
"Oct 16, 2025, 12:42:30 PM",Kudos,Activity,16159055016
"Oct 16, 2025, 12:42:32 PM",Kudos,Activity,16158802824
"Oct 16, 2025, 12:42:36 PM",Kudos,Activity,16158623055
"Oct 16, 2025, 12:42:39 PM",Kudos,Activity,16158717755
"Oct 16, 2025, 12:42:42 PM",Kudos,Activity,16158361089
"Oct 16, 2025, 12:42:46 PM",Kudos,Activity,16158025826
"Oct 16, 2025, 12:42:51 PM",Kudos,Activity,16155328807
"Oct 16, 2025, 12:42:55 PM",Kudos,Activity,16155219384
"Oct 16, 2025, 12:43:02 PM",Kudos,Activity,16154977725
"Oct 16, 2025, 12:43:04 PM",Kudos,Activity,16154978294
"Oct 16, 2025, 12:43:05 PM",Kudos,Activity,16154979151
"Oct 16, 2025, 12:43:09 PM",Kudos,Activity,16154982556
"Oct 16, 2025, 12:43:34 PM",Kudos,Activity,16155927716
"Oct 16, 2025, 12:43:37 PM",Kudos,Activity,16154940624
"Oct 16, 2025, 12:43:39 PM",Kudos,Activity,16154971944
"Oct 16, 2025, 12:43:43 PM",Kudos,Activity,16154937849
"Oct 16, 2025, 12:43:53 PM",Kudos,Post,40333997
"Oct 16, 2025, 1:09:57 PM",Kudos,Activity,16159203426
"Oct 16, 2025, 1:09:58 PM",Kudos,Activity,16159176849
"Oct 17, 2025, 12:12:46 PM",Kudos,Activity,16169258991
"Oct 17, 2025, 12:12:48 PM",Kudos,Activity,16168958864
"Oct 17, 2025, 12:12:57 PM",Kudos,Activity,16169227205
"Oct 17, 2025, 12:12:59 PM",Kudos,Activity,16168690100
"Oct 17, 2025, 12:13:06 PM",Kudos,Activity,16167242384
"Oct 17, 2025, 12:13:16 PM",Kudos,Activity,16165844583
"Oct 17, 2025, 12:13:18 PM",Kudos,Activity,16165714868
"Oct 17, 2025, 12:13:24 PM",Kudos,Activity,16165497320
"Oct 17, 2025, 12:13:30 PM",Kudos,Activity,16165433749
"Oct 17, 2025, 12:13:41 PM",Kudos,Activity,16165653362
"Oct 17, 2025, 12:25:29 PM",Kudos,Activity,16142907243
"Oct 17, 2025, 12:25:35 PM",Kudos,Activity,16126957525
"Oct 17, 2025, 12:25:48 PM",Kudos,Activity,16015448476
"Oct 17, 2025, 12:25:59 PM",Kudos,Activity,16169303485
"Oct 17, 2025, 1:53:19 PM",Kudos,Activity,16169645522
"Oct 17, 2025, 1:53:22 PM",Kudos,Activity,16170072197
"Oct 17, 2025, 1:53:23 PM",Kudos,Activity,16169954349
"Oct 17, 2025, 1:53:31 PM",Kudos,Activity,16169935280
"Oct 17, 2025, 1:53:34 PM",Kudos,Activity,16169930085
"Oct 17, 2025, 2:50:56 PM",Kudos,Activity,16170353349
"Oct 17, 2025, 2:51:01 PM",Kudos,Activity,16170317930
"Oct 17, 2025, 2:51:02 PM",Kudos,Activity,16170244055
"Oct 17, 2025, 2:51:13 PM",Kudos,Activity,16170175108
"Oct 17, 2025, 2:51:15 PM",Kudos,Activity,16170257527
"Oct 17, 2025, 2:51:19 PM",Kudos,Activity,16170411232
"Oct 17, 2025, 9:39:07 PM",Kudos,Activity,16173712404
"Oct 17, 2025, 9:39:56 PM",Kudos,Post,40374532
"Oct 19, 2025, 1:32:34 AM",Kudos,Activity,16185117024
"Oct 19, 2025, 11:33:24 AM",Kudos,Activity,16186645105
"Oct 19, 2025, 11:33:25 AM",Kudos,Activity,16186645133
"Oct 19, 2025, 11:33:28 AM",Kudos,Activity,16185316596
"Oct 19, 2025, 11:33:29 AM",Kudos,Activity,16185221837
"Oct 19, 2025, 11:33:42 AM",Kudos,Activity,16185138104
"Oct 19, 2025, 11:33:43 AM",Kudos,Activity,16185970668
"Oct 19, 2025, 11:33:44 AM",Kudos,Activity,16186376963
"Oct 19, 2025, 11:33:47 AM",Kudos,Activity,16186174926
"Oct 19, 2025, 11:33:57 AM",Kudos,Activity,16185709833
"Oct 19, 2025, 11:34:00 AM",Kudos,Activity,16185560160
"Oct 19, 2025, 11:34:03 AM",Kudos,Activity,16185338385
"Oct 19, 2025, 11:34:07 AM",Kudos,Activity,16185303772
"Oct 19, 2025, 11:34:30 AM",Kudos,Activity,16185130283
"Oct 19, 2025, 11:35:26 AM",Kudos,Activity,16184632939
"Oct 19, 2025, 11:35:29 AM",Kudos,Activity,16184556748
"Oct 19, 2025, 11:35:35 AM",Kudos,Activity,16184343720
"Oct 19, 2025, 11:35:45 AM",Kudos,Activity,16184008375
"Oct 19, 2025, 11:35:58 AM",Kudos,Activity,16183662154
"Oct 19, 2025, 11:36:00 AM",Kudos,Activity,16184115932
"Oct 19, 2025, 11:36:26 AM",Kudos,Activity,16183491021
"Oct 19, 2025, 11:36:31 AM",Kudos,Activity,16183646501
"Oct 19, 2025, 11:36:33 AM",Kudos,Activity,16183593934
"Oct 19, 2025, 11:36:35 AM",Kudos,Activity,16183295602
"Oct 19, 2025, 11:36:38 AM",Kudos,Activity,16183178077
"Oct 19, 2025, 11:36:42 AM",Kudos,Activity,16183170728
"Oct 19, 2025, 11:36:45 AM",Kudos,Activity,16183103674
"Oct 19, 2025, 11:36:58 AM",Kudos,Activity,16182640282
"Oct 19, 2025, 11:37:11 AM",Kudos,Activity,16182486582
"Oct 19, 2025, 11:37:17 AM",Kudos,Activity,16182564010
"Oct 19, 2025, 11:37:19 AM",Kudos,Activity,16182374908
"Oct 19, 2025, 11:37:24 AM",Kudos,Activity,16182338577
"Oct 19, 2025, 11:37:44 AM",Kudos,Activity,16182203041
"Oct 19, 2025, 11:37:56 AM",Kudos,Activity,16181986480
"Oct 19, 2025, 11:38:06 AM",Kudos,Activity,16181984128
"Oct 19, 2025, 11:38:21 AM",Kudos,Activity,16181670910
"Oct 19, 2025, 11:38:25 AM",Kudos,Activity,16181519534
"Oct 19, 2025, 11:38:34 AM",Kudos,Activity,16181169883
"Oct 19, 2025, 11:38:38 AM",Kudos,Activity,16182571640
"Oct 19, 2025, 11:38:42 AM",Kudos,Activity,16181055697
"Oct 19, 2025, 11:38:47 AM",Kudos,Activity,16181008393
"Oct 19, 2025, 11:38:54 AM",Kudos,Activity,16180906670
"Oct 19, 2025, 11:39:06 AM",Kudos,Activity,16181056682
"Oct 19, 2025, 11:39:14 AM",Kudos,Activity,16180801028
"Oct 19, 2025, 11:39:16 AM",Kudos,Activity,16182577402
"Oct 19, 2025, 11:39:20 AM",Kudos,Activity,16180840730
"Oct 19, 2025, 11:39:22 AM",Kudos,Activity,16180586985
"Oct 19, 2025, 11:39:27 AM",Kudos,Activity,16180538185
"Oct 19, 2025, 11:39:30 AM",Kudos,Activity,16180570468
"Oct 19, 2025, 11:39:33 AM",Kudos,Activity,16180340229
"Oct 19, 2025, 11:39:39 AM",Kudos,Activity,16180327624
"Oct 19, 2025, 11:40:00 AM",Kudos,Activity,16180433556
"Oct 19, 2025, 11:40:03 AM",Kudos,Activity,16180301648
"Oct 19, 2025, 11:40:06 AM",Kudos,Activity,16180333694
"Oct 19, 2025, 11:40:10 AM",Kudos,Activity,16180303287
"Oct 19, 2025, 11:40:14 AM",Kudos,Activity,16180714269
"Oct 19, 2025, 11:40:16 AM",Kudos,Activity,16180437666
"Oct 19, 2025, 11:40:20 AM",Kudos,Activity,16180030076
"Oct 19, 2025, 11:40:24 AM",Kudos,Activity,16179862505
"Oct 19, 2025, 11:40:28 AM",Kudos,Activity,16179891848
"Oct 19, 2025, 11:40:32 AM",Kudos,Activity,16181355098
"Oct 19, 2025, 11:40:35 AM",Kudos,Activity,16179639174
"Oct 19, 2025, 11:40:37 AM",Kudos,Activity,16179671838
"Oct 19, 2025, 11:40:43 AM",Kudos,Activity,16179623378
"Oct 19, 2025, 11:40:46 AM",Kudos,Activity,16179009052
"Oct 19, 2025, 1:45:01 PM",Kudos,Activity,16191625406
"Oct 19, 2025, 1:45:11 PM",Kudos,Activity,16190943824
"Oct 19, 2025, 3:44:55 PM",Kudos,Activity,16192760956
"Oct 19, 2025, 5:38:34 PM",Kudos,Activity,16193361703
"Oct 19, 2025, 8:57:43 PM",Kudos,Activity,16195478639
"Oct 19, 2025, 8:57:54 PM",Kudos,Activity,16195266236
"Oct 19, 2025, 10:12:32 PM",Kudos,Activity,16195866231
"Oct 19, 2025, 10:12:37 PM",Kudos,Activity,16195921962
"Oct 19, 2025, 10:12:39 PM",Kudos,Activity,16195909618
"Oct 19, 2025, 10:12:53 PM",Kudos,Activity,16195722667
"Oct 19, 2025, 11:06:30 PM",Kudos,Activity,16196030089
"Oct 20, 2025, 12:10:14 AM",Kudos,Activity,16196408811
"Oct 20, 2025, 1:53:21 AM",Kudos,Activity,16196652298
"Oct 20, 2025, 1:53:22 AM",Kudos,Activity,16196675887
"Oct 20, 2025, 2:12:24 PM",Kudos,Activity,16200793398
"Oct 20, 2025, 2:12:28 PM",Kudos,Activity,16200773076
"Oct 20, 2025, 2:12:50 PM",Kudos,Activity,16200272439
"Oct 20, 2025, 2:13:12 PM",Kudos,Activity,16199315271
"Oct 20, 2025, 2:13:19 PM",Kudos,Activity,16199514946
"Oct 20, 2025, 2:13:34 PM",Kudos,Activity,16199798270
"Oct 20, 2025, 3:11:47 PM",Kudos,Activity,16201317215
"Oct 20, 2025, 3:47:49 PM",Kudos,Activity,16201853940
"Oct 21, 2025, 12:06:00 AM",Kudos,Activity,16206136955
"Oct 21, 2025, 12:55:04 AM",Kudos,Activity,16206296456
"Oct 21, 2025, 12:55:14 AM",Kudos,Activity,16206280425
"Oct 21, 2025, 12:55:16 AM",Kudos,Activity,16206279093
"Oct 21, 2025, 12:55:22 AM",Kudos,Activity,16206294921
"Oct 21, 2025, 12:41:19 PM",Kudos,Activity,16210344746
"Oct 21, 2025, 12:41:23 PM",Kudos,Activity,16210386396
"Oct 21, 2025, 12:41:25 PM",Kudos,Activity,16210682096
"Oct 21, 2025, 12:41:35 PM",Kudos,Activity,16210030769
"Oct 21, 2025, 12:41:37 PM",Kudos,Activity,16210013531
"Oct 21, 2025, 12:41:41 PM",Kudos,Activity,16210477806
"Oct 21, 2025, 12:41:49 PM",Kudos,Activity,16209694211
"Oct 21, 2025, 12:41:50 PM",Kudos,Activity,16209577829
"Oct 21, 2025, 12:41:52 PM",Kudos,Activity,16209544048
"Oct 21, 2025, 12:41:55 PM",Kudos,Activity,16210231208
"Oct 21, 2025, 2:47:08 PM",Kudos,Activity,16211704346
"Oct 21, 2025, 2:47:17 PM",Kudos,Activity,16211261541
"Oct 21, 2025, 2:47:22 PM",Kudos,Activity,16211023961
"Oct 21, 2025, 4:53:43 PM",Kudos,Activity,16212261304
"Oct 22, 2025, 1:28:41 PM",Kudos,Activity,16221254869
"Oct 22, 2025, 11:06:32 PM",Kudos,Activity,16226962991
"Oct 22, 2025, 11:06:54 PM",Kudos,Activity,16226628520
"Oct 22, 2025, 11:06:59 PM",Kudos,Activity,16226471924
"Oct 22, 2025, 11:07:01 PM",Kudos,Activity,16226235792
"Oct 22, 2025, 11:07:20 PM",Kudos,Activity,16226148115
"Oct 22, 2025, 11:07:27 PM",Kudos,Activity,16225456017
"Oct 22, 2025, 11:07:45 PM",Kudos,Activity,16224056079
"Oct 22, 2025, 11:07:57 PM",Kudos,Activity,16223696847
"Oct 22, 2025, 11:08:04 PM",Kudos,Activity,16222968731
"Oct 22, 2025, 11:08:10 PM",Kudos,Activity,16223481091
"Oct 22, 2025, 11:08:11 PM",Kudos,Activity,16222354638
"Oct 22, 2025, 11:08:12 PM",Kudos,Activity,16222190400
"Oct 22, 2025, 11:08:29 PM",Kudos,Activity,16221818438
"Oct 22, 2025, 11:08:45 PM",Kudos,Activity,16221274161
"Oct 22, 2025, 11:08:52 PM",Kudos,Activity,16220962856
"Oct 22, 2025, 11:08:55 PM",Kudos,Activity,16220872978
"Oct 22, 2025, 11:08:57 PM",Kudos,Activity,16220817735
"Oct 24, 2025, 9:46:26 AM",Kudos,Activity,16237519869
"Oct 24, 2025, 9:46:30 AM",Kudos,Activity,16237442125
"Oct 24, 2025, 9:46:50 AM",Kudos,Activity,16238232351
"Oct 24, 2025, 9:46:59 AM",Kudos,Activity,16237094390
"Oct 24, 2025, 9:47:02 AM",Kudos,Activity,16237046466
"Oct 24, 2025, 9:47:05 AM",Kudos,Activity,16237361775
"Oct 24, 2025, 9:47:24 AM",Kudos,Activity,16236924844
"Oct 24, 2025, 9:47:28 AM",Kudos,Activity,16236857703
"Oct 24, 2025, 9:47:33 AM",Kudos,Activity,16236869271
"Oct 24, 2025, 9:47:55 AM",Kudos,Activity,16236654888
"Oct 24, 2025, 9:48:03 AM",Kudos,Activity,16236518352
"Oct 24, 2025, 9:48:06 AM",Kudos,Activity,16236464932
"Oct 24, 2025, 9:48:09 AM",Kudos,Activity,16236506316
"Oct 24, 2025, 9:48:16 AM",Kudos,Activity,16236215088
"Oct 24, 2025, 11:49:27 AM",Kudos,Activity,16240807603
"Oct 24, 2025, 11:51:15 AM",Kudos,Activity,16240729053
"Oct 24, 2025, 11:51:29 AM",Kudos,Activity,16240504704
"Oct 24, 2025, 11:51:59 AM",Kudos,Activity,16237344631
"Oct 24, 2025, 11:52:45 AM",Kudos,Activity,16236918354
"Oct 24, 2025, 11:53:40 AM",Kudos,Activity,16236206580
"Oct 24, 2025, 11:53:45 AM",Kudos,Activity,16236002254
"Oct 24, 2025, 11:53:50 AM",Kudos,Activity,16235892906
"Oct 24, 2025, 11:53:55 AM",Kudos,Activity,16239516728
"Oct 24, 2025, 11:53:58 AM",Kudos,Activity,16234920652
"Oct 24, 2025, 11:54:11 AM",Kudos,Activity,16234285004
"Oct 24, 2025, 11:54:16 AM",Kudos,Activity,16233568717
"Oct 24, 2025, 11:54:20 AM",Kudos,Activity,16233488332
"Oct 24, 2025, 11:54:27 AM",Kudos,Activity,16233022991
"Oct 24, 2025, 11:54:32 AM",Kudos,Activity,16232996062
"Oct 24, 2025, 11:54:35 AM",Kudos,Activity,16232466800
"Oct 24, 2025, 11:54:59 AM",Kudos,Activity,16231930101
"Oct 24, 2025, 11:55:33 AM",Kudos,Activity,16231800051
"Oct 24, 2025, 11:55:51 AM",Kudos,Activity,16231759030
"Oct 24, 2025, 11:55:59 AM",Kudos,Activity,16232127725
"Oct 24, 2025, 11:56:19 AM",Kudos,Activity,16231350366
"Oct 24, 2025, 11:56:22 AM",Kudos,Activity,16231412741
"Oct 24, 2025, 11:56:29 AM",Kudos,Activity,16231213123
"Oct 24, 2025, 11:56:58 AM",Kudos,Activity,16231146512
"Oct 24, 2025, 11:57:00 AM",Kudos,Activity,16231147093
"Oct 24, 2025, 11:57:01 AM",Kudos,Activity,16231090798
"Oct 24, 2025, 11:57:03 AM",Kudos,Activity,16230696426
"Oct 24, 2025, 11:57:05 AM",Kudos,Activity,16231183168
"Oct 24, 2025, 11:57:23 AM",Kudos,Activity,16228331937
"Oct 24, 2025, 11:57:27 AM",Kudos,Activity,16227741204
"Oct 24, 2025, 11:58:22 AM",Kudos,Activity,16227683920
"Oct 24, 2025, 11:58:24 AM",Kudos,Activity,16227751957
"Oct 24, 2025, 11:58:26 AM",Kudos,Activity,16228345561
"Oct 24, 2025, 11:58:33 AM",Kudos,Activity,16227717589
"Oct 24, 2025, 11:58:39 AM",Kudos,Activity,16227646285
"Oct 24, 2025, 11:58:44 AM",Kudos,Activity,16227621639
"Oct 24, 2025, 11:58:55 AM",Kudos,Activity,16240891100
"Oct 24, 2025, 12:13:19 PM",Kudos,Activity,16240955503
"Oct 24, 2025, 12:36:10 PM",Kudos,Activity,16241196619
"Oct 24, 2025, 12:36:15 PM",Kudos,Activity,16241088584
"Oct 24, 2025, 12:58:44 PM",Kudos,Activity,16241292138
"Oct 24, 2025, 1:24:13 PM",Kudos,Activity,16241505809
"Oct 24, 2025, 1:24:24 PM",Kudos,Activity,16241452387
"Oct 24, 2025, 1:24:33 PM",Kudos,Activity,16236396320
"Oct 24, 2025, 2:22:58 PM",Kudos,Activity,16242015536
"Oct 24, 2025, 3:09:46 PM",Kudos,Activity,16242101869
"Oct 24, 2025, 3:09:58 PM",Kudos,Activity,16241812914
"Oct 24, 2025, 3:10:00 PM",Kudos,Activity,16241789427
"Oct 24, 2025, 3:53:44 PM",Kudos,Activity,16242680087
"Oct 24, 2025, 3:54:16 PM",Kudos,Activity,16242550075
"Oct 24, 2025, 4:03:05 PM",Kudos,Activity,16242895092
"Oct 24, 2025, 4:07:04 PM",Kudos,Activity,16242998014
"Oct 24, 2025, 4:29:17 PM",Kudos,Activity,16243130711
"Oct 25, 2025, 1:42:09 AM",Kudos,Activity,16246616773
"Oct 25, 2025, 1:42:10 AM",Kudos,Activity,16246554584
"Oct 25, 2025, 1:42:16 AM",Kudos,Activity,16246343744
"Oct 25, 2025, 1:42:23 AM",Kudos,Activity,16245947450
"Oct 25, 2025, 1:42:27 AM",Kudos,Activity,16245878424
"Oct 25, 2025, 1:43:52 AM",Kudos,Activity,16246109742
"Oct 25, 2025, 1:43:54 AM",Kudos,Activity,16245806163
"Oct 25, 2025, 1:43:55 AM",Kudos,Activity,16245709888
"Oct 25, 2025, 1:43:56 AM",Kudos,Activity,16245692006
"Oct 25, 2025, 1:44:07 AM",Kudos,Activity,16246048486
"Oct 25, 2025, 1:44:08 AM",Kudos,Activity,16245512439
"Oct 25, 2025, 1:44:32 AM",Kudos,Activity,16245333679
"Oct 25, 2025, 1:44:35 AM",Kudos,Activity,16245248536
"Oct 25, 2025, 1:44:50 AM",Kudos,Activity,16245175509
"Oct 25, 2025, 1:44:51 AM",Kudos,Activity,16245098690
"Oct 25, 2025, 1:44:55 AM",Kudos,Activity,16244935054
"Oct 25, 2025, 1:44:57 AM",Kudos,Activity,16245027517
"Oct 25, 2025, 1:45:58 AM",Kudos,Activity,16244651091
"Oct 25, 2025, 1:46:00 AM",Kudos,Activity,16244435583
"Oct 25, 2025, 1:46:08 AM",Kudos,Activity,16244113864
"Oct 25, 2025, 2:32:36 PM",Kudos,Activity,16252234666
"Oct 25, 2025, 2:33:02 PM",Kudos,Activity,16252048816
"Oct 25, 2025, 2:33:06 PM",Kudos,Activity,16252045672
"Oct 25, 2025, 2:33:17 PM",Kudos,Activity,16251908930
"Oct 25, 2025, 2:33:23 PM",Kudos,Activity,16251910809
"Oct 25, 2025, 2:33:30 PM",Kudos,Activity,16251876909
"Oct 25, 2025, 2:33:35 PM",Kudos,Activity,16251798674
"Oct 25, 2025, 2:33:55 PM",Kudos,Activity,16251808605
"Oct 25, 2025, 2:34:07 PM",Kudos,Activity,16251756901
"Oct 25, 2025, 2:34:13 PM",Kudos,Activity,16251765206
"Oct 25, 2025, 2:34:22 PM",Kudos,Activity,16251721699
"Oct 25, 2025, 2:34:29 PM",Kudos,Activity,16251695025
"Oct 25, 2025, 2:34:37 PM",Kudos,Activity,16251620500
"Oct 25, 2025, 2:34:41 PM",Kudos,Activity,16251604435
"Oct 25, 2025, 2:34:46 PM",Kudos,Activity,16251597701
"Oct 25, 2025, 3:18:43 PM",Kudos,Activity,16252591901
"Oct 25, 2025, 3:19:10 PM",Kudos,Activity,16252608238
"Oct 25, 2025, 3:19:49 PM",Kudos,Activity,16252591365
"Oct 25, 2025, 3:39:49 PM",Kudos,Activity,16252770554
"Oct 25, 2025, 3:46:38 PM",Kudos,Activity,16253059418
"Oct 25, 2025, 5:01:35 PM",Kudos,Post,40570417
"Oct 25, 2025, 5:02:55 PM",Kudos,Activity,16252161754
"Oct 25, 2025, 5:19:22 PM",Kudos,Activity,16205251045
"Oct 25, 2025, 5:20:32 PM",Kudos,Activity,16159660833
"Oct 25, 2025, 5:29:19 PM",Kudos,Activity,16245988452
"Oct 25, 2025, 5:29:25 PM",Kudos,Activity,16254024578
"Oct 25, 2025, 5:29:28 PM",Kudos,Activity,16253960015
"Oct 25, 2025, 5:29:39 PM",Kudos,Activity,16253817562
"Oct 25, 2025, 5:29:48 PM",Kudos,Activity,16253792765
"Oct 25, 2025, 5:29:50 PM",Kudos,Activity,16253749849
"Oct 25, 2025, 5:30:04 PM",Kudos,Activity,16253389923
"Oct 25, 2025, 5:30:06 PM",Kudos,Activity,16253334205
"Oct 25, 2025, 5:30:08 PM",Kudos,Activity,16253190360
"Oct 25, 2025, 5:32:45 PM",Kudos,Activity,16254056932
"Oct 25, 2025, 7:09:54 PM",Kudos,Activity,16254532320
"Oct 25, 2025, 7:10:00 PM",Kudos,Activity,16254586098
"Oct 25, 2025, 7:10:14 PM",Kudos,Activity,16254255314
"Oct 25, 2025, 7:10:24 PM",Kudos,Activity,16254204119
"Oct 25, 2025, 7:10:25 PM",Kudos,Activity,16254401646
"Oct 25, 2025, 7:10:35 PM",Kudos,Activity,16254217441
"Oct 25, 2025, 7:10:43 PM",Kudos,Activity,16254182302
"Oct 25, 2025, 7:10:49 PM",Kudos,Activity,16254039501
"Oct 25, 2025, 7:35:01 PM",Kudos,Activity,16254867696
"Oct 25, 2025, 8:34:33 PM",Kudos,Activity,16255220974
"Oct 25, 2025, 8:34:39 PM",Kudos,Activity,16255211939
"Oct 25, 2025, 10:04:09 PM",Kudos,Activity,16255532955
"Oct 25, 2025, 11:21:43 PM",Kudos,Activity,16256116479
"Oct 27, 2025, 12:00:23 AM",Kudos,Activity,16267035804
"Oct 27, 2025, 12:00:31 AM",Kudos,Activity,16266854885
"Oct 27, 2025, 12:00:55 AM",Kudos,Activity,16266233362
"Oct 27, 2025, 12:01:24 AM",Kudos,Activity,16265762553
"Oct 27, 2025, 12:01:39 AM",Kudos,Activity,16265555801
"Oct 27, 2025, 12:01:40 AM",Kudos,Activity,16265658327
"Oct 27, 2025, 12:01:43 AM",Kudos,Activity,16265556089
"Oct 27, 2025, 12:02:19 AM",Kudos,Activity,16265468415
"Oct 27, 2025, 12:02:24 AM",Kudos,Activity,16265251679
"Oct 27, 2025, 12:02:33 AM",Kudos,Activity,16264190469
"Oct 27, 2025, 1:31:50 AM",Kudos,Activity,16267598524
"Oct 27, 2025, 12:21:40 PM",Kudos,Activity,16270653381
"Oct 27, 2025, 1:02:42 PM",Kudos,Activity,16271071564
"Oct 27, 2025, 1:02:54 PM",Kudos,Activity,16270360756
"Oct 27, 2025, 1:03:04 PM",Kudos,Activity,16270159141
"Oct 27, 2025, 1:03:05 PM",Kudos,Activity,16270060402
"Oct 27, 2025, 1:31:07 PM",Kudos,Activity,16271218083
"Oct 28, 2025, 12:54:45 PM",Kudos,Activity,16281214679
"Oct 28, 2025, 12:55:01 PM",Kudos,Activity,16280854512
"Oct 28, 2025, 5:52:15 PM",Kudos,Activity,16283639118
"Oct 28, 2025, 5:52:26 PM",Kudos,Activity,16282720856
"Oct 28, 2025, 5:52:32 PM",Kudos,Activity,16281496504
"Oct 28, 2025, 5:52:40 PM",Kudos,Activity,16282196661
"Oct 28, 2025, 5:52:47 PM",Kudos,Activity,16281188229
"Oct 29, 2025, 9:48:29 AM",Kudos,Activity,16288333617
"Oct 29, 2025, 9:48:30 AM",Kudos,Activity,16288101269
"Oct 29, 2025, 9:48:36 AM",Kudos,Activity,16287821928
"Oct 29, 2025, 9:48:41 AM",Kudos,Activity,16287743609
"Oct 29, 2025, 9:48:53 AM",Kudos,Activity,16287539207
"Oct 29, 2025, 9:49:14 AM",Kudos,Activity,16287207033
"Oct 29, 2025, 9:49:16 AM",Kudos,Activity,16287584220
"Oct 29, 2025, 12:13:15 PM",Kudos,Activity,16291254174
"Oct 29, 2025, 12:13:27 PM",Kudos,Activity,16290849132
"Oct 29, 2025, 12:13:28 PM",Kudos,Activity,16290787218
"Oct 29, 2025, 12:48:29 PM",Kudos,Activity,16291596186
"Oct 29, 2025, 12:48:44 PM",Kudos,Activity,16291668966
"Oct 29, 2025, 1:55:48 PM",Kudos,Activity,16292111498
"Oct 30, 2025, 11:43:26 AM",Kudos,Activity,16301174320
"Oct 30, 2025, 11:43:29 AM",Kudos,Activity,16301195909
"Oct 30, 2025, 11:43:35 AM",Kudos,Activity,16300831696
"Oct 30, 2025, 11:43:41 AM",Kudos,Activity,16298188799
"Oct 30, 2025, 11:43:43 AM",Kudos,Activity,16298075124
"Oct 30, 2025, 11:43:44 AM",Kudos,Activity,16298077484
"Oct 30, 2025, 11:43:47 AM",Kudos,Activity,16297963762
"Oct 30, 2025, 11:44:02 AM",Kudos,Activity,16297792051
"Oct 30, 2025, 11:44:07 AM",Kudos,Activity,16297672855
"Oct 30, 2025, 11:44:18 AM",Kudos,Activity,16297600076
"Oct 30, 2025, 11:44:21 AM",Kudos,Activity,16297615808
"Oct 30, 2025, 11:44:25 AM",Kudos,Activity,16297558251
"Oct 30, 2025, 11:44:32 AM",Kudos,Activity,16297483539
"Oct 30, 2025, 11:44:41 AM",Kudos,Activity,16297466320
"Oct 30, 2025, 6:01:51 PM",Kudos,Activity,16303825498
"Oct 30, 2025, 6:01:56 PM",Kudos,Activity,16303010107
"Oct 30, 2025, 6:02:05 PM",Kudos,Activity,16302172333
"Oct 30, 2025, 6:02:11 PM",Kudos,Activity,16302009094
"Oct 31, 2025, 11:56:38 PM",Kudos,Activity,16316188929
"Oct 31, 2025, 11:56:45 PM",Kudos,Activity,16316109216
"Oct 31, 2025, 11:57:06 PM",Kudos,Activity,16315995322
"Oct 31, 2025, 11:57:13 PM",Kudos,Activity,16316268592
"Oct 31, 2025, 11:57:26 PM",Kudos,Activity,16315699237
"Oct 31, 2025, 11:57:39 PM",Kudos,Activity,16315599554
"Oct 31, 2025, 11:57:45 PM",Kudos,Activity,16315560178
"Oct 31, 2025, 11:57:49 PM",Kudos,Activity,16315485542
"Oct 31, 2025, 11:58:00 PM",Kudos,Activity,16315435942
"Oct 31, 2025, 11:58:08 PM",Kudos,Activity,16315136036
"Oct 31, 2025, 11:58:12 PM",Kudos,Activity,16314841748
"Oct 31, 2025, 11:58:39 PM",Kudos,Activity,16314042040
"Oct 31, 2025, 11:58:41 PM",Kudos,Activity,16313980395
"Oct 31, 2025, 11:58:59 PM",Kudos,Activity,16312625241
"Oct 31, 2025, 11:59:05 PM",Kudos,Activity,16311956491
"Oct 31, 2025, 11:59:42 PM",Kudos,Activity,16311427509
"Oct 31, 2025, 11:59:49 PM",Kudos,Activity,16311337890
"Oct 31, 2025, 11:59:52 PM",Kudos,Activity,16311578313
"Oct 31, 2025, 11:59:56 PM",Kudos,Activity,16311447642
"Nov 1, 2025, 12:00:07 AM",Kudos,Activity,16311091239
"Nov 1, 2025, 12:00:09 AM",Kudos,Activity,16311899422
"Nov 1, 2025, 12:00:11 AM",Kudos,Activity,16310884916
"Nov 1, 2025, 6:13:23 PM",Kudos,Activity,16324182365
"Nov 1, 2025, 6:13:31 PM",Kudos,Activity,16323455657
"Nov 1, 2025, 6:13:36 PM",Kudos,Activity,16323306446
"Nov 1, 2025, 6:13:47 PM",Kudos,Activity,16323332376
"Nov 1, 2025, 6:13:52 PM",Kudos,Activity,16323115750
"Nov 1, 2025, 6:14:12 PM",Kudos,Activity,16322969001
"Nov 1, 2025, 6:14:24 PM",Kudos,Activity,16322801144
"Nov 1, 2025, 6:14:31 PM",Kudos,Activity,16322738520
"Nov 1, 2025, 6:14:45 PM",Kudos,Activity,16322749947
"Nov 1, 2025, 6:14:49 PM",Kudos,Activity,16322627679
"Nov 1, 2025, 6:15:08 PM",Kudos,Activity,16322283462
"Nov 1, 2025, 6:15:13 PM",Kudos,Activity,16322053687
"Nov 1, 2025, 6:15:37 PM",Kudos,Activity,16321742324
"Nov 1, 2025, 6:15:42 PM",Kudos,Activity,16321788621
"Nov 1, 2025, 6:16:21 PM",Kudos,Activity,16322052744
"Nov 1, 2025, 6:16:26 PM",Kudos,Activity,16321449164
"Nov 1, 2025, 6:16:31 PM",Kudos,Activity,16321852793
"Nov 1, 2025, 6:16:37 PM",Kudos,Activity,16321223468
"Nov 1, 2025, 6:16:39 PM",Kudos,Activity,16321143365
"Nov 1, 2025, 6:16:42 PM",Kudos,Activity,16321376643
"Nov 3, 2025, 10:49:36 AM",Kudos,Activity,16337978510
"Nov 3, 2025, 10:49:52 AM",Kudos,Activity,16337982231
"Nov 3, 2025, 9:13:34 PM",Kudos,Activity,16345397257
"Nov 3, 2025, 9:14:21 PM",Kudos,Activity,16344915255
"Nov 3, 2025, 9:14:32 PM",Kudos,Activity,16344091785
"Nov 3, 2025, 9:14:39 PM",Kudos,Activity,16342354674
"Nov 3, 2025, 9:14:43 PM",Kudos,Activity,16342110268
"Nov 3, 2025, 9:14:49 PM",Kudos,Activity,16342275349
"Nov 3, 2025, 9:15:00 PM",Kudos,Activity,16341291045
"Nov 3, 2025, 9:15:02 PM",Kudos,Activity,16341313836
"Nov 3, 2025, 9:15:04 PM",Kudos,Activity,16341270533
"Nov 3, 2025, 9:15:15 PM",Kudos,Activity,16344851681
"Nov 3, 2025, 9:15:26 PM",Kudos,Activity,16340870121
"Nov 3, 2025, 9:15:29 PM",Kudos,Activity,16340790368
"Nov 4, 2025, 2:49:04 PM",Kudos,Activity,16352546124
"Nov 4, 2025, 2:49:26 PM",Kudos,Activity,16351844187
"Nov 4, 2025, 2:49:36 PM",Kudos,Activity,16351704101
"Nov 4, 2025, 2:49:44 PM",Kudos,Activity,16351488466
"Nov 4, 2025, 2:50:01 PM",Kudos,Activity,16351376902
"Nov 4, 2025, 2:50:06 PM",Kudos,Activity,16351059755
"Nov 4, 2025, 2:50:11 PM",Kudos,Activity,16348095285
"Nov 4, 2025, 2:50:31 PM",Kudos,Activity,16347866145
"Nov 5, 2025, 5:35:42 PM",Kudos,Activity,16363716967
"Nov 6, 2025, 11:03:04 AM",Kudos,Activity,16370384676
"Nov 8, 2025, 2:50:01 PM",Kudos,Activity,16394447213
"Nov 8, 2025, 2:50:07 PM",Kudos,Activity,16394379495
"Nov 8, 2025, 2:50:09 PM",Kudos,Activity,16394319414
"Nov 8, 2025, 2:50:12 PM",Kudos,Activity,16394376370
"Nov 8, 2025, 2:50:14 PM",Kudos,Activity,16394276925
"Nov 8, 2025, 2:50:29 PM",Kudos,Activity,16393912155
"Nov 8, 2025, 2:50:32 PM",Kudos,Activity,16393491161
"Nov 8, 2025, 2:59:07 PM",Kudos,Activity,16394466265
"Nov 8, 2025, 3:27:36 PM",Kudos,Activity,16394675494
"Nov 8, 2025, 3:27:42 PM",Kudos,Activity,16394809439
"Nov 8, 2025, 3:27:43 PM",Kudos,Activity,16394972548
"Nov 8, 2025, 3:28:06 PM",Kudos,Activity,16394808666
"Nov 8, 2025, 3:37:56 PM",Kudos,Activity,16395092009
"Nov 8, 2025, 3:38:13 PM",Kudos,Activity,16395071153
"Nov 8, 2025, 3:38:33 PM",Kudos,Activity,16394962714
"Nov 8, 2025, 7:28:45 PM",Kudos,Activity,16397198727
"Nov 10, 2025, 4:49:28 PM",Kudos,Activity,16415381910
"Nov 10, 2025, 4:49:31 PM",Kudos,Activity,16415266640
"Nov 10, 2025, 4:49:44 PM",Kudos,Activity,16414850464
"Nov 10, 2025, 4:49:52 PM",Kudos,Activity,16414313380
"Nov 10, 2025, 4:50:05 PM",Kudos,Activity,16413706069
"Nov 10, 2025, 4:50:07 PM",Kudos,Activity,16413603590
"Nov 10, 2025, 4:50:08 PM",Kudos,Activity,16413599140
"Nov 10, 2025, 4:51:36 PM",Kudos,Activity,16413594376
"Nov 10, 2025, 4:51:38 PM",Kudos,Activity,16413519608
"Nov 10, 2025, 4:51:39 PM",Kudos,Activity,16413508517
"Nov 10, 2025, 4:51:49 PM",Kudos,Activity,16413057150
"Nov 10, 2025, 7:05:27 PM",Kudos,Activity,16416505791
"Nov 11, 2025, 12:50:05 PM",Kudos,Activity,16424035276
"Nov 11, 2025, 12:50:07 PM",Kudos,Activity,16423943711
"Nov 11, 2025, 12:50:13 PM",Kudos,Activity,16423564932
"Nov 11, 2025, 12:50:18 PM",Kudos,Activity,16423314544
"Nov 11, 2025, 12:50:21 PM",Kudos,Activity,16420338989
"Nov 11, 2025, 9:16:28 PM",Kudos,Activity,16428502150
"Nov 11, 2025, 9:16:34 PM",Kudos,Activity,16428360429
"Nov 11, 2025, 9:16:34 PM",Kudos,Activity,16428240642
"Nov 11, 2025, 9:16:37 PM",Kudos,Activity,16428103186
"Nov 11, 2025, 9:16:39 PM",Kudos,Activity,16427461116
"Nov 11, 2025, 9:16:52 PM",Kudos,Activity,16426792492
"Nov 11, 2025, 9:17:48 PM",Kudos,Activity,16424567766
"Nov 11, 2025, 9:18:00 PM",Kudos,Activity,16424193181
"Nov 11, 2025, 9:18:08 PM",Kudos,Activity,16424048753
"Nov 12, 2025, 1:01:26 PM",Kudos,Activity,16434973173
"Nov 12, 2025, 1:01:28 PM",Kudos,Activity,16434884153
"Nov 12, 2025, 1:01:38 PM",Kudos,Activity,16434802663
"Nov 12, 2025, 1:01:41 PM",Kudos,Activity,16434750845
"Nov 12, 2025, 1:01:58 PM",Kudos,Activity,16434452631
"Nov 12, 2025, 1:01:58 PM",Kudos,Activity,16434733271
"Nov 12, 2025, 3:25:57 PM",Kudos,Activity,16435828557
"Nov 12, 2025, 3:25:59 PM",Kudos,Activity,16435792703
"Nov 12, 2025, 3:26:09 PM",Kudos,Activity,16435638214
"Nov 12, 2025, 3:26:28 PM",Kudos,Activity,16436057795
"Nov 12, 2025, 3:26:35 PM",Kudos,Activity,16435123837
"Nov 12, 2025, 3:26:40 PM",Kudos,Activity,16435047417
"Nov 12, 2025, 3:26:46 PM",Kudos,Activity,16430044212
"Nov 12, 2025, 3:26:48 PM",Kudos,Activity,16435037197
"Nov 13, 2025, 2:44:53 PM",Kudos,Activity,16446136584
"Nov 13, 2025, 2:44:55 PM",Kudos,Activity,16446053438
"Nov 13, 2025, 2:45:05 PM",Kudos,Activity,16446166940
"Nov 13, 2025, 2:45:06 PM",Kudos,Activity,16445971259
"Nov 13, 2025, 2:45:14 PM",Kudos,Activity,16445916292
"Nov 13, 2025, 2:45:16 PM",Kudos,Activity,16445830506
"Nov 13, 2025, 2:45:29 PM",Kudos,Activity,16445614575
"Nov 13, 2025, 2:45:35 PM",Kudos,Activity,16445285202
"Nov 13, 2025, 2:45:39 PM",Kudos,Activity,16445099174
"Nov 13, 2025, 2:45:42 PM",Kudos,Activity,16445096413
"Nov 13, 2025, 2:45:59 PM",Kudos,Activity,16442005140
"Nov 13, 2025, 2:46:01 PM",Kudos,Activity,16441896225
"Nov 13, 2025, 2:46:11 PM",Kudos,Activity,16441705282
"Nov 13, 2025, 2:46:16 PM",Kudos,Activity,16441653146
"Nov 13, 2025, 2:46:27 PM",Kudos,Activity,16441489723
"Nov 13, 2025, 2:46:30 PM",Kudos,Activity,16441482322
"Nov 13, 2025, 2:47:30 PM",Kudos,Activity,16441485982
"Nov 13, 2025, 2:47:32 PM",Kudos,Activity,16441618896
"Nov 13, 2025, 2:47:35 PM",Kudos,Activity,16441466702
"Nov 13, 2025, 2:47:41 PM",Kudos,Activity,16441806045
"Nov 13, 2025, 2:47:44 PM",Kudos,Activity,16441410997
"Nov 13, 2025, 2:47:45 PM",Kudos,Activity,16441559181
"Nov 13, 2025, 2:47:46 PM",Kudos,Activity,16441546518
"Nov 13, 2025, 2:47:50 PM",Kudos,Activity,16441421442
"Nov 13, 2025, 2:47:51 PM",Kudos,Activity,16441787058
"Nov 13, 2025, 2:47:58 PM",Kudos,Activity,16441337553
"Nov 13, 2025, 2:48:00 PM",Kudos,Activity,16441390514
"Nov 13, 2025, 2:48:04 PM",Kudos,Activity,16441243153
"Nov 13, 2025, 2:48:10 PM",Kudos,Activity,16441065758
"Nov 13, 2025, 2:48:17 PM",Kudos,Activity,16440652893
"Nov 13, 2025, 2:48:29 PM",Kudos,Activity,16440365636
"Nov 13, 2025, 2:55:54 PM",Kudos,Activity,16446250754
"Nov 14, 2025, 1:31:27 PM",Kudos,Activity,16455196881
"Nov 14, 2025, 1:31:29 PM",Kudos,Activity,16455142541
"Nov 14, 2025, 1:31:34 PM",Kudos,Activity,16454871733
"Nov 14, 2025, 1:31:36 PM",Kudos,Activity,16454694873
"Nov 14, 2025, 1:31:40 PM",Kudos,Activity,16454771926
"Nov 14, 2025, 1:31:43 PM",Kudos,Activity,16451817660
"Nov 14, 2025, 1:31:44 PM",Kudos,Activity,16451756887
"Nov 14, 2025, 1:31:49 PM",Kudos,Activity,16451821552
"Nov 14, 2025, 1:31:59 PM",Kudos,Activity,16451521120
"Nov 14, 2025, 1:32:03 PM",Kudos,Activity,16451586648
"Nov 14, 2025, 1:32:11 PM",Kudos,Activity,16451245450
"Nov 14, 2025, 1:32:14 PM",Kudos,Activity,16451449170
"Nov 14, 2025, 1:32:18 PM",Kudos,Activity,16451403815
"Nov 15, 2025, 11:26:22 AM",Kudos,Activity,16460958975
"Nov 15, 2025, 11:26:24 AM",Kudos,Activity,16460490709
"Nov 15, 2025, 11:26:29 AM",Kudos,Activity,16460476267
"Nov 15, 2025, 11:26:32 AM",Kudos,Activity,16459459317
"Nov 15, 2025, 11:26:33 AM",Kudos,Activity,16460674787
"Nov 15, 2025, 11:26:39 AM",Kudos,Activity,16460214979
"Nov 15, 2025, 5:38:18 PM",Kudos,Activity,16467588112
"Nov 17, 2025, 3:18:18 PM",Kudos,Activity,16485338405
"Nov 17, 2025, 3:18:22 PM",Kudos,Activity,16484959608
"Nov 17, 2025, 3:18:27 PM",Kudos,Activity,16484844014
"Nov 17, 2025, 3:18:30 PM",Kudos,Activity,16484404547
"Nov 17, 2025, 3:18:32 PM",Kudos,Activity,16484271274
"Nov 17, 2025, 3:18:34 PM",Kudos,Activity,16484252865
"Nov 17, 2025, 3:18:38 PM",Kudos,Activity,16484190454
"Nov 17, 2025, 3:18:43 PM",Kudos,Activity,16484132434
"Nov 17, 2025, 3:18:47 PM",Kudos,Activity,16484070657
"Nov 18, 2025, 1:05:54 PM",Kudos,Activity,16494261592
"Nov 18, 2025, 1:05:56 PM",Kudos,Activity,16494176441
"Nov 18, 2025, 1:05:57 PM",Kudos,Activity,16494060312
"Nov 18, 2025, 1:06:04 PM",Kudos,Activity,16493658393
"Nov 18, 2025, 1:06:04 PM",Kudos,Activity,16493659547
"Nov 18, 2025, 1:06:06 PM",Kudos,Activity,16493897047
"Nov 18, 2025, 1:06:07 PM",Kudos,Activity,16493608527
"Nov 18, 2025, 1:06:22 PM",Kudos,Activity,16491102600
"Nov 18, 2025, 1:06:33 PM",Kudos,Activity,16490811016
"Nov 18, 2025, 1:06:35 PM",Kudos,Activity,16490346461
"Nov 18, 2025, 1:06:38 PM",Kudos,Activity,16490481385
"Nov 18, 2025, 1:06:59 PM",Kudos,Activity,16490508167
"Nov 18, 2025, 3:45:26 PM",Kudos,Activity,16494981702
"Nov 18, 2025, 3:45:30 PM",Kudos,Activity,16494909548
"Nov 18, 2025, 3:45:33 PM",Kudos,Activity,16495136463
"Nov 18, 2025, 3:45:40 PM",Kudos,Activity,16494797235
"Nov 18, 2025, 3:45:42 PM",Kudos,Activity,16494620853
"Nov 18, 2025, 3:45:51 PM",Kudos,Activity,16494761358
"Nov 18, 2025, 3:45:56 PM",Kudos,Activity,16494452212
"Nov 18, 2025, 9:17:40 PM",Kudos,Activity,16498180829
"Nov 18, 2025, 9:18:01 PM",Kudos,Activity,16497283337
"Nov 19, 2025, 12:40:58 AM",Kudos,Activity,16500438677
"Nov 19, 2025, 12:52:16 PM",Kudos,Activity,16504499813
"Nov 19, 2025, 12:52:18 PM",Kudos,Activity,16504346908
"Nov 19, 2025, 12:52:19 PM",Kudos,Activity,16504515744
"Nov 19, 2025, 12:52:23 PM",Kudos,Activity,16504164234
"Nov 19, 2025, 12:52:25 PM",Kudos,Activity,16504047288
"Nov 19, 2025, 12:52:26 PM",Kudos,Activity,16504221772
"Nov 19, 2025, 12:52:34 PM",Kudos,Activity,16504504997
"Nov 19, 2025, 3:12:16 PM",Kudos,Activity,16505643932
"Nov 19, 2025, 3:12:18 PM",Kudos,Activity,16505505766
"Nov 19, 2025, 3:27:07 PM",Kudos,Activity,16505345636
"Nov 19, 2025, 3:27:21 PM",Kudos,Activity,16504632745
"Nov 19, 2025, 3:27:27 PM",Kudos,Activity,16504615375
"Nov 20, 2025, 11:38:15 AM",Kudos,Activity,16511276542
"Nov 22, 2025, 5:21:15 PM",Kudos,Activity,16532838174
"Nov 22, 2025, 5:21:24 PM",Kudos,Activity,16533347744
"Nov 22, 2025, 5:21:28 PM",Kudos,Activity,16533478956
"Nov 22, 2025, 5:21:35 PM",Kudos,Activity,16533561000
"Nov 22, 2025, 5:22:07 PM",Kudos,Activity,16534099279
"Nov 22, 2025, 5:22:21 PM",Kudos,Activity,16534142908
"Nov 22, 2025, 5:22:26 PM",Kudos,Activity,16534207596
"Nov 22, 2025, 5:22:45 PM",Kudos,Activity,16534475210
"Nov 22, 2025, 5:22:48 PM",Kudos,Activity,16534537058
"Nov 22, 2025, 5:22:55 PM",Kudos,Activity,16534790955
"Nov 22, 2025, 5:23:04 PM",Kudos,Activity,16534877271
"Nov 22, 2025, 5:23:18 PM",Kudos,Activity,16535002437
"Nov 22, 2025, 5:23:35 PM",Kudos,Activity,16535361048
"Nov 22, 2025, 5:23:41 PM",Kudos,Activity,16535435590
"Nov 22, 2025, 5:23:51 PM",Kudos,Activity,16535449365
"Nov 22, 2025, 5:23:52 PM",Kudos,Activity,16535564373
"Nov 22, 2025, 5:23:59 PM",Kudos,Activity,16535513245
"Nov 22, 2025, 5:24:01 PM",Kudos,Activity,16535156283
"Nov 24, 2025, 2:13:36 AM",Kudos,Activity,16548275126
"Nov 24, 2025, 2:14:31 AM",Kudos,Activity,16548106209
"Nov 24, 2025, 5:12:47 PM",Kudos,Activity,16553717744
"Dec 1, 2025, 9:34:56 PM",Kudos,Activity,16622112189
"Dec 1, 2025, 9:35:13 PM",Kudos,Activity,16622330735
"Dec 2, 2025, 1:52:48 AM",Kudos,Activity,16624286262
"Dec 2, 2025, 11:21:14 AM",Kudos,Activity,16624826387
"Dec 2, 2025, 11:21:17 AM",Kudos,Activity,16624768853
"Dec 2, 2025, 11:21:20 AM",Kudos,Activity,16624820339
"Dec 3, 2025, 12:59:09 AM",Kudos,Activity,16634111227
"Dec 4, 2025, 6:51:31 PM",Kudos,Activity,16650228938
"Dec 4, 2025, 6:51:49 PM",Kudos,Activity,16649735080
"Dec 4, 2025, 6:51:49 PM",Kudos,Activity,16649608380
"Dec 4, 2025, 6:52:40 PM",Kudos,Activity,16648946162
"Dec 4, 2025, 6:52:43 PM",Kudos,Activity,16648783472
"Dec 4, 2025, 6:52:45 PM",Kudos,Activity,16648714346
"Dec 4, 2025, 6:52:49 PM",Kudos,Activity,16648361911
"Dec 4, 2025, 6:53:04 PM",Kudos,Activity,16648168485
"Dec 4, 2025, 6:53:20 PM",Kudos,Activity,16647731945
"Dec 4, 2025, 6:53:29 PM",Kudos,Activity,16647715533
"Dec 4, 2025, 6:53:30 PM",Kudos,Activity,16647641206
"Dec 4, 2025, 6:53:36 PM",Kudos,Activity,16647422292
"Dec 4, 2025, 6:53:44 PM",Kudos,Activity,16647406145
"Dec 4, 2025, 6:53:46 PM",Kudos,Activity,16647451435
"Dec 4, 2025, 6:53:50 PM",Kudos,Activity,16647331247
"Dec 4, 2025, 6:54:05 PM",Kudos,Activity,16647126249
"Dec 4, 2025, 6:54:08 PM",Kudos,Activity,16647151778
"Dec 4, 2025, 6:54:11 PM",Kudos,Activity,16644226973
"Dec 4, 2025, 6:54:22 PM",Kudos,Activity,16644218568
"Dec 4, 2025, 6:54:23 PM",Kudos,Activity,16644274219
"Dec 4, 2025, 6:54:26 PM",Kudos,Activity,16644529011
"Dec 4, 2025, 6:54:27 PM",Kudos,Activity,16644222112
"Dec 4, 2025, 6:54:34 PM",Kudos,Activity,16644231569
"Dec 4, 2025, 6:54:35 PM",Kudos,Activity,16644223895
"Dec 9, 2025, 11:33:51 AM",Kudos,Activity,16690370342
"Dec 9, 2025, 11:33:53 AM",Kudos,Activity,16689990190
"Dec 9, 2025, 11:34:17 AM",Kudos,Activity,16689880445
"Dec 9, 2025, 11:34:24 AM",Kudos,Activity,16689867286
"Dec 9, 2025, 11:34:39 AM",Kudos,Activity,16689859091
"Dec 9, 2025, 11:34:43 AM",Kudos,Activity,16690087331
"Dec 9, 2025, 11:35:14 AM",Kudos,Activity,16689805375
"Dec 9, 2025, 11:35:20 AM",Kudos,Activity,16689778965
"Dec 9, 2025, 11:35:31 AM",Kudos,Activity,16689773890
"Dec 9, 2025, 11:35:36 AM",Kudos,Activity,16689825113
"Dec 9, 2025, 11:35:42 AM",Kudos,Activity,16690053905
"Dec 9, 2025, 11:35:45 AM",Kudos,Activity,16689817791
"Dec 9, 2025, 11:35:49 AM",Kudos,Activity,16689742102
"Dec 9, 2025, 11:35:57 AM",Kudos,Activity,16689731915
"Dec 9, 2025, 11:36:02 AM",Kudos,Activity,16689713053
"Dec 9, 2025, 11:36:05 AM",Kudos,Activity,16689876877
"Dec 9, 2025, 11:36:07 AM",Kudos,Activity,16689733904
"Dec 9, 2025, 11:36:10 AM",Kudos,Activity,16689610280
"Dec 9, 2025, 11:36:11 AM",Kudos,Activity,16689707064
"Dec 9, 2025, 11:36:28 AM",Kudos,Activity,16689300872
"Dec 9, 2025, 11:36:31 AM",Kudos,Activity,16689210423
"Dec 9, 2025, 11:36:57 AM",Kudos,Activity,16683592983
"Dec 9, 2025, 11:37:00 AM",Kudos,Activity,16678178433
"Dec 9, 2025, 11:37:13 AM",Kudos,Activity,16622593852
"Dec 9, 2025, 11:37:16 AM",Kudos,Activity,16688485143
"Dec 9, 2025, 4:58:40 PM",Kudos,Activity,16695229326
"Dec 9, 2025, 4:58:49 PM",Kudos,Activity,16694944578
"Dec 9, 2025, 4:58:53 PM",Kudos,Activity,16694761092
"Dec 10, 2025, 11:43:37 PM",Kudos,Activity,16708462793
"Dec 10, 2025, 11:43:39 PM",Kudos,Activity,16708515048
"Dec 10, 2025, 11:43:44 PM",Kudos,Activity,16708488154
"Dec 10, 2025, 11:43:48 PM",Kudos,Activity,16708437397
"Dec 10, 2025, 11:43:50 PM",Kudos,Activity,16708421303
"Dec 10, 2025, 11:43:54 PM",Kudos,Activity,16708055639
"Dec 10, 2025, 11:44:01 PM",Kudos,Activity,16707932961
"Dec 10, 2025, 11:44:02 PM",Kudos,Activity,16707896270
"Dec 10, 2025, 11:44:05 PM",Kudos,Activity,16707613214
"Dec 11, 2025, 9:57:11 PM",Kudos,Activity,16716976461
"Dec 11, 2025, 9:57:14 PM",Kudos,Activity,16716920298
"Dec 11, 2025, 9:57:16 PM",Kudos,Activity,16716887733
"Dec 11, 2025, 9:57:18 PM",Kudos,Activity,16716391732
"Dec 11, 2025, 9:57:43 PM",Kudos,Activity,16716165327
"Dec 11, 2025, 9:57:45 PM",Kudos,Activity,16716095360
"Dec 11, 2025, 9:58:10 PM",Kudos,Activity,16714775176
"Dec 11, 2025, 9:58:29 PM",Kudos,Activity,16714688746
"Dec 11, 2025, 9:58:41 PM",Kudos,Activity,16709302046
"Dec 11, 2025, 9:58:54 PM",Kudos,Activity,16709932623
"Dec 11, 2025, 9:58:56 PM",Kudos,Activity,16709986464
"Dec 11, 2025, 9:58:59 PM",Kudos,Activity,16716580576
"Dec 11, 2025, 9:59:03 PM",Kudos,Activity,16709823883
"Dec 11, 2025, 9:59:06 PM",Kudos,Activity,16709543369
"Dec 11, 2025, 9:59:10 PM",Kudos,Activity,16712803718
"Dec 11, 2025, 9:59:27 PM",Kudos,Activity,16712419189
"Dec 11, 2025, 9:59:37 PM",Kudos,Activity,16709230732
"Dec 11, 2025, 9:59:39 PM",Kudos,Activity,16709235656
"Dec 11, 2025, 9:59:43 PM",Kudos,Activity,16709222941
"Dec 11, 2025, 9:59:56 PM",Kudos,Activity,16709220478
"Dec 11, 2025, 10:00:08 PM",Kudos,Activity,16709279870
"Dec 14, 2025, 3:19:43 AM",Kudos,Activity,16735685076
"Dec 14, 2025, 3:19:46 AM",Kudos,Activity,16735526007
"Dec 14, 2025, 3:19:50 AM",Kudos,Activity,16735917401
"Dec 14, 2025, 3:21:40 AM",Kudos,Activity,16734892913
"Dec 14, 2025, 3:21:45 AM",Kudos,Activity,16734906474
"Dec 14, 2025, 3:21:54 AM",Kudos,Activity,16734414059
"Dec 14, 2025, 3:22:24 AM",Kudos,Activity,16733427681
"Dec 14, 2025, 3:22:42 AM",Kudos,Activity,16733328004
"Dec 15, 2025, 1:27:12 PM",Kudos,Activity,16748402873
"Dec 16, 2025, 4:30:10 PM",Kudos,Activity,16758503463
"Dec 16, 2025, 4:30:14 PM",Kudos,Activity,16757950791
"Dec 16, 2025, 4:30:19 PM",Kudos,Activity,16757411389
"Dec 16, 2025, 4:30:23 PM",Kudos,Activity,16757387696
"Dec 16, 2025, 10:43:44 PM",Kudos,Activity,16762099856
"Dec 17, 2025, 2:44:19 PM",Kudos,Activity,16767786956
"Dec 17, 2025, 2:44:41 PM",Kudos,Activity,16767148841
"Dec 20, 2025, 4:15:56 PM",Kudos,Activity,16794862870
"Dec 20, 2025, 4:15:56 PM",Kudos,Activity,16794867401
"Dec 20, 2025, 4:16:01 PM",Kudos,Activity,16794563745
"Dec 20, 2025, 4:16:02 PM",Kudos,Activity,16794346052
"Dec 20, 2025, 4:16:07 PM",Kudos,Activity,16794162276
"Dec 20, 2025, 4:16:10 PM",Kudos,Activity,16794111024
"Dec 22, 2025, 3:46:57 PM",Kudos,Activity,16811527385
"Dec 22, 2025, 3:47:00 PM",Kudos,Activity,16811415845
"Dec 22, 2025, 3:47:01 PM",Kudos,Activity,16811321453
"Dec 22, 2025, 3:47:31 PM",Kudos,Activity,16810623982
"Dec 22, 2025, 3:47:32 PM",Kudos,Activity,16810531703
"Dec 22, 2025, 3:47:40 PM",Kudos,Activity,16810357524
"Dec 25, 2025, 3:06:17 PM",Kudos,Activity,16837614172
"Dec 25, 2025, 3:06:21 PM",Kudos,Activity,16837554524
"Dec 25, 2025, 3:06:27 PM",Kudos,Activity,16837511238
"Dec 25, 2025, 3:06:31 PM",Kudos,Activity,16837163695
"Dec 25, 2025, 3:06:33 PM",Kudos,Activity,16837151190
"Dec 25, 2025, 3:26:09 PM",Kudos,Activity,16837711392
"Dec 25, 2025, 6:30:15 PM",Kudos,Activity,16838780934
"Dec 25, 2025, 6:30:20 PM",Kudos,Activity,16838674641
"Dec 25, 2025, 10:32:49 PM",Kudos,Activity,16839517494
"Dec 25, 2025, 10:32:54 PM",Kudos,Activity,16839565069
"Dec 25, 2025, 10:33:10 PM",Kudos,Activity,16838867035
"Dec 26, 2025, 11:28:41 AM",Kudos,Activity,16841001023
"Dec 26, 2025, 11:28:55 AM",Kudos,Activity,16840886853
"Dec 26, 2025, 11:29:24 AM",Kudos,Activity,16840056836
"Dec 26, 2025, 5:15:49 PM",Kudos,Activity,16846863382
"Dec 26, 2025, 5:15:52 PM",Kudos,Activity,16846691816
"Dec 26, 2025, 6:00:33 PM",Kudos,Activity,16846272399
"Dec 26, 2025, 6:01:23 PM",Kudos,Activity,16846693520
"Dec 26, 2025, 6:01:26 PM",Kudos,Activity,16845823299
"Dec 26, 2025, 6:01:33 PM",Kudos,Activity,16845741290
"Dec 26, 2025, 6:01:37 PM",Kudos,Activity,16845524838
"Dec 26, 2025, 6:01:42 PM",Kudos,Activity,16845093995
"Dec 26, 2025, 6:01:45 PM",Kudos,Activity,16844775342
"Dec 26, 2025, 6:02:19 PM",Kudos,Activity,16847209916
"Dec 26, 2025, 7:19:54 PM",Kudos,Activity,16847409407
"Dec 26, 2025, 9:14:16 PM",Kudos,Activity,16847955251
"Dec 26, 2025, 9:14:21 PM",Kudos,Activity,16847855262
"Dec 26, 2025, 9:14:35 PM",Kudos,Activity,16847806692
"Dec 26, 2025, 9:14:48 PM",Kudos,Activity,16847600839
"Dec 26, 2025, 9:42:19 PM",Kudos,Activity,16848449075
"Dec 26, 2025, 10:25:59 PM",Kudos,Activity,16848605192
"Dec 26, 2025, 10:26:01 PM",Kudos,Activity,16848449145
"Dec 26, 2025, 11:24:29 PM",Kudos,Activity,16849120330
"Dec 26, 2025, 11:24:33 PM",Kudos,Activity,16849021031
"Dec 26, 2025, 11:24:41 PM",Kudos,Activity,16848848790
"Dec 26, 2025, 11:24:48 PM",Kudos,Activity,16848815931
"Dec 26, 2025, 11:45:48 PM",Kudos,Activity,16849276423
"Dec 26, 2025, 11:45:51 PM",Kudos,Activity,16849348886
"Dec 26, 2025, 11:53:13 PM",Kudos,Activity,16849358306
"Dec 27, 2025, 1:26:34 PM",Kudos,Activity,16854016583
"Dec 27, 2025, 1:26:36 PM",Kudos,Activity,16853643788
"Dec 27, 2025, 2:00:52 PM",Kudos,Activity,16854537798
"Dec 27, 2025, 5:41:45 PM",Kudos,Activity,16856801646
"Dec 27, 2025, 6:11:39 PM",Kudos,Activity,16856931205
"Dec 27, 2025, 6:11:43 PM",Kudos,Activity,16856931303
"Dec 27, 2025, 8:24:26 PM",Kudos,Activity,16857890361
"Dec 27, 2025, 8:28:32 PM",Kudos,Activity,16857901586
"Dec 27, 2025, 8:32:18 PM",Kudos,Activity,16857939861
"Dec 27, 2025, 8:46:29 PM",Kudos,Activity,16858004893
"Dec 27, 2025, 8:58:33 PM",Kudos,Activity,16857941141
"Dec 27, 2025, 8:59:07 PM",Kudos,Activity,16857145028
"Dec 27, 2025, 9:12:40 PM",Kudos,Activity,16858177634
"Dec 27, 2025, 9:35:48 PM",Kudos,Activity,16858285171
"Dec 27, 2025, 10:07:28 PM",Kudos,Activity,16858507103
"Dec 27, 2025, 10:28:31 PM",Kudos,Activity,16858624715
"Dec 27, 2025, 11:13:36 PM",Kudos,Activity,16858799926
"Dec 28, 2025, 12:07:03 AM",Kudos,Activity,16859263460
"Dec 28, 2025, 1:25:14 AM",Kudos,Activity,16856390294
"Dec 28, 2025, 12:24:38 PM",Kudos,Activity,16860312414
"Dec 28, 2025, 1:16:49 PM",Kudos,Activity,16864114706
"Dec 28, 2025, 2:59:44 PM",Kudos,Activity,16865028077
"Dec 28, 2025, 3:19:29 PM",Kudos,Activity,16865485522
"Dec 28, 2025, 3:22:30 PM",Kudos,Activity,16865688176
"Dec 28, 2025, 4:23:00 PM",Kudos,Activity,16866191360
"Dec 28, 2025, 4:23:33 PM",Kudos,Activity,16865941696
"Dec 28, 2025, 4:23:37 PM",Kudos,Activity,16865911107
"Dec 28, 2025, 4:23:38 PM",Kudos,Activity,16865982776
"Dec 28, 2025, 4:23:43 PM",Kudos,Activity,16865900992
"Dec 28, 2025, 4:23:49 PM",Kudos,Activity,16865904409
"Dec 28, 2025, 4:23:53 PM",Kudos,Activity,16865917077
"Dec 28, 2025, 5:31:02 PM",Kudos,Activity,16867052712
"Dec 28, 2025, 5:31:08 PM",Kudos,Activity,16866823640
"Dec 28, 2025, 6:32:48 PM",Kudos,Activity,16867529279
"Dec 28, 2025, 7:31:12 PM",Kudos,Activity,16867901812
"Dec 28, 2025, 8:38:02 PM",Kudos,Activity,16868255798
"Dec 28, 2025, 9:41:04 PM",Kudos,Activity,16868694934
"Dec 29, 2025, 12:19:19 AM",Kudos,Activity,16869482900
"Dec 29, 2025, 12:19:23 AM",Kudos,Activity,16869442512
"Dec 29, 2025, 12:19:35 AM",Kudos,Activity,16869198610
"Dec 29, 2025, 12:19:40 AM",Kudos,Activity,16869250691
"Dec 29, 2025, 12:19:42 AM",Kudos,Activity,16869172937
"Dec 29, 2025, 12:19:45 AM",Kudos,Activity,16869161091
"Dec 29, 2025, 12:19:48 AM",Kudos,Activity,16868970418
"Dec 29, 2025, 12:19:53 AM",Kudos,Activity,16868991235
"Dec 29, 2025, 12:20:03 AM",Kudos,Activity,16868849072
"Dec 29, 2025, 2:07:42 PM",Kudos,Activity,16873955877
"Dec 29, 2025, 2:07:52 PM",Kudos,Activity,16873618598
"Dec 29, 2025, 2:07:55 PM",Kudos,Activity,16873356929
"Dec 29, 2025, 2:07:58 PM",Kudos,Activity,16873314967
"Dec 29, 2025, 2:08:22 PM",Kudos,Activity,16872864170
"Dec 29, 2025, 2:24:57 PM",Kudos,Activity,16874232349
"Dec 29, 2025, 2:44:57 PM",Kudos,Activity,16874351962
"Dec 29, 2025, 2:44:58 PM",Kudos,Activity,16874394627
"Dec 29, 2025, 2:45:03 PM",Kudos,Activity,16874317801
"Dec 29, 2025, 3:14:58 PM",Kudos,Activity,16874719114
"Dec 29, 2025, 6:43:18 PM",Kudos,Activity,16876375328
"Dec 29, 2025, 7:32:09 PM",Kudos,Activity,16876962365
"Dec 29, 2025, 7:32:13 PM",Kudos,Activity,16876861994
"Dec 29, 2025, 8:21:16 PM",Kudos,Activity,16877180815
"Dec 29, 2025, 8:21:24 PM",Kudos,Activity,16877122840
"Dec 29, 2025, 11:58:32 PM",Kudos,Activity,16878970821
"Dec 30, 2025, 12:15:21 AM",Kudos,Activity,16879065207
"Dec 30, 2025, 12:15:24 AM",Kudos,Activity,16879018600
"Dec 30, 2025, 2:56:18 PM",Kudos,Activity,16884546097
"Dec 30, 2025, 4:29:35 PM",Kudos,Activity,16884210623
"Dec 30, 2025, 4:29:49 PM",Kudos,Activity,16883983530
"Dec 30, 2025, 4:29:51 PM",Kudos,Activity,16883826997
"Dec 30, 2025, 4:30:07 PM",Kudos,Activity,16880481772
"Dec 30, 2025, 4:30:10 PM",Kudos,Activity,16879763867
"Dec 30, 2025, 4:30:14 PM",Kudos,Activity,16879696115
"Dec 30, 2025, 6:20:08 PM",Kudos,Activity,16886413568
"Dec 30, 2025, 6:20:15 PM",Kudos,Activity,16886076948
"Dec 30, 2025, 6:20:22 PM",Kudos,Activity,16886242799
"Dec 30, 2025, 7:32:46 PM",Kudos,Activity,16886994611
"Dec 30, 2025, 9:45:27 PM",Kudos,Activity,16888081235
"Dec 30, 2025, 9:45:41 PM",Kudos,Activity,16887795000
"Dec 30, 2025, 9:45:42 PM",Kudos,Activity,16887885440
"Dec 30, 2025, 9:45:45 PM",Kudos,Activity,16887821756
"Dec 30, 2025, 10:34:33 PM",Kudos,Activity,16888376628
"Dec 30, 2025, 10:34:46 PM",Kudos,Activity,16888332852
"Dec 30, 2025, 10:34:52 PM",Kudos,Activity,16888047653
"Dec 30, 2025, 10:36:41 PM",Kudos,Activity,16887541634
"Dec 30, 2025, 10:49:14 PM",Kudos,Activity,16888522177
"Dec 30, 2025, 10:49:22 PM",Kudos,Activity,16888496409
"Dec 31, 2025, 12:35:33 AM",Kudos,Activity,16889015796
"Dec 31, 2025, 1:21:51 AM",Kudos,Activity,16889378261
"Dec 31, 2025, 2:09:53 AM",Kudos,Activity,16889701921
"Dec 31, 2025, 2:31:59 AM",Kudos,Activity,16889863014
"Dec 31, 2025, 1:27:53 PM",Kudos,Activity,16890167176
"Dec 31, 2025, 1:27:56 PM",Kudos,Activity,16890284001
"Dec 31, 2025, 1:28:00 PM",Kudos,Activity,16893924119
"Dec 31, 2025, 2:11:02 PM",Kudos,Activity,16894426510
"Dec 31, 2025, 2:11:07 PM",Kudos,Activity,16894241858
"Dec 31, 2025, 2:11:35 PM",Kudos,Activity,16894178543
"Dec 31, 2025, 2:54:01 PM",Kudos,Activity,16894846299
"Dec 31, 2025, 3:32:18 PM",Kudos,Activity,16895273508
"Dec 31, 2025, 3:33:45 PM",Kudos,Activity,16894691845
"Dec 31, 2025, 4:45:54 PM",Kudos,Activity,16896286266
"Dec 31, 2025, 4:46:05 PM",Kudos,Activity,16895723267
"Dec 31, 2025, 4:46:16 PM",Kudos,Activity,16895419972
"Dec 31, 2025, 6:11:34 PM",Kudos,Activity,16896792597
"Dec 31, 2025, 7:21:08 PM",Kudos,Activity,16897233959
"Dec 31, 2025, 7:21:14 PM",Kudos,Activity,16897108050
"Dec 31, 2025, 9:10:41 PM",Kudos,Activity,16898014575
"Dec 31, 2025, 9:11:00 PM",Kudos,Activity,16897770571
"Dec 31, 2025, 9:11:50 PM",Kudos,Activity,16897602837
"Dec 31, 2025, 9:11:52 PM",Kudos,Activity,16897554278
"Dec 31, 2025, 9:11:57 PM",Kudos,Activity,16897533427
"Dec 31, 2025, 9:12:24 PM",Kudos,Activity,16897544848
"Dec 31, 2025, 9:12:34 PM",Kudos,Activity,16897570283
"Dec 31, 2025, 9:12:48 PM",Kudos,Activity,16898001625
"Dec 31, 2025, 9:12:58 PM",Kudos,Activity,16898024343
"Dec 31, 2025, 9:43:26 PM",Kudos,Activity,16898156550
"Dec 31, 2025, 9:43:29 PM",Kudos,Activity,16898118218
"Dec 31, 2025, 11:32:58 PM",Kudos,Activity,16898769794
"Dec 31, 2025, 11:33:03 PM",Kudos,Activity,16898586417
"Dec 31, 2025, 11:33:07 PM",Kudos,Activity,16898707426
"Dec 31, 2025, 11:33:12 PM",Kudos,Activity,16898536981
"Jan 1, 2026, 12:14:05 AM",Kudos,Activity,16898875515
"Jan 1, 2026, 12:14:39 AM",Kudos,Activity,16898810347
"Jan 1, 2026, 12:14:51 AM",Kudos,Activity,16898838572
"Jan 1, 2026, 12:14:54 AM",Kudos,Activity,16898775051
"Jan 1, 2026, 1:06:45 PM",Kudos,Activity,16902555040
"Jan 1, 2026, 1:06:46 PM",Kudos,Activity,16900079850
"Jan 1, 2026, 1:06:53 PM",Kudos,Activity,16899186468
"Jan 1, 2026, 1:13:08 PM",Kudos,Activity,16902620452
"Jan 1, 2026, 1:24:55 PM",Kudos,Activity,16902744200
"Jan 1, 2026, 2:25:14 PM",Kudos,Activity,16903189706
"Jan 1, 2026, 4:57:49 PM",Kudos,Activity,16904403884
"Jan 1, 2026, 4:58:00 PM",Kudos,Activity,16903935392
"Jan 1, 2026, 4:58:04 PM",Kudos,Activity,16904034334
"Jan 1, 2026, 4:58:11 PM",Kudos,Activity,16903891131
"Jan 1, 2026, 5:51:59 PM",Kudos,Activity,16905125083
"Jan 1, 2026, 5:52:00 PM",Kudos,Activity,16905311965
"Jan 1, 2026, 6:11:53 PM",Kudos,Activity,16905413400
"Jan 1, 2026, 6:55:22 PM",Kudos,Activity,16905526920
"Jan 1, 2026, 6:55:27 PM",Kudos,Activity,16905584754
"Jan 1, 2026, 6:55:30 PM",Kudos,Activity,16905478083
"Jan 1, 2026, 6:55:32 PM",Kudos,Activity,16905523858
"Jan 1, 2026, 7:18:02 PM",Kudos,Activity,16905900797
"Jan 1, 2026, 7:18:09 PM",Kudos,Activity,16905865233
"Jan 1, 2026, 7:18:11 PM",Kudos,Activity,16905838538
"Jan 1, 2026, 8:36:11 PM",Kudos,Activity,16905768626
"Jan 1, 2026, 8:36:29 PM",Kudos,Activity,16906234931
"Jan 1, 2026, 8:57:21 PM",Kudos,Activity,16906561476
"Jan 1, 2026, 8:57:22 PM",Kudos,Activity,16906492653
"Jan 1, 2026, 8:57:26 PM",Kudos,Activity,16906450328
"Jan 1, 2026, 9:55:19 PM",Kudos,Activity,16906942290
"Jan 1, 2026, 9:55:21 PM",Kudos,Activity,16906744856
"Jan 1, 2026, 10:16:26 PM",Kudos,Activity,16907103356
"Jan 1, 2026, 10:16:30 PM",Kudos,Activity,16907038409
"Jan 1, 2026, 10:16:46 PM",Kudos,Activity,16907063337
"Jan 1, 2026, 10:16:52 PM",Kudos,Activity,16907049833
"Jan 1, 2026, 10:26:18 PM",Kudos,Activity,16907173891
"Jan 1, 2026, 10:34:46 PM",Kudos,Activity,16907219352
"Jan 1, 2026, 10:38:47 PM",Kudos,Activity,16907240122
"Jan 1, 2026, 10:49:18 PM",Kudos,Activity,16907333247
"Jan 1, 2026, 11:04:59 PM",Kudos,Activity,16906874991
"Jan 1, 2026, 11:05:04 PM",Kudos,Activity,16906730132
"Jan 1, 2026, 11:24:57 PM",Kudos,Activity,16907561038
"Jan 1, 2026, 11:24:58 PM",Kudos,Activity,16907534246
"Jan 2, 2026, 12:23:43 AM",Kudos,Activity,16907545846
"Jan 2, 2026, 1:03:55 PM",Kudos,Activity,16911943395
"Jan 2, 2026, 1:15:54 PM",Kudos,Activity,16912136093
"Jan 2, 2026, 1:30:14 PM",Kudos,Activity,16912218153
"Jan 2, 2026, 1:30:17 PM",Kudos,Activity,16912201980
"Jan 2, 2026, 1:30:19 PM",Kudos,Activity,16912263347
"Jan 2, 2026, 2:19:19 PM",Kudos,Activity,16912765313
"Jan 2, 2026, 2:49:14 PM",Kudos,Activity,16912842882
"Jan 2, 2026, 4:05:17 PM",Kudos,Activity,16913855995
"Jan 2, 2026, 5:13:25 PM",Kudos,Activity,16914673084
"Jan 2, 2026, 5:50:52 PM",Kudos,Activity,16915010343
"Jan 2, 2026, 7:16:31 PM",Kudos,Activity,16915737712
"Jan 2, 2026, 7:16:33 PM",Kudos,Activity,16915636016
"Jan 2, 2026, 7:16:34 PM",Kudos,Activity,16915731074
"Jan 2, 2026, 7:16:40 PM",Kudos,Activity,16915702931
"Jan 2, 2026, 7:47:31 PM",Kudos,Activity,16916058225
"Jan 2, 2026, 7:47:37 PM",Kudos,Activity,16915970528
"Jan 2, 2026, 8:15:53 PM",Kudos,Activity,16916265333
"Jan 2, 2026, 8:15:57 PM",Kudos,Activity,16916162105
"Jan 2, 2026, 8:57:44 PM",Kudos,Activity,16916518461
"Jan 2, 2026, 10:23:51 PM",Kudos,Activity,16917025173
"Jan 3, 2026, 2:07:07 AM",Kudos,Activity,16918651460
"Jan 3, 2026, 3:50:27 PM",Kudos,Activity,16925006648
"Jan 3, 2026, 3:50:28 PM",Kudos,Activity,16924966800
"Jan 3, 2026, 3:50:32 PM",Kudos,Activity,16924914880
"Jan 3, 2026, 3:50:57 PM",Kudos,Activity,16924805377
"Jan 3, 2026, 3:51:13 PM",Kudos,Activity,16924757244
"Jan 3, 2026, 3:51:19 PM",Kudos,Activity,16924530754
"Jan 3, 2026, 3:51:22 PM",Kudos,Activity,16924190358
"Jan 3, 2026, 3:51:30 PM",Kudos,Activity,16924167551
"Jan 3, 2026, 3:51:34 PM",Kudos,Activity,16923976778
"Jan 3, 2026, 3:51:44 PM",Kudos,Activity,16923844687
"Jan 3, 2026, 3:51:48 PM",Kudos,Activity,16923811673
"Jan 3, 2026, 3:52:03 PM",Kudos,Activity,16923697061
"Jan 3, 2026, 3:52:07 PM",Kudos,Activity,16923686788
"Jan 3, 2026, 3:57:26 PM",Kudos,Activity,16924959811
"Jan 3, 2026, 4:06:36 PM",Kudos,Activity,16925149051
"Jan 3, 2026, 4:06:51 PM",Kudos,Activity,16925109819
"Jan 3, 2026, 4:07:09 PM",Kudos,Activity,16925146464
"Jan 3, 2026, 5:12:15 PM",Kudos,Activity,16925764345
"Jan 3, 2026, 5:12:21 PM",Kudos,Activity,16925895673
"Jan 3, 2026, 5:12:26 PM",Kudos,Activity,16925568099
"Jan 3, 2026, 5:12:30 PM",Kudos,Activity,16925159062
"Jan 3, 2026, 5:36:47 PM",Kudos,Activity,16926046528
"Jan 3, 2026, 5:36:48 PM",Kudos,Activity,16926020789
"Jan 3, 2026, 6:19:33 PM",Kudos,Activity,16926562907
"Jan 3, 2026, 6:19:35 PM",Kudos,Activity,16926558880
"Jan 3, 2026, 6:19:40 PM",Kudos,Activity,16926538720
"Jan 3, 2026, 6:19:42 PM",Kudos,Activity,16926493952
"Jan 3, 2026, 6:20:14 PM",Kudos,Activity,16926476620
"Jan 3, 2026, 6:20:18 PM",Kudos,Activity,16926062757
"Jan 3, 2026, 6:20:26 PM",Kudos,Activity,16926305802
"Jan 3, 2026, 6:53:37 PM",Kudos,Activity,16926819284
"Jan 3, 2026, 8:56:40 PM",Kudos,Activity,16927669481
"Jan 3, 2026, 8:56:55 PM",Kudos,Activity,16927553294
"Jan 3, 2026, 8:56:57 PM",Kudos,Activity,16927372370
"Jan 3, 2026, 8:57:00 PM",Kudos,Activity,16927332005
"Jan 3, 2026, 8:57:20 PM",Kudos,Activity,16927176153
"Jan 3, 2026, 8:57:31 PM",Kudos,Activity,16927291661
"Jan 3, 2026, 8:57:32 PM",Kudos,Activity,16927197742
"Jan 3, 2026, 8:57:35 PM",Kudos,Activity,16927136097
"Jan 3, 2026, 8:57:41 PM",Kudos,Activity,16926804524
"Jan 3, 2026, 9:43:09 PM",Kudos,Activity,16927900019
"Jan 3, 2026, 9:43:11 PM",Kudos,Activity,16927877045
"Jan 3, 2026, 10:14:12 PM",Kudos,Activity,16928176158
"Jan 3, 2026, 10:43:44 PM",Kudos,Activity,16928390180
"Jan 3, 2026, 10:43:52 PM",Kudos,Activity,16928384255
"Jan 3, 2026, 11:25:32 PM",Kudos,Activity,16928633329
"Jan 4, 2026, 12:36:06 AM",Kudos,Activity,16928382855
"Jan 4, 2026, 2:45:19 AM",Kudos,Activity,16929875994
"Jan 4, 2026, 2:46:46 AM",Kudos,Activity,16929455766
"Jan 4, 2026, 2:46:52 AM",Kudos,Activity,16929130823
"Jan 4, 2026, 5:22:39 PM",Kudos,Activity,16937185837
"Jan 4, 2026, 5:22:48 PM",Kudos,Activity,16936715098
"Jan 4, 2026, 6:44:24 PM",Kudos,Activity,16937976059
"Jan 6, 2026, 5:02:47 PM",Kudos,Activity,16957464947
"Jan 6, 2026, 5:02:59 PM",Kudos,Activity,16958016618
"Jan 6, 2026, 5:03:01 PM",Kudos,Activity,16957708438
"Jan 6, 2026, 5:03:07 PM",Kudos,Activity,16957644517
"Jan 6, 2026, 5:03:12 PM",Kudos,Activity,16957279265
"Jan 6, 2026, 5:03:13 PM",Kudos,Activity,16957203836
"Jan 6, 2026, 5:03:59 PM",Kudos,Activity,16956362408
"Jan 6, 2026, 5:04:04 PM",Kudos,Activity,16956228934
"Jan 6, 2026, 5:04:10 PM",Kudos,Activity,16956100327
"Jan 6, 2026, 5:04:19 PM",Kudos,Activity,16956089421
"Jan 6, 2026, 5:04:23 PM",Kudos,Activity,16956124694
"Jan 6, 2026, 5:04:28 PM",Kudos,Activity,16956004369
"Jan 6, 2026, 5:04:31 PM",Kudos,Activity,16956003776
"Jan 6, 2026, 5:04:33 PM",Kudos,Activity,16955802352
"Jan 6, 2026, 5:04:39 PM",Kudos,Activity,16955768774
"Jan 6, 2026, 5:04:41 PM",Kudos,Activity,16955231869
"Jan 6, 2026, 8:27:18 PM",Kudos,Activity,16960473961
"Jan 6, 2026, 8:27:22 PM",Kudos,Activity,16959889795
"Jan 6, 2026, 9:59:31 PM",Kudos,Activity,16961099216
"Jan 6, 2026, 10:00:40 PM",Kudos,Activity,16960983447
"Jan 6, 2026, 10:00:45 PM",Kudos,Activity,16961101962
"Jan 6, 2026, 10:00:47 PM",Kudos,Activity,16961190033
"Jan 6, 2026, 10:00:50 PM",Kudos,Activity,16961243288
"Jan 6, 2026, 10:00:59 PM",Kudos,Activity,16960701474
"Jan 7, 2026, 2:49:24 AM",Kudos,Activity,16963158440
"Jan 9, 2026, 5:53:31 PM",Kudos,Activity,16991822696
"Jan 13, 2026, 6:38:37 PM",Kudos,Activity,17037297649
"Jan 14, 2026, 9:54:27 PM",Kudos,Activity,17051835406
"Jan 14, 2026, 9:54:36 PM",Kudos,Activity,17051800846
"Jan 14, 2026, 9:54:51 PM",Kudos,Activity,17048004069
"Jan 14, 2026, 9:55:20 PM",Kudos,Activity,17046451050
"Jan 14, 2026, 9:55:28 PM",Kudos,Activity,17042669671
"Jan 15, 2026, 6:12:41 PM",Kudos,Activity,17061047287
"Jan 16, 2026, 11:27:44 PM",Kudos,Activity,17074572124
"Jan 18, 2026, 3:49:35 PM",Kudos,Activity,17094453450
"Jan 20, 2026, 10:36:22 PM",Kudos,Activity,17120729490
"Jan 22, 2026, 2:14:17 PM",Kudos,Activity,17138484510
"Jan 22, 2026, 6:50:18 PM",Kudos,Activity,17141849171
"Jan 22, 2026, 6:50:24 PM",Kudos,Activity,17139829977
"Jan 22, 2026, 6:50:31 PM",Kudos,Activity,17139185560
"Jan 22, 2026, 6:50:34 PM",Kudos,Activity,17139150485
"Jan 22, 2026, 7:47:17 PM",Kudos,Activity,17142268164
"Jan 22, 2026, 9:52:58 PM",Kudos,Activity,17143242003
"Jan 22, 2026, 11:33:50 PM",Kudos,Activity,17144355704
"Jan 22, 2026, 11:33:59 PM",Kudos,Activity,17143830329
"Feb 10, 2026, 10:32:01 PM",Kudos,Activity,17356183036
"Feb 10, 2026, 10:32:17 PM",Kudos,Activity,17355708029
"Feb 11, 2026, 4:40:23 PM",Kudos,Activity,17363900381
"Feb 12, 2026, 2:36:26 PM",Kudos,Activity,17373871132
"Feb 12, 2026, 8:49:10 PM",Kudos,Activity,17374283773
"Feb 13, 2026, 6:59:14 PM",Kudos,Activity,17386711080
"Feb 17, 2026, 2:27:08 AM",Kudos,Activity,17422744064
"Feb 17, 2026, 2:27:58 AM",Kudos,Activity,17422459474
"Feb 18, 2026, 8:04:45 PM",Kudos,Activity,17442657032
"Feb 19, 2026, 3:07:50 AM",Kudos,Activity,17443486018
"Feb 20, 2026, 3:46:17 PM",Kudos,Activity,17462004971
"Feb 20, 2026, 7:17:13 PM",Kudos,Activity,17464046823
"Feb 21, 2026, 12:06:05 AM",Kudos,Activity,17465348761
"Feb 21, 2026, 7:00:37 PM",Kudos,Activity,17475068949
"Feb 21, 2026, 7:00:44 PM",Kudos,Activity,17474975742
"Feb 21, 2026, 7:00:48 PM",Kudos,Activity,17475205034
"Feb 21, 2026, 7:01:05 PM",Kudos,Activity,17474516229
"Feb 21, 2026, 7:01:15 PM",Kudos,Activity,17474977529
"Feb 21, 2026, 7:01:21 PM",Kudos,Activity,17474494590
"Feb 21, 2026, 7:01:56 PM",Kudos,Activity,17473382495
"Feb 21, 2026, 7:02:49 PM",Kudos,Activity,17472934023
"Feb 21, 2026, 7:03:16 PM",Kudos,Activity,17472855960
"Feb 21, 2026, 7:03:21 PM",Kudos,Activity,17473265810
"Feb 21, 2026, 8:55:31 PM",Kudos,Activity,17475794103
"Feb 21, 2026, 8:55:33 PM",Kudos,Activity,17475841205
"Feb 21, 2026, 8:56:34 PM",Kudos,Activity,17456599209
"Feb 22, 2026, 11:12:39 PM",Kudos,Activity,17489236383
"Feb 23, 2026, 1:15:46 PM",Kudos,Activity,17490259695
"Feb 23, 2026, 1:16:01 PM",Kudos,Activity,17490015773
"Feb 24, 2026, 2:09:33 PM",Kudos,Activity,17505934726
"Feb 25, 2026, 12:42:13 AM",Kudos,Activity,17508949679
"Feb 25, 2026, 7:13:01 PM",Kudos,Activity,17521540959
"Feb 26, 2026, 3:44:07 AM",Kudos,Activity,17525257006
"Feb 26, 2026, 3:44:18 AM",Kudos,Activity,17525199058
"Feb 26, 2026, 3:44:50 AM",Kudos,Activity,17525255075
"Feb 26, 2026, 3:44:56 AM",Kudos,Activity,17525169756
"Feb 27, 2026, 2:29:45 AM",Kudos,Activity,17537054855
"Feb 27, 2026, 2:31:30 AM",Kudos,Activity,17533601469
"Mar 1, 2026, 9:38:54 PM",Kudos,Activity,17570212177
"Mar 1, 2026, 9:38:59 PM",Kudos,Activity,17570080816
"Mar 1, 2026, 9:40:15 PM",Kudos,Activity,17568230078
"Mar 1, 2026, 11:50:22 PM",Kudos,Activity,17570669314
"Mar 1, 2026, 11:50:27 PM",Kudos,Activity,17570583672
"Mar 1, 2026, 11:50:42 PM",Kudos,Activity,17570401805
"Mar 2, 2026, 2:50:08 AM",Kudos,Activity,17570922876
"Mar 2, 2026, 2:51:11 AM",Kudos,Activity,17571038353
"Mar 3, 2026, 11:59:40 AM",Kudos,Activity,17583632801
"Mar 3, 2026, 12:00:26 PM",Kudos,Activity,17583110830
"Mar 3, 2026, 2:16:49 PM",Kudos,Activity,17588298749
"Mar 4, 2026, 12:03:16 AM",Kudos,Activity,17594719544
"Mar 4, 2026, 6:07:46 PM",Kudos,Activity,17601792262
"Mar 4, 2026, 6:07:57 PM",Kudos,Activity,17601848574
"Mar 4, 2026, 6:08:03 PM",Kudos,Activity,17601106685
"Mar 4, 2026, 6:08:09 PM",Kudos,Activity,17600538649
"Mar 4, 2026, 6:08:39 PM",Kudos,Activity,17596299631
"Mar 5, 2026, 2:09:57 AM",Kudos,Activity,17608284001
"Mar 5, 2026, 2:09:59 AM",Kudos,Activity,17608299368
"Mar 5, 2026, 2:10:04 AM",Kudos,Activity,17608247369
"Mar 5, 2026, 2:10:08 AM",Kudos,Activity,17608241972
"Mar 5, 2026, 2:10:27 AM",Kudos,Activity,17607880435
"Mar 5, 2026, 11:10:57 AM",Kudos,Activity,17608688158
"Mar 7, 2026, 8:33:28 PM",Kudos,Activity,17638549305
"Mar 7, 2026, 8:35:22 PM",Kudos,Activity,17638089427
"Mar 7, 2026, 8:36:07 PM",Kudos,Activity,17638063687
"Mar 7, 2026, 8:36:18 PM",Kudos,Activity,17638430277
"Mar 7, 2026, 8:36:26 PM",Kudos,Activity,17638535894
"Mar 7, 2026, 8:36:34 PM",Kudos,Activity,17638649716
"Mar 7, 2026, 8:37:39 PM",Kudos,Activity,17638038098
"Mar 7, 2026, 8:37:42 PM",Kudos,Activity,17636922134
"Mar 7, 2026, 8:37:47 PM",Kudos,Activity,17636282368
"Mar 7, 2026, 8:37:50 PM",Kudos,Activity,17637356452
"Mar 7, 2026, 8:58:35 PM",Kudos,Activity,17640803642
"Mar 7, 2026, 8:59:50 PM",Kudos,Activity,17640868902
"Mar 7, 2026, 8:59:59 PM",Kudos,Activity,17640389072
"Mar 8, 2026, 10:12:13 AM",Kudos,Activity,17641621563
"Mar 8, 2026, 7:22:20 PM",Kudos,Activity,17652467481
"Mar 8, 2026, 7:22:43 PM",Kudos,Activity,17651781406
"Mar 8, 2026, 7:22:54 PM",Kudos,Activity,17651877927
"Mar 9, 2026, 2:21:01 AM",Kudos,Activity,17655467997
"Mar 9, 2026, 2:21:08 AM",Kudos,Activity,17655017138
"Mar 9, 2026, 2:21:16 AM",Kudos,Activity,17654809422
"Mar 9, 2026, 1:37:23 PM",Kudos,Activity,17659530991
"Mar 9, 2026, 4:12:15 PM",Kudos,Activity,17660803948
"Mar 9, 2026, 6:12:13 PM",Kudos,Activity,17660310402
"Mar 9, 2026, 11:48:43 PM",Kudos,Activity,17666223991
"Mar 9, 2026, 11:49:58 PM",Kudos,Activity,17664945257
"Mar 9, 2026, 11:50:08 PM",Kudos,Activity,17663888103
"Mar 9, 2026, 11:50:25 PM",Kudos,Activity,17662540319
"Mar 11, 2026, 5:24:46 PM",Kudos,Activity,17687127178
"Mar 11, 2026, 5:26:53 PM",Kudos,Activity,17684128387
"Mar 12, 2026, 5:55:14 PM",Kudos,Activity,17698603236
"Mar 12, 2026, 5:55:27 PM",Kudos,Activity,17698094684
"Mar 12, 2026, 5:55:42 PM",Kudos,Activity,17697423070
"Mar 12, 2026, 5:57:24 PM",Kudos,Activity,17689294661
"Mar 12, 2026, 5:58:29 PM",Kudos,Activity,17689785334
"Mar 12, 2026, 8:47:42 PM",Kudos,Activity,17701244018
"Mar 12, 2026, 8:47:47 PM",Kudos,Activity,17701303932
"Mar 14, 2026, 10:17:27 AM",Kudos,Activity,17712504736
"Mar 14, 2026, 10:17:37 AM",Kudos,Activity,17711977351
"Mar 14, 2026, 10:17:53 AM",Kudos,Activity,17711573701
"Mar 14, 2026, 5:31:21 PM",Kudos,Activity,17722129951
"Mar 14, 2026, 5:31:26 PM",Kudos,Activity,17721722737
"Mar 14, 2026, 5:31:39 PM",Kudos,Activity,17720489595
"Mar 14, 2026, 5:31:47 PM",Kudos,Activity,17720389471
"Mar 14, 2026, 5:31:58 PM",Kudos,Activity,17720081213
"Mar 14, 2026, 7:02:29 PM",Kudos,Activity,17723071029
"Mar 15, 2026, 10:28:18 AM",Kudos,Activity,17723413941
"Mar 15, 2026, 9:22:40 PM",Kudos,Activity,17736292781
"Mar 15, 2026, 9:23:02 PM",Kudos,Activity,17735060343
"Mar 15, 2026, 9:23:08 PM",Kudos,Activity,17734983069
"Mar 17, 2026, 3:40:28 PM",Kudos,Activity,17755099355
"Mar 17, 2026, 3:40:30 PM",Kudos,Activity,17754496473
"Mar 18, 2026, 8:54:43 PM",Kudos,Activity,17769334254
"Mar 18, 2026, 8:55:02 PM",Kudos,Activity,17766713654
"Mar 18, 2026, 8:55:07 PM",Kudos,Activity,17766372787
"Mar 18, 2026, 8:55:49 PM",Kudos,Activity,17761735064
"Mar 18, 2026, 8:56:10 PM",Kudos,Activity,17761314449
"Mar 18, 2026, 8:56:16 PM",Kudos,Activity,17760659195
"Mar 18, 2026, 8:56:50 PM",Kudos,Activity,17760542262
"Mar 18, 2026, 8:57:08 PM",Kudos,Activity,17760531009
"Mar 19, 2026, 10:55:11 AM",Kudos,Activity,17773861254
"Mar 19, 2026, 10:55:27 AM",Kudos,Activity,17773655221
"Mar 19, 2026, 10:55:31 AM",Kudos,Activity,17773632432
"Mar 20, 2026, 1:54:41 AM",Kudos,Activity,17786167091
"Mar 20, 2026, 1:54:48 AM",Kudos,Activity,17786455563
"Mar 20, 2026, 1:54:52 AM",Kudos,Activity,17785746884
"Mar 20, 2026, 1:54:58 AM",Kudos,Activity,17785670670
"Mar 20, 2026, 1:55:51 AM",Kudos,Activity,17783968276
"Mar 20, 2026, 1:56:01 AM",Kudos,Activity,17785156276
"Mar 20, 2026, 1:56:19 AM",Kudos,Activity,17780190342
"Mar 20, 2026, 1:56:40 AM",Kudos,Activity,17780113146
"Mar 20, 2026, 1:57:03 AM",Kudos,Activity,17783582343
"Mar 20, 2026, 1:57:35 AM",Kudos,Activity,17784883296
"Mar 20, 2026, 1:57:47 AM",Kudos,Activity,17785160678
"Mar 20, 2026, 1:58:27 AM",Kudos,Activity,17785741502
"Mar 20, 2026, 1:59:03 AM",Kudos,Activity,17786451980
"Mar 20, 2026, 11:45:34 AM",Kudos,Activity,17789828589
"Mar 20, 2026, 12:19:01 PM",Kudos,Activity,17790238966
"Mar 20, 2026, 12:19:03 PM",Kudos,Activity,17790235697
"Mar 20, 2026, 2:56:54 PM",Kudos,Activity,17791522336
"Mar 20, 2026, 2:56:56 PM",Kudos,Activity,17791414880
"Mar 20, 2026, 2:56:58 PM",Kudos,Activity,17791362977
"Mar 20, 2026, 2:56:59 PM",Kudos,Activity,17791330634
"Mar 20, 2026, 2:57:10 PM",Kudos,Activity,17790919878
"Mar 20, 2026, 2:57:13 PM",Kudos,Activity,17790436356
"Mar 20, 2026, 11:54:36 PM",Kudos,Activity,17796534780
"Mar 20, 2026, 11:54:41 PM",Kudos,Activity,17796475554
"Mar 20, 2026, 11:55:44 PM",Kudos,Activity,17795064390
"Mar 20, 2026, 11:56:44 PM",Kudos,Activity,17796293569
"Mar 21, 2026, 12:54:27 PM",Kudos,Activity,17797908108
"Mar 21, 2026, 12:54:52 PM",Kudos,Activity,17797388200
"Mar 21, 2026, 12:54:58 PM",Kudos,Activity,17797727550
"Mar 21, 2026, 12:55:02 PM",Kudos,Activity,17797211291
"Mar 21, 2026, 12:55:04 PM",Kudos,Activity,17796939388
"Mar 21, 2026, 12:55:07 PM",Kudos,Activity,17796959263
"Mar 22, 2026, 11:23:25 AM",Kudos,Activity,17810168087
"Mar 22, 2026, 11:23:35 AM",Kudos,Activity,17809195513
"Mar 22, 2026, 11:23:57 AM",Kudos,Activity,17810158186
"Mar 22, 2026, 11:24:06 AM",Kudos,Activity,17808819629
"Mar 22, 2026, 11:24:13 AM",Kudos,Activity,17807770359
"Mar 22, 2026, 11:24:43 AM",Kudos,Activity,17807567737
"Mar 22, 2026, 11:24:51 AM",Kudos,Activity,17807001466
"Mar 22, 2026, 11:24:56 AM",Kudos,Activity,17806917862
"Mar 22, 2026, 11:25:05 AM",Kudos,Activity,17807569192
"Mar 22, 2026, 11:25:19 AM",Kudos,Activity,17806472370
"Mar 22, 2026, 11:25:30 AM",Kudos,Activity,17805608057
"Mar 22, 2026, 11:26:06 AM",Kudos,Activity,17805465130
"Mar 22, 2026, 11:26:19 AM",Kudos,Activity,17804771362
"Mar 22, 2026, 11:26:27 AM",Kudos,Activity,17804779211
"Mar 22, 2026, 11:26:35 AM",Kudos,Activity,17805202571
"Mar 22, 2026, 11:27:31 AM",Kudos,Post,44264207
"Mar 22, 2026, 11:27:37 AM",Kudos,Activity,17804131017
"Mar 22, 2026, 11:28:15 AM",Kudos,Activity,17803901293
"Mar 22, 2026, 11:28:20 AM",Kudos,Activity,17803018989
"Mar 22, 2026, 11:28:23 AM",Kudos,Activity,17803110550
"Mar 22, 2026, 11:28:26 AM",Kudos,Activity,17803217411
"Mar 22, 2026, 11:28:35 AM",Kudos,Activity,17807217416
"Mar 22, 2026, 6:24:54 PM",Kudos,Activity,17819136489
"Mar 22, 2026, 6:25:06 PM",Kudos,Activity,17818085947
"Mar 22, 2026, 6:25:22 PM",Kudos,Activity,17817783294
"Mar 22, 2026, 6:25:31 PM",Kudos,Activity,17817601471
"Mar 22, 2026, 6:25:36 PM",Kudos,Activity,17817521170
"Mar 22, 2026, 6:26:07 PM",Kudos,Activity,17818213883
"Mar 22, 2026, 6:26:44 PM",Kudos,Activity,17818883504
"Mar 22, 2026, 6:28:11 PM",Kudos,Activity,17817630496
"Mar 22, 2026, 6:28:30 PM",Kudos,Activity,17817283850
"Mar 22, 2026, 6:28:54 PM",Kudos,Activity,17816208063
"Mar 22, 2026, 6:29:09 PM",Kudos,Activity,17809419522
"Mar 22, 2026, 6:29:19 PM",Kudos,Activity,17809949002
"Mar 22, 2026, 9:58:08 PM",Kudos,Activity,17821674695
"Mar 23, 2026, 12:15:53 PM",Kudos,Activity,17826718215
"Mar 23, 2026, 12:16:20 PM",Kudos,Activity,17822266180
"Mar 23, 2026, 3:39:06 PM",Kudos,Activity,17828483638
"Mar 23, 2026, 3:39:26 PM",Kudos,Activity,17827951524
"Mar 23, 2026, 3:39:27 PM",Kudos,Activity,17827945099
"Mar 23, 2026, 3:39:29 PM",Kudos,Activity,17828092062
"Mar 23, 2026, 3:39:33 PM",Kudos,Activity,17827226602
"Mar 23, 2026, 4:01:40 PM",Kudos,Activity,17828851590
"Mar 23, 2026, 5:46:25 PM",Kudos,Activity,17829876515
"Mar 24, 2026, 2:50:11 PM",Kudos,Activity,17839534535
"Mar 24, 2026, 2:50:13 PM",Kudos,Activity,17839489099
"Mar 24, 2026, 2:50:15 PM",Kudos,Activity,17839340614
"Mar 24, 2026, 2:50:27 PM",Kudos,Activity,17839165563
"Mar 24, 2026, 2:50:51 PM",Kudos,Activity,17834874879
"Mar 24, 2026, 2:50:57 PM",Kudos,Activity,17834684971
"Mar 24, 2026, 2:50:59 PM",Kudos,Activity,17835736000
"Mar 24, 2026, 2:51:14 PM",Kudos,Activity,17834618284
"Mar 24, 2026, 2:51:40 PM",Kudos,Activity,17835086882
"Mar 25, 2026, 12:43:28 AM",Kudos,Activity,17847709167
"Mar 25, 2026, 12:43:45 AM",Kudos,Activity,17847504526
"Mar 25, 2026, 6:01:05 PM",Kudos,Activity,17853325501
"Mar 25, 2026, 6:01:39 PM",Kudos,Activity,17852642290
"Mar 26, 2026, 10:36:13 AM",Kudos,Activity,17860147350
"Mar 29, 2026, 5:52:20 PM",Kudos,Activity,17904325336
"Mar 29, 2026, 5:52:22 PM",Kudos,Activity,17904269916
"Mar 29, 2026, 5:52:30 PM",Kudos,Activity,17903801235
"Mar 29, 2026, 5:52:41 PM",Kudos,Activity,17903196821
"Mar 29, 2026, 5:52:46 PM",Kudos,Activity,17903000452
"Mar 29, 2026, 5:52:50 PM",Kudos,Activity,17902547182
"Mar 29, 2026, 5:52:55 PM",Kudos,Activity,17901195673
"Mar 30, 2026, 12:01:05 AM",Kudos,Activity,17907083918
"Mar 30, 2026, 6:33:17 PM",Kudos,Activity,17913087038
"Mar 31, 2026, 3:33:58 PM",Kudos,Activity,17925755155
"Mar 31, 2026, 3:34:01 PM",Kudos,Activity,17925547004
"Mar 31, 2026, 3:34:04 PM",Kudos,Activity,17925018054
"Mar 31, 2026, 3:34:06 PM",Kudos,Activity,17924847366
"Mar 31, 2026, 3:34:10 PM",Kudos,Activity,17924428805
"Mar 31, 2026, 3:34:24 PM",Kudos,Activity,17923915043
"Mar 31, 2026, 3:34:27 PM",Kudos,Activity,17923961451
"Mar 31, 2026, 3:34:30 PM",Kudos,Activity,17923955751
"Mar 31, 2026, 3:34:38 PM",Kudos,Activity,17922991996
"Mar 31, 2026, 3:34:55 PM",Kudos,Activity,17919508644
"Mar 31, 2026, 3:35:06 PM",Kudos,Activity,17919283914
"Mar 31, 2026, 3:35:12 PM",Kudos,Activity,17919221799
"Mar 31, 2026, 3:35:25 PM",Kudos,Activity,17919623673
"Mar 31, 2026, 3:35:27 PM",Kudos,Activity,17919178689
"Apr 1, 2026, 2:03:33 PM",Kudos,Activity,17864521292
"Apr 1, 2026, 5:10:32 PM",Kudos,Activity,17939675223
"Apr 1, 2026, 5:10:35 PM",Kudos,Activity,17938507292
"Apr 2, 2026, 10:14:51 AM",Kudos,Activity,17945241347
"Apr 2, 2026, 10:15:46 AM",Kudos,Activity,17944504139
"Apr 2, 2026, 10:15:53 AM",Kudos,Activity,17944435509
"Apr 2, 2026, 10:16:01 AM",Kudos,Activity,17944528851
"Apr 2, 2026, 10:16:18 AM",Kudos,Activity,17944655828
"Apr 2, 2026, 10:16:27 AM",Kudos,Activity,17944616150
"Apr 2, 2026, 8:56:50 PM",Kudos,Activity,17954464413
"Apr 2, 2026, 8:56:53 PM",Kudos,Activity,17953643290
"Apr 2, 2026, 8:56:58 PM",Kudos,Activity,17953347354
"Apr 3, 2026, 10:08:54 AM",Kudos,Activity,17957837435
"Apr 3, 2026, 10:09:10 AM",Kudos,Activity,17956744215
"Apr 3, 2026, 10:09:14 AM",Kudos,Activity,17956754938
"Apr 3, 2026, 10:09:27 AM",Kudos,Activity,17956732040
"Apr 3, 2026, 10:10:05 AM",Kudos,Activity,17956550932
"Apr 3, 2026, 10:10:15 AM",Kudos,Activity,17956633330
"Apr 3, 2026, 8:06:04 PM",Kudos,Activity,17963321996
"Apr 3, 2026, 8:06:46 PM",Kudos,Activity,17961607283
"Apr 3, 2026, 8:07:29 PM",Kudos,Activity,17961353355
"Apr 4, 2026, 4:02:12 PM",Kudos,Post,44640663
"Apr 4, 2026, 4:02:31 PM",Kudos,Activity,17976715594
"Apr 4, 2026, 4:02:38 PM",Kudos,Activity,17976255787
"Apr 4, 2026, 4:02:43 PM",Kudos,Activity,17976572335
"Apr 4, 2026, 4:02:55 PM",Kudos,Activity,17974794564
"Apr 4, 2026, 4:03:05 PM",Kudos,Activity,17976020547
"Apr 4, 2026, 4:03:09 PM",Kudos,Activity,17976883536
"Apr 4, 2026, 4:03:22 PM",Kudos,Activity,17975723845
"Apr 4, 2026, 4:03:30 PM",Kudos,Activity,17975645195
"Apr 4, 2026, 4:03:35 PM",Kudos,Activity,17975591092
"Apr 4, 2026, 4:03:37 PM",Kudos,Activity,17975346654
"Apr 4, 2026, 4:03:48 PM",Kudos,Activity,17975757108
"Apr 4, 2026, 4:03:55 PM",Kudos,Activity,17975104864
"Apr 4, 2026, 4:03:59 PM",Kudos,Activity,17975079450
"Apr 4, 2026, 4:04:10 PM",Kudos,Activity,17974553810
"Apr 4, 2026, 4:04:12 PM",Kudos,Activity,17974306620
"Apr 4, 2026, 4:04:15 PM",Kudos,Activity,17974163475
"Apr 4, 2026, 4:04:19 PM",Kudos,Activity,17974208356
"Apr 4, 2026, 4:04:24 PM",Kudos,Activity,17968631978
"Apr 4, 2026, 4:04:52 PM",Kudos,Activity,17977144154
"Apr 4, 2026, 4:05:00 PM",Kudos,Activity,17977251955
"Apr 4, 2026, 9:04:30 PM",Kudos,Activity,17979936628
"Apr 4, 2026, 9:04:33 PM",Kudos,Activity,17979941573
"Apr 4, 2026, 9:04:36 PM",Kudos,Activity,17979428609
"Apr 4, 2026, 9:04:44 PM",Kudos,Activity,17979766890
"Apr 4, 2026, 9:04:49 PM",Kudos,Activity,17978804633
"Apr 4, 2026, 9:04:56 PM",Kudos,Activity,17978563242
"Apr 4, 2026, 9:06:22 PM",Kudos,Activity,17978335202
"Apr 4, 2026, 9:06:31 PM",Kudos,Activity,17978337554
"Apr 4, 2026, 9:06:36 PM",Kudos,Activity,17977900348
"Apr 4, 2026, 9:06:56 PM",Kudos,Activity,17977580058
"Apr 4, 2026, 9:07:03 PM",Kudos,Activity,17980000341
"Apr 4, 2026, 9:07:11 PM",Kudos,Activity,17976981290
"Apr 4, 2026, 9:07:19 PM",Kudos,Activity,17979928197
"Apr 4, 2026, 9:07:28 PM",Kudos,Activity,17977277064
"Apr 5, 2026, 2:19:48 AM",Kudos,Activity,17980342680
"Apr 5, 2026, 7:13:07 PM",Kudos,Activity,17991192939
"Apr 5, 2026, 7:13:45 PM",Kudos,Activity,17991077204
"Apr 5, 2026, 7:13:56 PM",Kudos,Activity,17990802487
"Apr 5, 2026, 7:20:50 PM",Kudos,Activity,17989977355
"Apr 5, 2026, 7:20:52 PM",Kudos,Activity,17989733698
"Apr 5, 2026, 7:20:59 PM",Kudos,Activity,17989716307
"Apr 5, 2026, 7:21:02 PM",Kudos,Activity,17989708405
"Apr 5, 2026, 7:21:17 PM",Kudos,Activity,17987245678
"Apr 5, 2026, 7:21:21 PM",Kudos,Activity,17987025689
"Apr 5, 2026, 8:14:49 PM",Kudos,Activity,17991116585
"Apr 6, 2026, 12:19:37 AM",Kudos,Activity,17993265460
"Apr 6, 2026, 12:58:47 AM",Kudos,Activity,17993593924
"Apr 6, 2026, 1:00:24 AM",Kudos,Activity,17993071429
"Apr 6, 2026, 1:19:40 AM",Kudos,Activity,17993672323
"Apr 6, 2026, 1:54:22 AM",Kudos,Activity,17993869081
"Apr 6, 2026, 1:12:22 PM",Kudos,Activity,17999426120
"Apr 6, 2026, 1:12:29 PM",Kudos,Activity,17999472848
"Apr 6, 2026, 1:12:37 PM",Kudos,Activity,17998848548
"Apr 6, 2026, 10:47:41 PM",Kudos,Activity,18005846796
"Apr 6, 2026, 10:47:48 PM",Kudos,Activity,18005479313
"Apr 6, 2026, 10:47:53 PM",Kudos,Activity,18005165890
"Apr 6, 2026, 11:09:31 PM",Kudos,Activity,18006132039
"Apr 6, 2026, 11:09:50 PM",Kudos,Activity,18004305873
"Apr 7, 2026, 12:04:28 AM",Kudos,Activity,18006680240
"Apr 7, 2026, 12:04:31 AM",Kudos,Activity,18006561765
"Apr 7, 2026, 12:04:34 AM",Kudos,Activity,18006455832
"Apr 7, 2026, 1:43:02 AM",Kudos,Activity,18007242712
"Apr 7, 2026, 10:16:16 AM",Kudos,Activity,18007749476
"Apr 7, 2026, 10:16:19 AM",Kudos,Activity,18006814846
"Apr 7, 2026, 10:16:28 AM",Kudos,Activity,18007001552
"Apr 7, 2026, 1:59:53 PM",Kudos,Activity,18013372749
"Apr 7, 2026, 2:18:41 PM",Kudos,Activity,18013506538
"Apr 7, 2026, 2:18:50 PM",Kudos,Activity,18013362417
"Apr 7, 2026, 2:18:53 PM",Kudos,Activity,18013074016
"Apr 7, 2026, 2:18:58 PM",Kudos,Activity,18012742070
"Apr 7, 2026, 2:19:00 PM",Kudos,Activity,18012362372
"Apr 7, 2026, 2:19:02 PM",Kudos,Activity,18012128425
"Apr 7, 2026, 2:19:06 PM",Kudos,Activity,18011874296
"Apr 7, 2026, 2:19:07 PM",Kudos,Activity,18011849231
"Apr 7, 2026, 2:19:14 PM",Kudos,Activity,18011695193
"Apr 8, 2026, 10:22:33 AM",Kudos,Activity,18020323037
"Apr 9, 2026, 6:36:57 PM",Kudos,Activity,18044012345
"Apr 11, 2026, 10:16:44 AM",Kudos,Activity,18061040346
"Apr 11, 2026, 10:16:47 AM",Kudos,Activity,18060075147
"Apr 11, 2026, 3:57:56 PM",Kudos,Activity,18068422439
"Apr 11, 2026, 3:58:28 PM",Kudos,Activity,18068302829
"Apr 11, 2026, 3:58:39 PM",Kudos,Activity,18068020460
"Apr 11, 2026, 3:58:54 PM",Kudos,Activity,18068054622
"Apr 11, 2026, 3:58:58 PM",Kudos,Activity,18067782804
"Apr 11, 2026, 3:59:04 PM",Kudos,Activity,18067823949
"Apr 11, 2026, 3:59:07 PM",Kudos,Activity,18067712981
"Apr 11, 2026, 3:59:16 PM",Kudos,Activity,18067018484
"Apr 11, 2026, 3:59:20 PM",Kudos,Activity,18068293975
"Apr 11, 2026, 3:59:23 PM",Kudos,Activity,18066969343
"Apr 11, 2026, 3:59:26 PM",Kudos,Activity,18066813790
"Apr 11, 2026, 4:00:10 PM",Kudos,Activity,18066853420
"Apr 11, 2026, 4:00:12 PM",Kudos,Activity,18066775616
"Apr 11, 2026, 4:00:21 PM",Kudos,Activity,18066686772
"Apr 11, 2026, 4:00:24 PM",Kudos,Activity,18066612203
"Apr 11, 2026, 4:00:39 PM",Kudos,Activity,18066363641
"Apr 11, 2026, 4:00:44 PM",Kudos,Activity,18065702015
"Apr 11, 2026, 4:01:09 PM",Kudos,Activity,18066777878
"Apr 11, 2026, 4:01:12 PM",Kudos,Activity,18065361749
"Apr 11, 2026, 4:14:58 PM",Kudos,Activity,18068803167
"Apr 11, 2026, 5:12:56 PM",Kudos,Activity,18069517640
"Apr 11, 2026, 5:12:57 PM",Kudos,Activity,18069525943
"Apr 11, 2026, 5:13:02 PM",Kudos,Activity,18069307372
"Apr 11, 2026, 6:30:16 PM",Kudos,Activity,18069960949
"Apr 11, 2026, 6:30:17 PM",Kudos,Activity,18069961990
"Apr 11, 2026, 6:30:51 PM",Kudos,Activity,18067020495
"Apr 14, 2026, 12:19:01 AM",Kudos,Activity,18098261389
"Apr 14, 2026, 12:19:03 AM",Kudos,Activity,18098285573
"Apr 14, 2026, 12:19:22 AM",Kudos,Activity,18098024198
"Apr 14, 2026, 1:03:36 AM",Kudos,Activity,18098570470
"Apr 14, 2026, 1:03:41 AM",Kudos,Activity,18098322115
"Apr 14, 2026, 1:07:38 AM",Kudos,Activity,18097701004
"Apr 14, 2026, 1:07:51 AM",Kudos,Activity,18097471023
"Apr 14, 2026, 1:07:54 AM",Kudos,Activity,18097246497
"Apr 14, 2026, 1:08:14 AM",Kudos,Activity,18097192225
"Apr 14, 2026, 1:08:20 AM",Kudos,Activity,18096249346
"Apr 14, 2026, 1:08:34 AM",Kudos,Activity,18095194435
"Apr 14, 2026, 1:08:37 AM",Kudos,Activity,18092907328
"Apr 14, 2026, 10:52:54 AM",Kudos,Activity,18099014831
"Apr 14, 2026, 10:53:02 AM",Kudos,Activity,18099292424
"Apr 14, 2026, 10:53:15 AM",Kudos,Activity,18098913744
"Apr 14, 2026, 10:53:18 AM",Kudos,Activity,18098176187
"Apr 14, 2026, 10:53:36 AM",Kudos,Activity,18098937622
"Apr 14, 2026, 10:53:58 AM",Kudos,Activity,18098720208
"Apr 14, 2026, 10:54:01 AM",Kudos,Activity,18098667460
"Apr 14, 2026, 10:54:07 AM",Kudos,Activity,18098485107
"Apr 14, 2026, 1:11:09 PM",Kudos,Activity,18104360427
"Apr 14, 2026, 1:11:13 PM",Kudos,Activity,18104033164
"Apr 14, 2026, 1:12:30 PM",Kudos,Activity,18103960885
"Apr 15, 2026, 1:03:05 AM",Kudos,Activity,18112198213
"Apr 15, 2026, 2:37:57 AM",Kudos,Activity,18112548759
"Apr 15, 2026, 11:04:17 PM",Kudos,Activity,18125074800
"Apr 15, 2026, 11:04:24 PM",Kudos,Activity,18124681967
"Apr 15, 2026, 11:04:30 PM",Kudos,Activity,18124718765
"Apr 15, 2026, 11:04:46 PM",Kudos,Activity,18124358932
"Apr 15, 2026, 11:05:09 PM",Kudos,Activity,18122488424
"Apr 15, 2026, 11:05:18 PM",Kudos,Activity,18121285974
"Apr 15, 2026, 11:05:26 PM",Kudos,Activity,18121282485
"Apr 15, 2026, 11:05:41 PM",Kudos,Activity,18121230169
"Apr 15, 2026, 11:05:47 PM",Kudos,Activity,18119133748
"Apr 15, 2026, 11:05:51 PM",Kudos,Activity,18119088454
"Apr 15, 2026, 11:06:01 PM",Kudos,Activity,18118467621
"Apr 15, 2026, 11:06:10 PM",Kudos,Activity,18118061101
"Apr 15, 2026, 11:26:59 PM",Kudos,Activity,18125083744
"Apr 16, 2026, 1:27:09 AM",Kudos,Activity,18125824479
"Apr 16, 2026, 1:41:44 AM",Kudos,Activity,18126373459
"Apr 16, 2026, 1:41:47 AM",Kudos,Activity,18126419769
"Apr 16, 2026, 4:40:35 AM",Kudos,Activity,18126697770
"Apr 16, 2026, 4:40:43 AM",Kudos,Activity,18126634059
"Apr 16, 2026, 4:40:52 AM",Kudos,Activity,18126064224
"Apr 16, 2026, 4:40:57 AM",Kudos,Activity,18126064645
"Apr 16, 2026, 12:43:38 PM",Kudos,Activity,18111357131
"Apr 16, 2026, 1:23:03 PM",Kudos,Activity,18131677388
"Apr 16, 2026, 9:39:39 PM",Kudos,Activity,18137481680
"Apr 16, 2026, 9:39:45 PM",Kudos,Activity,18137365683
"Apr 16, 2026, 9:40:02 PM",Kudos,Activity,18137138276
"Apr 16, 2026, 9:40:04 PM",Kudos,Activity,18137145435
"Apr 16, 2026, 9:40:16 PM",Kudos,Activity,18135087725
"Apr 16, 2026, 10:48:42 PM",Kudos,Activity,18138237362
"Apr 16, 2026, 10:48:46 PM",Kudos,Activity,18137916299
"Apr 16, 2026, 10:49:03 PM",Kudos,Activity,18137394823
"Apr 17, 2026, 1:23:23 AM",Kudos,Activity,18139446658
"Apr 17, 2026, 1:23:26 AM",Kudos,Activity,18139454753
"Apr 17, 2026, 1:23:31 AM",Kudos,Activity,18139239450
"Apr 17, 2026, 1:36:15 AM",Kudos,Activity,18138591665
"Apr 17, 2026, 3:00:30 AM",Kudos,Activity,18140037206
"Apr 17, 2026, 4:11:49 PM",Kudos,Activity,18146461023
"Apr 17, 2026, 4:11:50 PM",Kudos,Activity,18146670184
"Apr 17, 2026, 4:11:58 PM",Kudos,Activity,18145928296
"Apr 17, 2026, 4:11:59 PM",Kudos,Activity,18144947439
"Apr 17, 2026, 4:12:01 PM",Kudos,Activity,18145337784
"Apr 17, 2026, 4:12:08 PM",Kudos,Activity,18144894743
"Apr 17, 2026, 4:12:52 PM",Kudos,Activity,18144947566
"Apr 17, 2026, 4:13:11 PM",Kudos,Activity,18144626850
"Apr 17, 2026, 4:13:14 PM",Kudos,Activity,18144600341
"Apr 17, 2026, 4:13:17 PM",Kudos,Activity,18144333454
"Apr 17, 2026, 4:13:54 PM",Kudos,Activity,18144656502
"Apr 17, 2026, 4:13:55 PM",Kudos,Activity,18144424710
"Apr 17, 2026, 4:13:57 PM",Kudos,Activity,18145240410
"Apr 17, 2026, 4:14:11 PM",Kudos,Activity,18144263131
"Apr 17, 2026, 4:14:13 PM",Kudos,Activity,18144772641
"Apr 17, 2026, 4:14:16 PM",Kudos,Activity,18144202128
"Apr 17, 2026, 4:14:19 PM",Kudos,Activity,18144212533
"Apr 17, 2026, 4:14:29 PM",Kudos,Activity,18144019213
"Apr 17, 2026, 4:14:31 PM",Kudos,Activity,18143892135
"Apr 17, 2026, 4:15:07 PM",Kudos,Activity,18143856823
"Apr 17, 2026, 4:15:09 PM",Kudos,Activity,18143793985
"Apr 17, 2026, 4:15:10 PM",Kudos,Activity,18143719671
"Apr 17, 2026, 4:15:12 PM",Kudos,Activity,18142956172
"Apr 17, 2026, 4:16:39 PM",Kudos,Activity,18139543152
"Apr 17, 2026, 4:16:44 PM",Kudos,Activity,18130648776
"Apr 17, 2026, 4:16:47 PM",Kudos,Activity,18112591073
"Apr 17, 2026, 6:12:01 PM",Kudos,Activity,18147754330
"Apr 17, 2026, 6:12:06 PM",Kudos,Activity,18148190684
"Apr 17, 2026, 6:12:11 PM",Kudos,Activity,18147220839
"Apr 17, 2026, 11:36:57 PM",Kudos,Activity,18150574400
"Apr 17, 2026, 11:37:42 PM",Kudos,Activity,18150282850
"Apr 17, 2026, 11:37:58 PM",Kudos,Activity,18150175024
"Apr 17, 2026, 11:38:16 PM",Kudos,Activity,18149664669
"Apr 17, 2026, 11:38:28 PM",Kudos,Activity,18149039233
"Apr 17, 2026, 11:38:30 PM",Kudos,Activity,18148752191
"Apr 18, 2026, 12:36:16 AM",Kudos,Activity,18151363004
"Apr 18, 2026, 12:36:31 AM",Kudos,Activity,18151044571
"Apr 18, 2026, 1:36:49 AM",Kudos,Activity,18151606118
"Apr 18, 2026, 1:36:54 AM",Kudos,Activity,18151760943
"Apr 18, 2026, 1:36:56 AM",Kudos,Activity,18151430619
"Apr 18, 2026, 3:01:39 AM",Kudos,Activity,18152114607
"Apr 18, 2026, 12:06:19 PM",Kudos,Activity,18157193493
"Apr 18, 2026, 12:06:21 PM",Kudos,Activity,18157043960
"Apr 18, 2026, 12:06:25 PM",Kudos,Activity,18144973905
"Apr 18, 2026, 12:26:49 PM",Kudos,Activity,18157481351
"Apr 18, 2026, 9:12:51 PM",Kudos,Activity,18163278305
"Apr 18, 2026, 9:13:01 PM",Kudos,Activity,18162314017
"Apr 18, 2026, 9:13:06 PM",Kudos,Activity,18162341282
"Apr 18, 2026, 9:13:08 PM",Kudos,Activity,18161926631
"Apr 18, 2026, 9:13:28 PM",Kudos,Activity,18161879871
"Apr 18, 2026, 9:13:47 PM",Kudos,Activity,18161401896
"Apr 18, 2026, 9:13:59 PM",Kudos,Activity,18161473710
"Apr 18, 2026, 9:14:05 PM",Kudos,Activity,18160806730
"Apr 18, 2026, 9:14:16 PM",Kudos,Activity,18160033853
"Apr 18, 2026, 9:14:34 PM",Kudos,Activity,18160070867
"Apr 18, 2026, 9:14:42 PM",Kudos,Activity,18160585271
"Apr 18, 2026, 9:14:53 PM",Kudos,Activity,18159909444
"Apr 18, 2026, 9:15:52 PM",Kudos,Activity,18160030338
"Apr 18, 2026, 9:15:56 PM",Kudos,Activity,18160547406
"Apr 18, 2026, 9:16:02 PM",Kudos,Activity,18159232120
"Apr 18, 2026, 9:16:11 PM",Kudos,Activity,18159223503
"Apr 18, 2026, 9:16:15 PM",Kudos,Activity,18158949383
"Apr 18, 2026, 9:16:20 PM",Kudos,Activity,18158906685
"Apr 18, 2026, 9:16:23 PM",Kudos,Activity,18158957016
"Apr 18, 2026, 9:16:30 PM",Kudos,Activity,18158755909
"Apr 18, 2026, 9:16:38 PM",Kudos,Activity,18158483751
"Apr 18, 2026, 9:16:40 PM",Kudos,Activity,18157508747
"Apr 19, 2026, 1:25:15 AM",Kudos,Activity,18165243536
"Apr 19, 2026, 1:25:24 AM",Kudos,Activity,18165252137
"Apr 19, 2026, 1:26:24 AM",Kudos,Activity,18163626020
"Apr 19, 2026, 1:26:28 AM",Kudos,Activity,18163616217
"Apr 19, 2026, 1:26:32 AM",Kudos,Activity,18165251598
"Apr 19, 2026, 1:26:36 AM",Kudos,Activity,18165248394
"Apr 19, 2026, 1:26:53 AM",Kudos,Activity,18165245050
"Apr 19, 2026, 1:59:13 AM",Kudos,Activity,18163646410
"Apr 19, 2026, 11:32:29 AM",Kudos,Activity,18165813010
"Apr 20, 2026, 12:11:34 AM",Kudos,Activity,18178719139
"Apr 20, 2026, 12:11:37 AM",Kudos,Activity,18178687427
"Apr 20, 2026, 12:11:40 AM",Kudos,Activity,18178568038
"Apr 20, 2026, 12:11:48 AM",Kudos,Activity,18178694499
"Apr 20, 2026, 12:11:53 AM",Kudos,Activity,18178452717
"Apr 20, 2026, 12:11:58 AM",Kudos,Activity,18178477656
"Apr 20, 2026, 12:12:03 AM",Kudos,Activity,18178077412
"Apr 20, 2026, 12:12:07 AM",Kudos,Activity,18178007649
"Apr 20, 2026, 12:12:11 AM",Kudos,Activity,18178004230
"Apr 20, 2026, 12:12:14 AM",Kudos,Activity,18177813541
"Apr 20, 2026, 12:12:18 AM",Kudos,Activity,18177777602
"Apr 20, 2026, 12:12:21 AM",Kudos,Activity,18177904009
"Apr 20, 2026, 12:12:25 AM",Kudos,Activity,18177644723
"Apr 20, 2026, 12:12:29 AM",Kudos,Activity,18177112934
"Apr 20, 2026, 12:12:42 AM",Kudos,Activity,18176961484
"Apr 20, 2026, 12:12:44 AM",Kudos,Activity,18176901767
"Apr 20, 2026, 12:12:45 AM",Kudos,Activity,18176522941
"Apr 20, 2026, 12:12:47 AM",Kudos,Activity,18176760574
"Apr 20, 2026, 12:12:50 AM",Kudos,Activity,18176996919
"Apr 20, 2026, 12:16:43 AM",Kudos,Activity,18175398684
"Apr 20, 2026, 12:16:46 AM",Kudos,Activity,18175258935
"Apr 20, 2026, 12:16:48 AM",Kudos,Activity,18174818683
"Apr 20, 2026, 12:16:50 AM",Kudos,Activity,18174695995
"Apr 20, 2026, 12:16:52 AM",Kudos,Activity,18174074842
"Apr 20, 2026, 12:16:57 AM",Kudos,Activity,18172887651
"Apr 20, 2026, 12:17:20 AM",Kudos,Activity,18172782697
"Apr 20, 2026, 12:17:35 AM",Kudos,Activity,18172646171
"Apr 20, 2026, 12:17:37 AM",Kudos,Activity,18171894400
"Apr 20, 2026, 2:40:05 AM",Kudos,Activity,18178875695
"Apr 20, 2026, 2:40:17 AM",Kudos,Activity,18178791128
"Apr 20, 2026, 11:59:41 AM",Kudos,Activity,18182709852
"Apr 21, 2026, 1:07:14 AM",Kudos,Activity,18191202357
"Apr 21, 2026, 1:33:00 AM",Kudos,Activity,18191659063
"Apr 21, 2026, 1:33:07 AM",Kudos,Activity,18191643843
"Apr 21, 2026, 1:33:11 AM",Kudos,Activity,18191735363
"Apr 21, 2026, 1:33:34 AM",Kudos,Activity,18191228993
"Apr 21, 2026, 1:33:36 AM",Kudos,Activity,18191248497
"Apr 21, 2026, 1:33:40 AM",Kudos,Activity,18191219138
"Apr 21, 2026, 1:33:43 AM",Kudos,Activity,18191207884
"Apr 21, 2026, 1:33:45 AM",Kudos,Activity,18191203675
"Apr 21, 2026, 1:34:29 AM",Kudos,Activity,18191181337
"Apr 21, 2026, 1:34:43 AM",Kudos,Activity,18191217407
"Apr 21, 2026, 1:34:44 AM",Kudos,Activity,18183750709
"Apr 21, 2026, 1:34:58 AM",Kudos,Activity,18188137658
"Apr 21, 2026, 2:00:32 AM",Kudos,Activity,18191266596
"Apr 21, 2026, 2:00:35 AM",Kudos,Activity,18191634280
"Apr 21, 2026, 2:00:39 AM",Kudos,Activity,18191947212
"Apr 21, 2026, 3:29:49 PM",Kudos,Activity,18198119437
"Apr 21, 2026, 3:30:02 PM",Kudos,Activity,18197253947
"Apr 21, 2026, 3:30:12 PM",Kudos,Activity,18196879699
"Apr 21, 2026, 3:30:27 PM",Kudos,Activity,18195337251
"Apr 22, 2026, 1:58:00 AM",Kudos,Activity,18205859107
"Apr 22, 2026, 1:58:04 AM",Kudos,Activity,18205803906
"Apr 22, 2026, 1:58:10 AM",Kudos,Activity,18205744975
"Apr 22, 2026, 1:58:15 AM",Kudos,Activity,18205572597
"Apr 22, 2026, 1:58:17 AM",Kudos,Activity,18205399330
"Apr 22, 2026, 1:58:19 AM",Kudos,Activity,18205438486
"Apr 22, 2026, 1:58:21 AM",Kudos,Activity,18205333494
"Apr 22, 2026, 1:58:28 AM",Kudos,Activity,18205170753
"Apr 22, 2026, 1:58:34 AM",Kudos,Activity,18205035002
"Apr 22, 2026, 1:58:38 AM",Kudos,Activity,18204952091
"Apr 22, 2026, 1:58:41 AM",Kudos,Activity,18204895003
"Apr 22, 2026, 1:59:00 AM",Kudos,Activity,18204955813
"Apr 22, 2026, 1:59:07 AM",Kudos,Activity,18204612678
"Apr 22, 2026, 1:59:45 AM",Kudos,Activity,18203923583
"Apr 22, 2026, 1:59:47 AM",Kudos,Activity,18203642464
"Apr 22, 2026, 1:59:49 AM",Kudos,Activity,18203365908
"Apr 22, 2026, 2:00:09 AM",Kudos,Activity,18201646847
"Apr 22, 2026, 10:27:28 AM",Kudos,Activity,18206644615
"Apr 22, 2026, 10:27:33 AM",Kudos,Activity,18207291965
"Apr 22, 2026, 10:27:44 AM",Kudos,Activity,18206434714
"Apr 22, 2026, 10:27:51 AM",Kudos,Activity,18205353651
"Apr 23, 2026, 12:38:58 PM",Kudos,Activity,18225046118
"Apr 23, 2026, 12:39:14 PM",Kudos,Activity,18224735574
"Apr 23, 2026, 12:39:17 PM",Kudos,Activity,18224668481
"Apr 23, 2026, 12:39:20 PM",Kudos,Activity,18224024881
"Apr 23, 2026, 12:39:39 PM",Kudos,Activity,18224068629
"Apr 23, 2026, 12:39:56 PM",Kudos,Activity,18219700209
"Apr 23, 2026, 12:39:59 PM",Kudos,Activity,18219891332
"Apr 23, 2026, 12:40:49 PM",Kudos,Activity,18220456948
"Apr 23, 2026, 12:40:51 PM",Kudos,Activity,18219686980
"Apr 23, 2026, 12:40:54 PM",Kudos,Activity,18219768569
"Apr 23, 2026, 12:40:55 PM",Kudos,Activity,18219683582
"Apr 23, 2026, 12:41:18 PM",Kudos,Activity,18219598479
"Apr 23, 2026, 12:41:22 PM",Kudos,Activity,18220322521
"Apr 23, 2026, 12:41:25 PM",Kudos,Activity,18219505612
"Apr 23, 2026, 12:41:26 PM",Kudos,Activity,18219581176
"Apr 23, 2026, 12:41:30 PM",Kudos,Activity,18219410014
"Apr 23, 2026, 12:42:04 PM",Kudos,Activity,18218689484
"Apr 23, 2026, 12:42:17 PM",Kudos,Activity,18218621032
"Apr 23, 2026, 12:42:19 PM",Kudos,Activity,18218219846
"Apr 23, 2026, 12:42:23 PM",Kudos,Activity,18218006854
"Apr 23, 2026, 12:42:26 PM",Kudos,Activity,18218028735
"Apr 23, 2026, 12:42:29 PM",Kudos,Activity,18217057208
"Apr 23, 2026, 12:42:51 PM",Kudos,Activity,18213791439
"Apr 23, 2026, 12:42:53 PM",Kudos,Activity,18212552015
"Apr 23, 2026, 12:42:54 PM",Kudos,Activity,18212118776
"Apr 23, 2026, 12:43:00 PM",Kudos,Activity,18212056798
"Apr 23, 2026, 12:43:09 PM",Kudos,Activity,18211485847
"Apr 23, 2026, 12:43:13 PM",Kudos,Activity,18211547063
"Apr 23, 2026, 12:44:20 PM",Kudos,Activity,18211219657
"Apr 23, 2026, 12:44:24 PM",Kudos,Activity,18211194547
"Apr 23, 2026, 12:44:29 PM",Kudos,Activity,18211175872
"Apr 23, 2026, 12:45:06 PM",Kudos,Activity,18209957334
"Apr 23, 2026, 12:45:08 PM",Kudos,Activity,18209957243
"Apr 23, 2026, 12:45:10 PM",Kudos,Activity,18209837575
"Apr 23, 2026, 4:09:12 PM",Kudos,Activity,18225980673
"Apr 23, 2026, 4:09:17 PM",Kudos,Activity,18225748966
"Apr 24, 2026, 1:20:54 AM",Kudos,Activity,18233066113
"Apr 24, 2026, 1:21:13 AM",Kudos,Activity,18232803667
"Apr 24, 2026, 1:37:19 AM",Kudos,Activity,18233598977
"Apr 24, 2026, 11:56:31 AM",Kudos,Activity,18237810973
"Apr 24, 2026, 11:56:37 AM",Kudos,Activity,18237734238
"Apr 24, 2026, 11:56:39 AM",Kudos,Activity,18237706956
"Apr 24, 2026, 2:25:54 PM",Kudos,Activity,18239108591
"Apr 24, 2026, 2:25:57 PM",Kudos,Activity,18239000860
"Apr 24, 2026, 2:26:06 PM",Kudos,Activity,18238936793
"Apr 24, 2026, 2:26:07 PM",Kudos,Activity,18238705623
"Apr 24, 2026, 2:26:41 PM",Kudos,Activity,18238574735
"Apr 24, 2026, 2:26:46 PM",Kudos,Activity,18238960835
"Apr 24, 2026, 2:26:48 PM",Kudos,Activity,18238465291
"Apr 24, 2026, 2:26:51 PM",Kudos,Activity,18238446570
"Apr 24, 2026, 2:26:52 PM",Kudos,Activity,18238684804
"Apr 24, 2026, 2:26:55 PM",Kudos,Activity,18238377554
"Apr 24, 2026, 2:26:59 PM",Kudos,Activity,18238263026
"Apr 24, 2026, 2:27:03 PM",Kudos,Activity,18238282973
"Apr 24, 2026, 2:27:07 PM",Kudos,Activity,18239266836
"Apr 24, 2026, 2:27:16 PM",Kudos,Activity,18238153783
"Apr 24, 2026, 7:18:31 PM",Kudos,Activity,18242219766
"Apr 24, 2026, 7:18:42 PM",Kudos,Activity,18240813983
"Apr 24, 2026, 7:18:44 PM",Kudos,Activity,18240788993
"Apr 25, 2026, 3:13:47 AM",Kudos,Activity,18245033607
"Apr 25, 2026, 3:14:16 AM",Kudos,Activity,18244988593
"Apr 25, 2026, 3:14:18 AM",Kudos,Activity,18244814067
"Apr 25, 2026, 3:14:21 AM",Kudos,Activity,18244131996
"Apr 25, 2026, 3:14:26 AM",Kudos,Activity,18244312192
"Apr 25, 2026, 3:14:30 AM",Kudos,Activity,18243570679
"Apr 25, 2026, 3:14:34 AM",Kudos,Activity,18243491382
"Apr 25, 2026, 3:25:24 AM",Kudos,Activity,18245421400
"Apr 25, 2026, 4:54:00 PM",Kudos,Activity,18255028923
"Apr 25, 2026, 4:54:14 PM",Kudos,Activity,18254582139
"Apr 25, 2026, 4:54:38 PM",Kudos,Activity,18254476308
"Apr 25, 2026, 4:54:42 PM",Kudos,Activity,18254381279
"Apr 25, 2026, 4:54:50 PM",Kudos,Activity,18254766514
"Apr 25, 2026, 4:54:59 PM",Kudos,Activity,18253708325
"Apr 25, 2026, 4:55:03 PM",Kudos,Activity,18253644657
"Apr 25, 2026, 4:55:15 PM",Kudos,Activity,18253620239
"Apr 25, 2026, 4:55:28 PM",Kudos,Activity,18253705196
"Apr 25, 2026, 4:56:05 PM",Kudos,Activity,18253459394
"Apr 25, 2026, 4:56:18 PM",Kudos,Activity,18253505544
"Apr 25, 2026, 4:56:36 PM",Kudos,Activity,18253300525
"Apr 25, 2026, 4:56:53 PM",Kudos,Activity,18253906500
"Apr 25, 2026, 4:57:06 PM",Kudos,Activity,18253189030
"Apr 25, 2026, 4:57:15 PM",Kudos,Activity,18253009326
"Apr 25, 2026, 4:57:17 PM",Kudos,Activity,18253499275
"Apr 25, 2026, 4:57:23 PM",Kudos,Activity,18253165920
"Apr 25, 2026, 4:57:36 PM",Kudos,Activity,18253781651
"Apr 25, 2026, 4:57:44 PM",Kudos,Activity,18252836327
"Apr 25, 2026, 4:57:47 PM",Kudos,Activity,18252791411
"Apr 25, 2026, 4:57:53 PM",Kudos,Activity,18252699466
"Apr 25, 2026, 4:57:56 PM",Kudos,Activity,18252377293
"Apr 25, 2026, 4:58:01 PM",Kudos,Activity,18252158533
"Apr 25, 2026, 4:58:04 PM",Kudos,Activity,18251705032
"Apr 25, 2026, 4:58:06 PM",Kudos,Activity,18251658181
"Apr 25, 2026, 4:58:14 PM",Kudos,Activity,18251166031
"Apr 25, 2026, 5:19:38 PM",Kudos,Activity,18255270356
"Apr 25, 2026, 5:19:59 PM",Kudos,Activity,18254251601
"Apr 25, 2026, 9:26:46 PM",Kudos,Activity,18257222520
"Apr 25, 2026, 9:26:56 PM",Kudos,Activity,18256546922
"Apr 25, 2026, 9:27:03 PM",Kudos,Activity,18257074364
"Apr 25, 2026, 9:27:27 PM",Kudos,Activity,18256119034
"Apr 26, 2026, 4:46:31 PM",Kudos,Activity,18268556447
"Apr 26, 2026, 7:27:23 PM",Kudos,Activity,18270818284
"Apr 26, 2026, 7:36:46 PM",Kudos,Activity,18271025578
"Apr 26, 2026, 7:36:48 PM",Kudos,Activity,18270876914
"Apr 26, 2026, 7:36:50 PM",Kudos,Activity,18270473147
"Apr 26, 2026, 7:36:57 PM",Kudos,Activity,18269979739
"Apr 26, 2026, 8:29:52 PM",Kudos,Activity,18271116972
"Apr 27, 2026, 2:04:31 AM",Kudos,Activity,18273327546
"Apr 27, 2026, 2:04:34 AM",Kudos,Activity,18273344134
"Apr 27, 2026, 2:04:54 AM",Kudos,Activity,18273027270
"Apr 27, 2026, 2:04:57 AM",Kudos,Activity,18272910630
"Apr 27, 2026, 2:05:02 AM",Kudos,Activity,18273165121
"Apr 27, 2026, 2:05:06 AM",Kudos,Activity,18273052603
"Apr 27, 2026, 2:05:11 AM",Kudos,Activity,18273027110
"Apr 27, 2026, 2:05:25 AM",Kudos,Activity,18272532154
"Apr 27, 2026, 2:05:30 AM",Kudos,Activity,18272513488
"Apr 27, 2026, 2:05:34 AM",Kudos,Activity,18273054770
"Apr 27, 2026, 2:05:38 AM",Kudos,Activity,18272460053
"Apr 27, 2026, 2:05:42 AM",Kudos,Activity,18272381857
"Apr 27, 2026, 2:05:45 AM",Kudos,Activity,18272338571
"Apr 27, 2026, 2:05:51 AM",Kudos,Activity,18272194191
"Apr 27, 2026, 2:05:57 AM",Kudos,Activity,18271847422
"Apr 27, 2026, 2:05:59 AM",Kudos,Activity,18271722097
"Apr 27, 2026, 2:06:03 AM",Kudos,Activity,18271154781
"Apr 28, 2026, 12:46:56 AM",Kudos,Activity,18285876034
"Apr 28, 2026, 12:47:03 AM",Kudos,Activity,18285924671
"Apr 28, 2026, 12:47:13 AM",Kudos,Activity,18285900077
"Apr 28, 2026, 12:47:17 AM",Kudos,Activity,18285729544
"Apr 28, 2026, 12:47:34 AM",Kudos,Activity,18285724520
"Apr 28, 2026, 12:47:38 AM",Kudos,Activity,18285990897
"Apr 28, 2026, 12:49:20 AM",Kudos,Activity,18285838413
"Apr 28, 2026, 12:49:31 AM",Kudos,Activity,18285757369
"Apr 28, 2026, 12:49:41 AM",Kudos,Activity,18285711651
"Apr 28, 2026, 12:49:45 AM",Kudos,Activity,18285749712
"Apr 28, 2026, 12:49:50 AM",Kudos,Activity,18285455950
"Apr 28, 2026, 12:49:56 AM",Kudos,Activity,18285286404
"Apr 28, 2026, 12:50:10 AM",Kudos,Activity,18284529808
"Apr 28, 2026, 12:50:21 AM",Kudos,Activity,18283079705
"Apr 28, 2026, 12:59:19 AM",Kudos,Activity,18286087596
"Apr 28, 2026, 12:59:24 AM",Kudos,Activity,18286045326
"Apr 28, 2026, 12:59:32 AM",Kudos,Post,45158534
"Apr 28, 2026, 1:47:58 AM",Kudos,Activity,18286063971
"Apr 28, 2026, 10:07:58 AM",Kudos,Activity,18286646868
"Apr 28, 2026, 12:05:04 PM",Kudos,Activity,18291028850
"Apr 28, 2026, 12:05:05 PM",Kudos,Activity,18290845316
"Apr 28, 2026, 12:05:08 PM",Kudos,Activity,18290058470
"Apr 28, 2026, 12:05:12 PM",Kudos,Activity,18286727495
"Apr 29, 2026, 12:35:49 AM",Kudos,Activity,18299449075
"Apr 29, 2026, 12:35:52 AM",Kudos,Activity,18299273436
"Apr 29, 2026, 12:35:53 AM",Kudos,Activity,18299008067
"Apr 29, 2026, 12:35:56 AM",Kudos,Activity,18298990848
"Apr 29, 2026, 12:36:05 AM",Kudos,Activity,18298620633
"Apr 29, 2026, 12:36:08 AM",Kudos,Activity,18298499052
"Apr 29, 2026, 12:36:09 AM",Kudos,Activity,18298375516
"Apr 29, 2026, 12:36:10 AM",Kudos,Activity,18298215776
"Apr 29, 2026, 12:36:15 AM",Kudos,Activity,18298112398
"Apr 29, 2026, 12:36:17 AM",Kudos,Activity,18297997171
"Apr 29, 2026, 12:36:21 AM",Kudos,Activity,18297269684
"Apr 29, 2026, 12:36:28 AM",Kudos,Activity,18295932079
"Apr 29, 2026, 12:36:33 AM",Kudos,Activity,18294306615
"Apr 29, 2026, 12:36:41 AM",Kudos,Activity,18293304342
"Apr 29, 2026, 12:36:45 AM",Kudos,Activity,18293317206
"Apr 29, 2026, 12:36:53 AM",Kudos,Activity,18291806085
"Apr 29, 2026, 12:37:03 AM",Kudos,Activity,18291484781
"Apr 29, 2026, 12:37:05 AM",Kudos,Activity,18291994426
"Apr 29, 2026, 10:16:43 AM",Kudos,Activity,18300849962
"Apr 29, 2026, 10:16:44 AM",Kudos,Activity,18300383101
"Apr 29, 2026, 10:16:47 AM",Kudos,Activity,18300185003
"Apr 29, 2026, 10:16:48 AM",Kudos,Activity,18300141607
"Apr 29, 2026, 12:15:20 PM",Kudos,Activity,18305142943
"Apr 29, 2026, 2:42:40 PM",Kudos,Activity,18306704967
"Apr 29, 2026, 2:42:41 PM",Kudos,Activity,18306475698
"Apr 29, 2026, 2:42:44 PM",Kudos,Activity,18306217346
"Apr 29, 2026, 2:42:49 PM",Kudos,Activity,18305590944
"Apr 29, 2026, 2:42:50 PM",Kudos,Activity,18305412192
"Apr 29, 2026, 2:42:53 PM",Kudos,Activity,18306562701
"Apr 29, 2026, 2:43:00 PM",Kudos,Activity,18305140907
"Apr 29, 2026, 2:43:03 PM",Kudos,Activity,18305206040
"Apr 29, 2026, 2:48:01 PM",Kudos,Activity,18306862158
"Apr 29, 2026, 4:21:35 PM",Kudos,Activity,18306893199
"Apr 29, 2026, 4:42:47 PM",Kudos,Activity,18307008915
"Apr 29, 2026, 11:21:14 PM",Kudos,Activity,18312761490
"Apr 29, 2026, 11:21:20 PM",Kudos,Activity,18312737252
"Apr 29, 2026, 11:21:23 PM",Kudos,Activity,18312708488
"Apr 29, 2026, 11:21:51 PM",Kudos,Activity,18312658780
"Apr 29, 2026, 11:21:54 PM",Kudos,Activity,18312379911
"Apr 29, 2026, 11:21:56 PM",Kudos,Activity,18312369437
"Apr 29, 2026, 11:22:05 PM",Kudos,Activity,18312062540
"Apr 29, 2026, 11:22:08 PM",Kudos,Activity,18312047435
"Apr 29, 2026, 11:22:22 PM",Kudos,Activity,18312026261
"Apr 29, 2026, 11:22:29 PM",Kudos,Activity,18311587572
"Apr 29, 2026, 11:22:30 PM",Kudos,Activity,18311568569
"Apr 30, 2026, 12:24:09 AM",Kudos,Activity,18313187228
"Apr 30, 2026, 12:24:12 AM",Kudos,Activity,18313158207
"Apr 30, 2026, 12:50:42 AM",Kudos,Activity,18313437820
"Apr 30, 2026, 12:50:46 AM",Kudos,Activity,18313526059
"Apr 30, 2026, 12:50:50 AM",Kudos,Activity,18313459836
"Apr 30, 2026, 12:50:55 AM",Kudos,Activity,18313430482
"Apr 30, 2026, 12:50:58 AM",Kudos,Activity,18313420989
"Apr 30, 2026, 12:51:00 AM",Kudos,Activity,18313354107
"Apr 30, 2026, 12:51:04 AM",Kudos,Activity,18313329291
"Apr 30, 2026, 1:06:18 AM",Kudos,Activity,18313643913
"Apr 30, 2026, 1:19:38 AM",Kudos,Activity,18313722219
"Apr 30, 2026, 2:41:58 AM",Kudos,Activity,18314089240
"Apr 30, 2026, 2:42:04 AM",Kudos,Activity,18314039712
"Apr 30, 2026, 2:42:09 AM",Kudos,Activity,18313514049
"Apr 30, 2026, 12:41:45 PM",Kudos,Activity,18318440863
"Apr 30, 2026, 12:41:48 PM",Kudos,Activity,18318325975
"Apr 30, 2026, 12:41:51 PM",Kudos,Activity,18318156588
"Apr 30, 2026, 12:41:54 PM",Kudos,Activity,18318085903
"Apr 30, 2026, 12:42:03 PM",Kudos,Activity,18317625612
"Apr 15, 2023, 9:47:28 PM",Like,Comment,1510843415
"Apr 19, 2023, 1:45:20 PM",Like,Comment,1514251441
"May 2, 2023, 1:06:49 PM",Like,Comment,1524712864
"May 13, 2023, 4:49:00 PM",Like,Comment,1533173091
"May 20, 2023, 12:28:24 AM",Like,Comment,1538120893
"May 20, 2023, 12:48:53 AM",Like,Comment,1538129678
"May 27, 2023, 4:48:10 PM",Like,Comment,1544206392
"May 27, 2023, 4:48:07 PM",Like,Comment,1544170688
"Aug 6, 2024, 2:31:19 AM",Like,Comment,1874749590
"Mar 9, 2025, 11:51:02 PM",Like,Comment,2065967098
"Mar 10, 2025, 10:40:00 PM",Like,Comment,2066766534
"Mar 13, 2025, 12:11:25 AM",Like,Comment,2068320850
"Apr 1, 2025, 2:16:13 PM",Like,Comment,2088404296
"Apr 13, 2025, 7:55:58 PM",Like,Comment,2102937719
"Apr 26, 2025, 7:09:15 PM",Like,Comment,2116327372
"Apr 26, 2025, 7:09:16 PM",Like,Comment,2116483091
"Apr 26, 2025, 7:09:18 PM",Like,Comment,2116540049
"Apr 27, 2025, 1:11:47 PM",Like,Comment,2117705601
"May 6, 2025, 3:05:33 AM",Like,Comment,2132369521
"May 6, 2025, 12:55:01 PM",Like,Comment,2132861511
"May 27, 2025, 2:09:57 AM",Like,Comment,2159606101
"Jun 4, 2025, 2:04:44 AM",Like,Comment,2168257883
"Jun 5, 2025, 12:02:38 PM",Like,Comment,2169166125
"Jun 11, 2025, 4:59:30 PM",Like,Comment,2176396929
"Jun 25, 2025, 12:09:00 PM",Like,Comment,2190576680
"Jun 26, 2025, 12:53:20 AM",Like,Comment,2191299077
"Jun 27, 2025, 12:57:59 PM",Like,Comment,2192376569
"Jun 27, 2025, 2:43:20 PM",Like,Comment,2192413046
"Jun 28, 2025, 9:15:25 PM",Like,Comment,2193907272
"Jun 30, 2025, 10:54:01 AM",Like,Comment,2195616768
"Jun 30, 2025, 1:03:33 PM",Like,Comment,2195895657
"Jul 7, 2025, 4:16:45 AM",Like,Comment,2202871511
"Jul 11, 2025, 1:43:19 AM",Like,Comment,2206199841
"Jul 11, 2025, 9:46:32 AM",Like,Comment,2205265990
"Jul 11, 2025, 9:46:24 AM",Like,Comment,2204778307
"Jul 11, 2025, 12:17:08 PM",Like,Comment,2206493108
"Jul 14, 2025, 1:03:35 PM",Like,Comment,2210295888
"Jul 14, 2025, 1:51:53 PM",Like,Comment,2210333441
"Jul 14, 2025, 2:46:32 PM",Like,Comment,2210373704
"Jul 14, 2025, 5:28:45 PM",Like,Comment,2210406080
"Jul 14, 2025, 6:51:43 PM",Like,Comment,2210541931
"Jul 17, 2025, 1:46:32 AM",Like,Comment,2212593620
"Jul 17, 2025, 2:05:22 PM",Like,Comment,2212962788
"Jul 18, 2025, 2:41:26 PM",Like,Comment,2213850111
"Jul 19, 2025, 5:32:47 PM",Like,Comment,2215203078
"Jul 21, 2025, 11:41:51 AM",Like,Comment,2217641748
"Jul 21, 2025, 12:47:54 PM",Like,Comment,2217683484
"Jul 21, 2025, 12:47:52 PM",Like,Comment,2217683392
"Jul 22, 2025, 1:20:00 AM",Like,Comment,2218226543
"Jul 28, 2025, 9:51:14 PM",Like,Comment,2225651850
"Jul 29, 2025, 10:56:55 AM",Like,Comment,2226303954
"Jul 29, 2025, 5:58:28 PM",Like,Comment,2226641191
"Aug 9, 2025, 10:28:37 PM",Like,Comment,2238377284
"Aug 9, 2025, 10:28:37 PM",Like,Comment,2238352206
"Aug 10, 2025, 9:44:43 AM",Like,Comment,2238667717
"Aug 10, 2025, 4:00:10 PM",Like,Comment,2239664250
"Aug 14, 2025, 3:52:35 PM",Like,Comment,2243552717
"Aug 14, 2025, 4:02:19 PM",Like,Comment,2243555102
"Aug 14, 2025, 4:02:25 PM",Like,Comment,2243567198
"Aug 14, 2025, 4:02:21 PM",Like,Comment,2243561444
"Aug 14, 2025, 6:20:33 PM",Like,Comment,2243707397
"Aug 14, 2025, 10:33:57 PM",Like,Comment,2243943614
"Aug 14, 2025, 10:34:00 PM",Like,Comment,2243742980
"Aug 19, 2025, 9:26:10 PM",Like,Comment,2249438263
"Aug 21, 2025, 5:30:56 PM",Like,Comment,2251065758
"Aug 21, 2025, 5:30:55 PM",Like,Comment,2251065473
"Aug 23, 2025, 10:25:36 PM",Like,Comment,2253440554
"Aug 27, 2025, 12:17:57 AM",Like,Comment,2256885661
"Aug 29, 2025, 3:01:38 PM",Like,Comment,2258959726
"Aug 30, 2025, 6:11:23 PM",Like,Comment,2260326345
"Aug 30, 2025, 10:35:19 PM",Like,Comment,2260604710
"Aug 31, 2025, 11:28:14 PM",Like,Comment,2262027191
"Aug 31, 2025, 11:28:13 PM",Like,Comment,2261885943
"Sep 11, 2025, 1:12:26 AM",Like,Comment,2272656169
"Sep 12, 2025, 2:31:14 AM",Like,Comment,2273468919
"Sep 13, 2025, 5:54:28 PM",Like,Comment,2274936732
"Sep 16, 2025, 11:27:47 AM",Like,Comment,2278539836
"Sep 19, 2025, 11:52:50 AM",Like,Comment,2280969453
"Sep 20, 2025, 5:31:25 PM",Like,Comment,2282323700
"Sep 20, 2025, 8:36:24 PM",Like,Comment,2282597602
"Sep 29, 2025, 9:32:03 PM",Like,Comment,2292666352
"Oct 11, 2025, 1:39:33 AM",Like,Comment,2303414481
"Oct 17, 2025, 9:40:07 PM",Like,Comment,2310847939
"Oct 17, 2025, 9:40:04 PM",Like,Comment,2310841898
"Oct 18, 2025, 11:16:12 PM",Like,Comment,2312222641
"Oct 18, 2025, 11:16:11 PM",Like,Comment,2312199872
"Oct 19, 2025, 12:00:42 PM",Like,Comment,2312952648
"Oct 19, 2025, 12:09:45 PM",Like,Comment,2312984528
"Oct 19, 2025, 12:09:44 PM",Like,Comment,2312981398
"Oct 19, 2025, 1:26:33 PM",Like,Comment,2313166617
"Oct 20, 2025, 10:12:06 AM",Like,Comment,2314611018
"Oct 21, 2025, 1:25:45 AM",Like,Comment,2314944154
"Oct 24, 2025, 11:55:09 AM",Like,Comment,2317056037
"Oct 25, 2025, 3:18:21 PM",Like,Comment,2318327199
"Oct 25, 2025, 3:20:55 PM",Like,Comment,2318375297
"Oct 25, 2025, 3:23:52 PM",Like,Comment,2318379432
"Oct 25, 2025, 3:18:22 PM",Like,Comment,2318341490
"Oct 25, 2025, 3:23:51 PM",Like,Comment,2318378824
"Oct 25, 2025, 4:01:22 PM",Like,Comment,2318428163
"Oct 25, 2025, 7:11:17 PM",Like,Comment,2318660651
"Nov 24, 2025, 12:26:31 AM",Like,Comment,2346567877
"Dec 27, 2025, 8:20:50 PM",Like,Comment,2393223069
"Mar 31, 2026, 10:05:46 AM",Like,Comment,2489999119
"Apr 14, 2026, 6:04:05 PM",Like,Comment,2508838806
"Apr 14, 2026, 6:04:05 PM",Like,Comment,2508466457
"Apr 14, 2026, 6:04:06 PM",Like,Comment,2509026017
"Apr 18, 2026, 12:06:59 AM",Like,Comment,2512595084
"Apr 26, 2026, 9:34:24 PM",Like,Comment,2527107295
"Apr 30, 2026, 12:59:10 AM",Like,Comment,2530679931
"Apr 30, 2026, 2:05:00 AM",Like,Comment,2530704341
